GameId,TeamId,PlayerId,Minutes,FieldGoalsMade,FieldGoalAttempts,3PointsMade,3PointAttempts,FreeThrowsMade,FreeThrowAttempts,PlusMinus,OffensiveRebounds,DefensiveRebounds,TotalRebounds,Assists,PersonalFouls,Steals,Turnovers,BlockedShots,BlocksAgainst,Points,Starter,random_value,add_numerical
1,7,78,2605,5,14,3,3,0,0,12,0,3,3,4,2,1,1,0,0,13,1,0.3660826165949298,1
1,7,79,2359,11,19,3,3,8,8,13,0,8,8,3,2,3,3,1,0,34,1,0.7135190569315564,4
1,7,80,2104,6,7,3,3,3,8,18,2,7,9,1,3,1,1,2,0,15,1,0.0011017392511607493,3
1,7,81,1392,1,5,3,3,0,0,3,0,2,2,0,4,1,0,0,0,2,1,0.027144597576003182,1
1,7,82,2124,5,8,3,3,1,2,5,0,3,3,6,1,1,4,0,0,12,1,0.965166285876554,1
1,7,83,1880,3,9,3,3,3,4,5,0,2,2,2,3,0,0,0,0,10,0,0.9389429593844207,0
1,7,84,1009,0,3,3,3,0,0,5,1,3,4,2,0,1,0,0,0,0,0,0.0694794773302696,1
1,7,85,773,2,4,3,3,2,2,-12,0,6,6,0,3,0,0,3,0,6,0,0.028804362325049904,3
1,7,86,77,0,1,3,3,0,0,-2,0,0,0,0,0,0,0,0,0,0,0,0.9982538870483115,0
1,7,87,77,0,0,3,3,0,0,-2,0,1,1,0,0,0,0,0,0,0,0,0.08667652447988283,0
1,7,88,0,0,0,3,3,0,0,0,0,0,0,0,0,0,0,0,0,0,0,0.03297718503457037,0
1,7,89,0,0,0,3,3,0,0,0,0,0,0,0,0,0,0,0,0,0,0,0.4457525798680202,0
1,8,90,1680,5,9,3,3,0,0,-5,0,2,2,3,2,0,0,0,0,11,1,0.09928038137411965,0
1,8,91,1874,2,5,3,3,0,0,-13,2,8,10,2,4,2,0,0,0,5,1,0.16102264459294002,2
1,8,92,1294,6,14,3,3,1,3,-4,8,5,13,0,4,0,0,0,3,13,1,0.5960189618522805,0
1,8,93,2362,5,14,3,3,5,8,-7,0,2,2,1,1,1,2,0,0,18,1,0.07886380427653761,1
1,8,94,1876,2,8,3,3,0,0,-8,1,3,4,3,3,0,3,0,1,5,1,0.41663542013641597,0
1,8,95,1506,5,11,3,3,2,2,-4,2,4,6,0,3,0,0,0,1,12,0,0.4037577787155948,0
1,8,96,2052,7,12,3,3,1,2,-4,1,6,7,4,3,1,5,0,0,17,0,0.34475561991899206,1
1,8,97,1084,0,8,3,3,0,0,-2,0,3,3,1,1,0,0,0,0,0,0,0.3376739982013993,0
1,8,98,518,0,3,3,3,0,0,-2,0,1,1,1,2,1,1,0,1,0,0,0.508058060870453,1
1,8,99,77,1,1,3,3,0,0,2,2,0,2,0,0,0,0,0,0,2,0,0.026389435228642566,0
1,8,100,77,0,0,3,3,0,0,2,0,0,0,0,0,0,0,0,0,0,0,0.9000437272895175,0
1,8,101,0,0,0,3,3,0,0,0,0,0,0,0,0,0,0,0,0,0,0,0.22455733065733396,0
1,8,102,0,0,0,3,3,0,0,0,0,0,0,0,0,0,0,0,0,0,0,0.0781094380285734,0
2,9,103,1742,0,4,3,3,1,2,-6,2,2,4,1,3,0,1,1,0,1,1,0.9892229222767682,1
2,9,104,2049,8,15,3,3,4,8,1,2,9,11,3,4,1,2,0,2,20,1,0.09601086570223594,1
2,9,105,1991,6,19,3,3,1,3,-6,4,4,8,2,2,0,2,1,1,13,1,0.33317310341706574,1
2,9,106,2048,6,12,3,3,4,6,2,2,5,7,3,2,0,0,0,0,19,1,0.6569779084084663,0
2,9,107,1823,9,15,3,3,0,0,-7,2,0,2,2,1,1,2,0,0,19,1,0.16803238358604344,1
2,9,108,1057,4,7,3,3,0,0,7,1,1,2,3,2,1,3,0,0,9,0,0.26595977532990644,1
2,9,109,580,1,1,3,3,1,1,3,0,1,1,1,2,0,0,0,0,3,0,0.6473894778097535,0
2,9,110,1029,1,2,3,3,0,0,6,0,2,2,0,0,0,1,0,0,2,0,0.8499953018409704,0
2,9,111,1140,2,7,3,3,2,3,2,4,2,6,0,2,1,0,1,0,6,0,0.3191683802541916,2
2,9,112,941,1,3,3,3,0,0,-2,0,0,0,2,1,3,0,0,0,2,0,0.8003997910267643,3
2,9,113,0,0,0,3,3,0,0,0,0,0,0,0,0,0,0,0,0,0,0,0.5032480493337853,0
2,9,114,0,0,0,3,3,0,0,0,0,0,0,0,0,0,0,0,0,0,0,0.6645635789863471,0
2,9,115,0,0,0,3,3,0,0,0,0,0,0,0,0,0,0,0,0,0,0,0.8753937623750001,0
2,10,116,1059,1,2,3,3,0,0,-8,0,3,3,0,1,0,1,0,0,3,1,0.5536963898907387,0
2,10,117,1908,6,14,3,3,5,9,8,5,3,8,2,2,3,2,1,2,17,1,0.2686140754910382,4
2,10,118,1895,9,15,3,3,5,7,0,2,8,10,1,5,0,2,1,1,23,1,0.17744363807457464,1
2,10,119,2414,6,13,3,3,0,0,11,2,7,9,4,2,2,2,0,0,13,1,0.8268122414764952,2
2,10,120,2371,3,9,3,3,2,4,-1,0,5,5,6,2,0,2,0,0,8,1,0.8216069612866885,0
2,10,121,973,2,5,3,3,0,0,-8,1,1,2,0,2,0,1,0,0,5,0,0.610311657616618,0
2,10,122,1029,2,3,3,3,0,0,-6,0,3,3,1,2,0,1,0,0,5,0,0.656227148523606,0
2,10,123,1766,4,8,3,3,0,0,4,0,0,0,6,1,1,2,0,0,10,0,0.8124118309727899,1
2,10,124,984,3,4,3,3,2,4,0,1,2,3,0,6,1,1,1,0,8,0,0.2004083436994849,2
2,10,125,0,0,0,3,3,0,0,0,0,0,0,0,0,0,0,0,0,0,0,0.5696512909841054,0
2,10,126,0,0,0,3,3,0,0,0,0,0,0,0,0,0,0,0,0,0,0,0.3362265409170102,0
2,10,127,0,0,0,3,3,0,0,0,0,0,0,0,0,0,0,0,0,0,0,0.5544148787645701,0
2,10,128,0,0,0,3,3,0,0,0,0,0,0,0,0,0,0,0,0,0,0,0.27434944171788844,0
3,11,129,2388,7,18,3,3,7,8,13,3,2,5,5,2,0,3,0,1,22,1,0.6139187128153021,0
3,11,130,1388,1,1,3,3,1,2,13,2,10,12,0,5,1,3,0,0,3,1,0.4957867464442137,1
3,11,131,2246,13,18,3,3,9,12,23,3,11,14,3,3,1,3,2,3,35,1,0.6551700804613666,3
3,11,132,2302,5,11,3,3,3,4,15,2,3,5,1,1,0,4,1,0,14,1,0.7880173407917864,1
3,11,133,2636,9,19,3,3,3,5,12,0,2,2,10,3,2,1,0,2,22,1,0.06685793452971567,2
3,11,134,1017,1,6,3,3,0,0,-15,0,1,1,1,1,2,0,0,0,2,0,0.014729351830407134,2
3,11,135,538,1,2,3,3,0,0,-15,0,0,0,0,0,0,1,0,1,2,0,0.995922163705588,0
3,11,136,253,1,3,3,3,0,0,-9,1,0,1,0,1,0,0,0,1,2,0,0.46492086511675346,0
3,11,137,554,0,2,3,3,0,0,-10,0,2,2,0,2,0,2,0,2,0,0,0.7964414629226755,0
3,11,138,1080,0,0,3,3,0,0,-2,4,1,5,0,1,1,1,0,0,0,0,0.9024789279762833,1
3,11,139,0,0,0,3,3,0,0,0,0,0,0,0,0,0,0,0,0,0,0,0.394339828586187,0
3,11,140,0,0,0,3,3,0,0,0,0,0,0,0,0,0,0,0,0,0,0,0.7158789753222974,0
3,12,141,1149,1,1,3,3,2,2,-14,0,2,2,0,2,3,0,0,0,4,1,0.16009673640605615,3
3,12,142,2261,5,13,3,3,12,14,-20,2,6,8,4,3,2,1,4,0,22,1,0.11374522891577044,6
3,12,143,829,1,1,3,3,2,3,-14,0,0,0,0,4,0,0,0,0,4,1,0.01774632926138575,0
3,12,144,1535,7,15,3,3,1,2,-16,0,2,2,4,3,2,4,0,1,15,1,0.2988858485687267,2
3,12,145,1313,4,12,3,3,0,0,-15,0,1,1,2,1,0,1,0,1,9,1,0.5969076745066989,0
3,12,146,1730,3,4,3,3,0,0,12,0,3,3,1,2,1,1,1,0,6,0,0.4803468610606384,2
3,12,147,500,0,3,3,3,0,0,-7,1,0,1,0,4,0,1,0,0,0,0,0.890676808073716,0
3,12,148,1430,2,5,3,3,2,4,9,0,1,1,9,3,0,3,0,1,6,0,0.5401132140934565,0
3,12,149,1695,9,13,3,3,1,1,14,0,3,3,1,1,2,0,0,0,23,0,0.8556233349162379,2
3,12,150,1686,4,4,3,3,0,0,19,0,7,7,1,3,1,2,5,0,8,0,0.3524074437292397,6
3,12,151,272,0,2,3,3,0,0,7,0,2,2,0,0,0,0,0,0,0,0,0.16146558087030172,0
3,12,152,0,0,0,3,3,0,0,0,0,0,0,0,0,0,0,0,0,0,0,0.040138006977006535,0
3,12,153,0,0,0,3,3,0,0,0,0,0,0,0,0,0,0,0,0,0,0,0.4548875379743088,0
4,13,154,2056,7,14,3,3,2,2,16,1,5,6,3,3,2,1,0,2,19,1,0.028170671801282077,2
4,13,155,2129,6,10,3,3,2,2,17,0,4,4,3,4,0,1,0,0,16,1,0.98941841634433,0
4,13,156,2408,4,6,3,3,3,8,14,10,14,24,0,2,0,5,4,0,11,1,0.5789757614119379,4
4,13,157,2602,9,17,3,3,8,8,15,1,2,3,7,1,1,6,0,1,28,1,0.676974144517509,1
4,13,158,2281,6,16,3,3,8,8,16,1,6,7,9,4,3,3,0,1,22,1,0.9790613758875708,3
4,13,159,691,2,5,3,3,0,0,-4,0,2,2,0,0,0,0,0,0,6,0,0.15935884081959495,0
4,13,160,877,3,9,3,3,0,0,-11,0,0,0,1,3,0,1,0,0,6,0,0.41685918175603853,0
4,13,161,824,1,5,3,3,0,0,-6,0,2,2,0,1,1,1,0,0,3,0,0.6922563631493166,1
4,13,162,318,0,0,3,3,1,2,-2,0,1,1,0,0,1,0,0,0,1,0,0.5993923163016163,1
4,13,163,214,0,0,3,3,2,2,-5,0,0,0,0,0,0,0,0,0,2,0,0.5153967448673313,0
4,13,164,0,0,0,3,3,0,0,0,0,0,0,0,0,0,0,0,0,0,0,0.7128702191594958,0
4,13,165,0,0,0,3,3,0,0,0,0,0,0,0,0,0,0,0,0,0,0,0.41997434364317965,0
4,13,166,0,0,0,3,3,0,0,0,0,0,0,0,0,0,0,0,0,0,0,0.40425375595752666,0
4,14,167,1246,4,8,3,3,0,0,-22,0,1,1,1,1,1,1,2,0,9,1,0.9455798881772699,3
4,14,168,1762,8,21,3,3,2,3,-30,5,8,13,4,1,1,4,0,0,20,1,0.05257075530956523,1
4,14,170,1816,4,14,3,3,2,2,-21,0,2,2,0,2,0,0,0,0,12,1,0.2617831662435106,0
4,14,171,1659,1,6,3,3,0,0,-32,1,1,2,7,1,1,5,0,0,3,1,0.26093945278655717,1
4,14,172,1162,4,4,3,3,6,6,-4,3,1,4,3,4,3,1,1,0,14,0,0.21643192703593872,4
4,14,173,1462,2,10,3,3,0,0,19,0,3,3,8,5,0,2,0,1,4,0,0.29868406570803185,0
4,14,174,1144,4,8,3,3,0,0,5,3,3,6,2,1,0,2,0,0,8,0,0.17321549175277606,0
4,14,175,1634,5,8,3,3,1,1,12,0,5,5,1,2,2,1,1,1,12,0,0.7925196021487398,3
4,14,176,1382,4,8,3,3,0,0,16,0,2,2,3,3,1,1,0,1,11,0,0.15948929030630232,1
4,14,177,720,5,6,3,3,1,2,12,0,3,3,1,2,0,0,0,0,11,0,0.2933802014454293,0
4,14,178,0,0,0,3,3,0,0,0,0,0,0,0,0,0,0,0,0,0,0,0.618365585562971,0
4,14,179,0,0,0,3,3,0,0,0,0,0,0,0,0,0,0,0,0,0,0,0.9852667404291259,0
4,14,392,413,0,3,3,3,0,0,-5,0,1,1,0,1,0,0,0,1,0,1,0.14042949566086238,0
5,15,180,2380,4,13,3,3,0,0,-12,0,2,2,1,4,2,4,0,0,9,1,0.061111831399095706,2
5,15,181,1888,7,10,3,3,4,4,-6,3,6,9,3,1,0,2,4,0,18,1,0.18052061634643013,4
5,15,182,1523,5,7,3,3,1,2,-29,1,2,3,1,2,1,2,0,1,11,1,0.460100468279074,1
5,15,183,824,0,5,3,3,1,1,-6,0,2,2,3,0,0,0,0,1,1,1,0.4302706768881661,0
5,15,184,1980,6,14,3,3,2,2,-20,0,2,2,5,1,1,1,0,0,18,1,0.6209515350090242,1
5,15,185,1194,1,6,3,3,0,0,-3,1,5,6,1,2,0,1,0,0,2,0,0.4301393605574545,0
5,15,186,2105,1,7,3,3,3,4,0,1,1,2,0,1,2,0,0,0,5,0,0.9314148338394931,2
5,15,187,1132,4,8,3,3,0,2,-2,1,1,2,3,2,4,2,0,0,9,0,0.759249623619288,4
5,15,188,1098,3,6,3,3,0,0,10,4,3,7,0,2,0,4,0,1,7,0,0.5092723334283956,0
5,15,189,276,0,1,3,3,0,0,-2,1,1,2,0,0,0,0,0,0,0,0,0.8130390093557659,0
5,15,190,0,0,0,3,3,0,0,0,0,0,0,0,0,0,0,0,0,0,0,0.9363402603660687,0
5,15,191,0,0,0,3,3,0,0,0,0,0,0,0,0,0,0,0,0,0,0,0.021676105889681274,0
5,16,192,2329,7,12,3,3,5,5,11,0,3,3,3,2,0,3,0,0,22,1,0.6320220760365611,0
5,16,193,1440,7,12,3,3,2,2,4,3,4,7,1,3,0,1,0,0,16,1,0.5810317065917503,0
5,16,194,2339,9,19,3,3,1,1,26,4,7,11,5,2,2,3,2,3,19,1,0.9199907473287454,4
5,16,195,2547,8,13,3,3,2,2,9,1,3,4,4,1,1,0,0,1,18,1,0.6447514896439669,1
5,16,196,1641,0,6,3,3,1,2,11,0,3,3,3,1,4,1,1,0,1,1,0.19293116053810766,5
5,16,197,1833,1,9,3,3,2,2,11,0,1,1,11,2,0,1,0,0,4,0,0.597243385331856,0
5,16,198,1705,6,9,3,3,2,2,5,3,8,11,0,4,1,3,0,0,14,0,0.7868971437400726,1
5,16,199,276,0,0,3,3,0,0,-7,0,0,0,0,0,0,0,0,0,0,0,0.39048125140191525,0
5,16,200,290,0,0,3,3,0,0,0,0,0,0,1,1,1,1,0,0,0,0,0.11305775386219163,1
5,16,201,0,0,0,3,3,0,0,0,0,0,0,0,0,0,0,0,0,0,0,0.939934283548335,0
5,16,202,0,0,0,3,3,0,0,0,0,0,0,0,0,0,0,0,0,0,0,0.02915395717025937,0
5,16,203,0,0,0,3,3,0,0,0,0,0,0,0,0,0,0,0,0,0,0,0.7023089084494518,0
6,17,204,1443,1,6,3,3,0,0,-12,0,6,6,0,1,0,0,0,0,2,1,0.9224070172319048,0
6,17,205,1430,2,3,3,3,0,2,-10,1,5,6,1,4,0,1,0,0,4,1,0.5762411940975471,0
6,17,206,1949,7,9,3,3,0,0,-13,2,8,10,0,4,1,2,0,0,14,1,0.2680811780871497,1
6,17,207,2357,8,14,3,3,0,1,-8,0,2,2,7,3,2,2,0,0,16,1,0.21593312506280504,2
6,17,208,1553,4,11,3,3,2,3,-19,1,0,1,4,2,0,5,0,0,11,1,0.03292845568144964,0
6,17,209,488,1,4,3,3,0,0,-3,1,0,1,0,3,0,0,0,0,2,0,0.48614172109802967,0
6,17,210,1544,4,6,3,3,1,1,3,0,2,2,0,3,2,0,0,0,13,0,0.5809512088740098,2
6,17,211,1129,1,3,3,3,0,0,6,0,0,0,3,2,1,0,0,0,2,0,0.6100803266466147,1
6,17,212,1388,6,11,3,3,2,3,6,0,0,0,1,3,0,4,0,2,17,0,0.23077087055717815,0
6,17,213,349,0,0,3,3,0,0,3,0,1,1,0,0,0,0,0,0,0,0,0.9491020994028093,0
6,17,214,633,1,3,3,3,0,0,2,0,1,1,1,0,1,0,1,0,2,0,0.7886262090310717,2
6,17,215,137,0,0,3,3,0,0,-5,0,0,0,0,0,0,0,0,0,0,0,0.7678167212800108,0
6,17,216,0,0,0,3,3,0,0,0,0,0,0,0,0,0,0,0,0,0,0,0.9384542338026162,0
6,18,217,2333,11,20,3,3,9,11,22,0,7,7,8,2,1,6,0,0,32,1,0.7825840963238168,1
6,18,218,997,1,3,3,3,0,0,2,1,4,5,1,0,1,0,0,0,2,1,0.32969436424899523,1
6,18,219,2057,8,16,3,3,2,3,27,1,3,4,2,0,1,1,0,0,18,1,0.9147979525725413,1
6,18,220,1448,2,4,3,3,0,0,10,0,3,3,0,4,0,1,0,0,5,1,0.3102906856103578,0
6,18,221,2190,4,8,3,3,1,1,9,0,3,3,4,1,0,0,0,0,12,1,0.964278429989093,0
6,18,222,1170,1,4,3,3,0,0,-5,1,2,3,2,2,1,1,0,0,2,0,0.08171725563750909,1
6,18,223,1211,0,1,3,3,1,2,-6,0,0,0,2,1,1,3,0,0,1,0,0.8003994732969107,1
6,18,224,1482,2,5,3,3,2,2,-5,0,4,4,0,1,0,2,0,1,8,0,0.20348625769610518,0
6,18,225,1512,5,5,3,3,3,3,-4,3,4,7,0,3,0,1,2,0,13,0,0.9009871621438034,2
6,18,226,0,0,0,3,3,0,0,0,0,0,0,0,0,0,0,0,0,0,0,0.8423830928158422,0
6,18,227,0,0,0,3,3,0,0,0,0,0,0,0,0,0,0,0,0,0,0,0.622063837335643,0
6,18,228,0,0,0,3,3,0,0,0,0,0,0,0,0,0,0,0,0,0,0,0.4726884237902462,0
6,18,229,0,0,0,3,3,0,0,0,0,0,0,0,0,0,0,0,0,0,0,0.8506831311506637,0
7,19,230,1906,6,16,3,3,0,0,-15,0,1,1,1,3,2,2,1,0,14,1,0.012997330921123096,3
7,19,231,1612,7,13,3,3,2,2,-10,4,4,8,1,2,0,1,0,3,16,1,0.952345424243211,0
7,19,232,2094,6,13,3,3,0,0,-3,7,6,13,6,2,0,3,3,1,12,1,0.8337946941567027,3
7,19,233,2620,5,10,3,3,9,11,-6,2,3,5,11,3,1,3,0,0,20,1,0.9245205597942776,1
7,19,234,2286,7,21,3,3,11,14,-9,3,6,9,7,3,0,0,0,1,25,1,0.6572807216659108,0
7,19,235,1828,4,6,3,3,4,5,15,0,5,5,2,0,1,1,1,0,14,0,0.02113657872275998,2
7,19,236,1043,3,8,3,3,1,2,1,1,4,5,0,4,1,2,0,0,7,0,0.18340177782845346,1
7,19,237,1011,1,1,3,3,1,2,2,1,3,4,0,3,0,1,0,0,3,0,0.7906160656260292,0
7,19,238,0,0,0,3,3,0,0,0,0,0,0,0,0,0,0,0,0,0,0,0.34840665607540633,0
7,19,239,0,0,0,3,3,0,0,0,0,0,0,0,0,0,0,0,0,0,0,0.7575591560440043,0
7,19,240,0,0,0,3,3,0,0,0,0,0,0,0,0,0,0,0,0,0,0,0.025477396192220114,0
7,19,241,0,0,0,3,3,0,0,0,0,0,0,0,0,0,0,0,0,0,0,0.6631190146606116,0
7,19,242,0,0,0,3,3,0,0,0,0,0,0,0,0,0,0,0,0,0,0,0.6402304987852664,0
7,20,243,1775,11,19,3,3,2,3,-1,0,1,1,3,4,1,3,1,0,26,1,0.4138091222777972,2
7,20,244,2370,12,21,3,3,4,6,19,4,10,14,1,1,0,1,2,0,28,1,0.6832319644672197,2
7,20,245,1692,5,9,3,3,0,0,23,8,8,16,0,4,2,2,0,2,10,1,0.8043680120720258,2
7,20,246,1704,5,10,3,3,2,2,2,3,2,5,2,3,0,2,1,1,14,1,0.2167988755654996,1
7,20,247,2306,7,17,3,3,1,3,6,1,2,3,13,5,1,1,0,1,20,1,0.22632302007242844,1
7,20,248,1215,2,5,3,3,0,1,3,0,0,0,0,1,0,2,0,0,4,0,0.869981282768078,0
7,20,249,681,0,4,3,3,0,0,-3,3,4,7,1,3,0,0,0,0,0,0,0.3265824267330816,0
7,20,250,807,1,4,3,3,0,0,-12,0,1,1,0,1,0,0,0,1,2,0,0.9312547710392945,0
7,20,251,1397,3,6,3,3,6,6,-1,0,2,2,8,3,1,0,0,0,12,0,0.18779585271877708,1
7,20,252,452,0,2,3,3,0,0,-11,0,1,1,0,1,0,0,1,0,0,0,0.23963742309307656,1
7,20,253,0,0,0,3,3,0,0,0,0,0,0,0,0,0,0,0,0,0,0,0.978908009559998,0
7,20,254,0,0,0,3,3,0,0,0,0,0,0,0,0,0,0,0,0,0,0,0.7275443638940163,0
7,20,255,0,0,0,3,3,0,0,0,0,0,0,0,0,0,0,0,0,0,0,0.35512829081729747,0
8,21,256,1493,2,3,3,3,0,1,-4,0,3,3,2,3,0,1,0,0,5,1,0.6136677367987744,0
8,21,257,2130,7,10,3,3,4,4,-11,0,3,3,4,5,4,3,3,0,23,1,0.7195292202323744,7
8,21,258,1617,3,8,3,3,2,3,11,2,3,5,2,3,1,1,0,0,8,1,0.34650147378824236,1
8,21,259,2074,8,16,3,3,0,0,-3,0,3,3,4,2,0,3,0,0,19,1,0.02307489014157227,0
8,21,260,2028,7,14,3,3,2,2,1,1,8,9,9,3,3,3,0,0,16,1,0.19533710480825506,3
8,21,261,1078,3,8,3,3,0,0,-7,0,1,1,3,4,0,5,0,0,6,0,0.472198972897227,0
8,21,262,1239,2,3,3,3,1,7,-16,1,8,9,0,1,0,2,3,0,5,0,0.7758234171878938,3
8,21,263,1148,3,8,3,3,3,3,-5,2,2,4,1,2,1,0,0,0,10,0,0.10358711870155357,1
8,21,264,852,0,5,3,3,0,0,-9,0,0,0,0,2,1,1,0,0,0,0,0.4307840259171186,1
8,21,265,742,1,2,3,3,0,0,3,0,3,3,0,2,1,1,0,0,3,0,0.4202546958076414,1
8,21,266,0,0,0,3,3,0,0,0,0,0,0,0,0,0,0,0,0,0,0,0.19406499125880106,0
8,21,267,0,0,0,3,3,0,0,0,0,0,0,0,0,0,0,0,0,0,0,0.820188194153437,0
8,22,268,1727,4,9,3,3,0,0,9,2,3,5,4,2,2,1,0,0,9,1,0.3148822910956175,2
8,22,269,2156,9,15,3,3,9,13,9,5,12,17,4,1,3,3,0,1,28,1,0.4562216268675542,3
8,22,270,1270,1,8,3,3,0,0,-10,2,2,4,2,4,0,1,0,2,2,1,0.984058078889521,0
8,22,271,1611,3,10,3,3,4,5,-11,0,2,2,2,2,0,3,0,0,11,1,0.12877887799902288,0
8,22,272,2006,4,11,3,3,3,3,15,1,2,3,5,0,1,4,0,2,12,1,0.6189564350371074,1
8,22,273,1494,7,12,3,3,6,6,23,1,4,5,5,1,1,1,0,0,22,0,0.2586416911025837,1
8,22,274,1313,2,5,3,3,0,0,19,1,3,4,1,4,0,0,0,0,4,0,0.9605145046576565,0
8,22,275,855,2,6,3,3,2,3,4,0,4,4,0,1,1,1,0,1,6,0,0.15829583106229228,1
8,22,276,874,2,5,3,3,0,0,-7,0,1,1,2,0,2,1,0,0,4,0,0.37428780931050587,2
8,22,277,265,1,2,3,3,0,0,-3,0,2,2,0,1,0,1,0,0,2,0,0.8101432057364123,0
8,22,278,828,1,1,3,3,0,0,-8,1,1,2,0,1,0,0,0,0,3,0,0.7541907015655156,0
8,22,279,0,0,0,3,3,0,0,0,0,0,0,0,0,0,0,0,0,0,0,0.5326916062801651,0
9,23,280,1795,4,9,3,3,0,0,-22,0,2,2,1,1,0,1,0,0,11,1,0.9777976732574174,0
9,23,281,1188,2,5,3,3,0,0,-11,1,1,2,1,1,2,0,1,1,4,1,0.17384146652420052,3
9,23,282,1616,3,7,3,3,0,0,-21,2,9,11,1,3,0,1,1,1,6,1,0.8409670030073645,1
9,23,283,2392,8,12,3,3,2,3,0,0,2,2,5,3,0,4,1,0,20,1,0.3076858756979496,1
9,23,284,1756,4,16,3,3,2,3,-24,0,1,1,6,2,0,5,0,2,10,1,0.9439755407374109,0
9,23,285,1633,5,12,3,3,2,2,0,4,4,8,2,5,2,0,0,1,12,0,0.2531118357516936,2
9,23,286,1600,5,7,3,3,2,2,10,0,2,2,1,2,0,1,0,0,14,0,0.8537091747794561,0
9,23,287,1238,4,5,3,3,1,3,15,0,5,5,0,3,1,1,0,0,11,0,0.7113857081861596,1
9,23,288,1124,2,5,3,3,0,0,18,1,2,3,9,1,1,1,0,0,4,0,0.9232944270800794,1
9,23,289,59,1,1,3,3,0,0,5,1,0,1,0,0,0,0,0,0,2,0,0.6729519111495631,0
9,23,290,0,0,0,3,3,0,0,0,0,0,0,0,0,0,0,0,0,0,0,0.6267242054205007,0
9,23,291,0,0,0,3,3,0,0,0,0,0,0,0,0,0,0,0,0,0,0,0.22787141478639383,0
9,23,292,0,0,0,3,3,0,0,0,0,0,0,0,0,0,0,0,0,0,0,0.5335014556396462,0
9,24,293,1250,0,5,3,3,3,4,2,3,3,6,0,2,1,1,0,1,3,1,0.8822542847637524,1
9,24,294,1633,1,2,3,3,0,0,-3,3,2,5,1,1,0,0,1,0,2,1,0.21761269686225038,1
9,24,295,2403,8,19,3,3,3,3,-2,3,8,11,0,3,0,0,2,1,19,1,0.8994545568028405,2
9,24,296,1625,3,7,3,3,3,4,-1,0,3,3,2,2,1,1,0,0,9,1,0.893436640471257,1
9,24,297,2292,6,22,3,3,9,10,16,1,4,5,10,2,1,1,1,1,21,1,0.43299394067981833,2
9,24,298,1220,4,4,3,3,7,8,9,3,5,8,2,1,1,1,0,0,15,0,0.6723098527983211,1
9,24,299,477,2,2,3,3,0,0,8,0,0,0,0,0,1,0,1,0,4,0,0.48163321176644136,2
9,24,300,1255,3,6,3,3,2,2,7,1,5,6,1,2,1,3,0,0,9,0,0.9463232770401628,1
9,24,301,588,0,2,3,3,0,0,-10,0,1,1,1,1,0,2,0,0,0,0,0.3836030709332323,0
9,24,302,1657,7,9,3,3,2,3,4,1,2,3,0,1,0,1,0,0,18,0,0.2963317102918708,0
9,24,303,0,0,0,3,3,0,0,0,0,0,0,0,0,0,0,0,0,0,0,0.7691575329910915,0
9,24,304,0,0,0,3,3,0,0,0,0,0,0,0,0,0,0,0,0,0,0,0.9429592778657936,0
9,24,305,0,0,0,3,3,0,0,0,0,0,0,0,0,0,0,0,0,0,0,0.7899492260345881,0
10,1,1,2134,6,13,3,3,0,0,18,2,3,5,7,2,2,1,0,0,16,1,0.4437693381882797,2
10,1,2,1952,12,20,3,3,7,8,27,1,14,15,6,2,1,2,2,1,31,1,0.5922653615351007,3
10,1,3,2043,4,5,3,3,2,2,21,3,7,10,1,2,0,0,2,0,10,1,0.8671053899875637,2
10,1,4,1952,4,12,3,3,0,0,17,0,4,4,6,1,0,1,1,0,10,1,0.62076525645001,1
10,1,5,2130,10,22,3,3,9,9,24,0,2,2,8,3,3,2,0,3,34,1,0.9605095054956685,3
10,1,6,1077,3,7,3,3,1,2,-13,3,3,6,0,2,3,1,0,3,7,0,0.7329645464926525,3
10,1,7,1490,3,11,3,3,0,0,2,0,1,1,3,4,1,0,0,1,8,0,0.46473366634878277,1
10,1,8,676,4,7,3,3,0,0,-13,2,3,5,1,1,0,2,0,1,8,0,0.3873961184122571,0
10,1,9,559,0,0,3,3,0,0,-5,0,1,1,0,0,0,0,0,0,0,0,0.724007950876389,0
10,1,10,129,0,0,3,3,0,0,-6,0,1,1,0,0,0,1,0,0,0,0,0.3631603904762163,0
10,1,11,129,0,2,3,3,0,0,-6,0,0,0,0,0,0,0,0,1,0,0,0.06840956966450873,0
10,1,12,92,0,0,3,3,0,0,-4,0,0,0,0,1,0,0,0,0,0,0,0.9931511376644436,0
10,1,13,37,0,0,3,3,0,0,-2,0,0,0,0,0,0,0,0,0,0,0,0.35831665224668785,0
10,2,14,1821,6,10,3,3,3,4,-20,0,4,4,1,2,2,1,0,0,17,1,0.2106968036113741,2
10,2,15,1700,4,9,3,3,1,1,-18,1,3,4,7,4,1,3,2,2,9,1,0.13174403421490988,3
10,2,16,1744,6,16,3,3,0,0,-19,1,5,6,2,2,1,2,3,0,12,1,0.30137094368371675,4
10,2,17,1597,2,7,3,3,0,0,-20,0,2,2,2,0,0,1,0,0,4,1,0.27902194294178484,0
10,2,18,1155,2,4,3,3,2,2,-14,0,6,6,5,3,1,1,0,0,8,1,0.30000355597252226,1
10,2,19,1308,2,5,3,3,6,6,8,0,4,4,10,1,0,1,1,1,10,0,0.9263569719269044,1
10,2,20,788,0,4,3,3,0,0,7,0,0,0,0,1,0,0,0,1,0,0,0.8544843553921422,0
10,2,21,1108,1,3,3,3,1,2,5,1,5,6,1,0,0,0,2,0,3,0,0.7991132456698935,2
10,2,22,1208,3,8,3,3,2,2,8,4,5,9,2,3,0,1,2,0,9,0,0.20770098491900346,2
10,2,23,1971,15,26,3,3,4,5,3,2,2,4,1,0,2,1,0,1,40,0,0.14962984297163684,2
10,2,24,0,0,0,3,3,0,0,0,0,0,0,0,0,0,0,0,0,0,0,0.39229976920124787,0
10,2,25,0,0,0,3,3,0,0,0,0,0,0,0,0,0,0,0,0,0,0,0.7555902555995178,0
10,2,26,0,0,0,3,3,0,0,0,0,0,0,0,0,0,0,0,0,0,0,0.7633606307831012,0
11,3,27,2437,7,9,3,3,0,1,5,2,6,8,7,0,1,0,0,0,16,1,0.00852229748352662,1
11,3,28,2525,4,9,3,3,0,0,12,1,6,7,6,3,2,2,1,1,9,1,0.777938253053616,3
11,3,29,1994,9,12,3,3,2,4,-2,4,4,8,0,1,0,1,1,1,20,1,0.7741964721397503,1
11,3,30,2830,11,24,3,3,1,1,6,0,5,5,5,3,1,2,0,2,27,1,0.25628551151114665,1
11,3,31,2587,10,17,3,3,0,0,8,0,5,5,5,3,1,2,0,2,27,1,0.13962313305298202,1
11,3,32,1026,4,7,3,3,0,0,6,2,7,9,1,3,0,4,0,1,8,0,0.9354718173520689,0
11,3,33,785,0,0,3,3,0,0,-5,0,0,0,1,1,0,1,1,0,0,0,0.49024566273292325,1
11,3,34,783,0,3,3,3,0,0,-9,0,0,0,3,1,0,1,0,0,0,0,0.9198333083217808,0
11,3,35,933,7,10,3,3,0,0,-11,0,4,4,0,2,0,0,0,0,19,0,0.03055474670683178,0
11,3,36,0,0,0,3,3,0,0,0,0,0,0,0,0,0,0,0,0,0,0,0.24184791634424618,0
11,3,37,0,0,0,3,3,0,0,0,0,0,0,0,0,0,0,0,0,0,0,0.4845874023389328,0
11,3,38,0,0,0,3,3,0,0,0,0,0,0,0,0,0,0,0,0,0,0,0.6190015210285138,0
11,4,39,2154,4,8,3,3,0,0,-8,4,6,10,2,1,0,1,1,0,8,1,0.2637144962700342,1
11,4,40,2380,13,21,3,3,1,3,-1,1,10,11,3,0,2,0,1,1,33,1,0.6249374219580375,3
11,4,41,424,1,2,3,3,0,0,-15,2,1,3,0,1,0,0,0,0,2,1,0.43782747301583924,0
11,4,42,2561,11,23,3,3,3,4,-9,1,1,2,6,0,2,2,1,1,27,1,0.530319877297749,3
11,4,43,2198,3,9,3,3,1,1,-8,0,2,2,6,2,0,3,0,0,8,1,0.9786911733391169,0
11,4,44,1858,4,13,3,3,1,2,9,2,2,4,4,2,2,0,1,0,12,0,0.210844147082205,3
11,4,45,1523,5,6,3,3,4,4,-3,4,1,5,0,0,0,1,1,0,14,0,0.722887762174791,1
11,4,46,982,3,7,3,3,2,2,6,0,1,1,4,3,0,0,0,1,10,0,0.4733657620464463,0
11,4,47,1141,0,3,3,3,0,0,15,0,2,2,2,0,0,0,0,0,0,0,0.5123233521718541,0
11,4,48,679,3,4,3,3,0,0,4,1,2,3,0,3,1,1,0,0,6,0,0.2244651112622571,1
11,4,49,0,0,0,3,3,0,0,0,0,0,0,0,0,0,0,0,0,0,0,0.9835201398096053,0
11,4,50,0,0,0,3,3,0,0,0,0,0,0,0,0,0,0,0,0,0,0,0.8870048927064569,0
11,4,51,0,0,0,3,3,0,0,0,0,0,0,0,0,0,0,0,0,0,0,0.41322799720317327,0
12,5,52,2477,7,15,3,3,0,2,-9,0,8,8,4,2,1,2,0,2,16,1,0.966731361066567,1
12,5,53,506,0,2,3,3,0,0,-6,1,1,2,0,4,0,0,0,0,0,1,0.5279990964591209,0
12,5,54,2142,5,8,3,3,2,6,-8,6,17,23,0,1,1,3,2,1,12,1,0.5788340942186856,3
12,5,55,2166,4,10,3,3,16,16,-17,6,17,23,0,1,1,3,2,1,12,1,0.8449995832973703,3
12,5,56,1975,6,14,3,3,2,2,-14,1,3,4,2,0,1,2,0,1,16,1,0.8998400907955652,1
12,5,57,1335,3,10,3,3,0,0,-5,1,1,2,0,2,0,0,0,0,7,0,0.844819036536639,0
12,5,58,1532,4,9,3,3,0,0,9,0,2,2,3,2,0,0,1,1,10,0,0.16589477491217008,1
12,5,59,1390,1,8,3,3,0,0,-1,0,1,1,1,1,0,2,0,0,2,0,0.00782662243628518,0
12,5,60,877,2,8,3,3,2,2,6,0,1,1,3,2,1,2,0,0,7,0,0.06427190211538414,1
12,5,61,0,0,0,3,3,0,0,0,0,0,0,0,0,0,0,0,0,0,0,0.6293717173806388,0
12,5,62,0,0,0,3,3,0,0,0,0,0,0,0,0,0,0,0,0,0,0,0.028916556190949905,0
12,5,63,0,0,0,3,3,0,0,0,0,0,0,0,0,0,0,0,0,0,0,0.8087714439725147,0
12,5,64,0,0,0,3,3,0,0,0,0,0,0,0,0,0,0,0,0,0,0,0.5166867887559548,0
12,6,65,2034,13,21,3,3,2,2,17,0,4,4,3,2,1,1,0,0,32,1,0.41680234321874654,1
12,6,66,1406,2,4,3,3,0,0,11,0,6,6,1,1,1,2,0,0,4,1,0.10341004222092276,1
12,6,67,1658,5,6,3,3,1,3,8,3,3,6,4,2,1,2,2,1,11,1,0.7356280936242033,3
12,6,68,1751,6,12,3,3,5,6,4,0,6,6,2,2,2,1,1,1,17,1,0.4143566537341071,3
12,6,69,2129,6,14,3,3,0,0,7,0,3,3,6,4,2,1,0,0,12,1,0.9438675794209052,2
12,6,70,1643,1,3,3,3,2,4,4,0,2,2,2,5,1,1,0,0,4,0,0.6490190578960325,1
12,6,71,1194,6,12,3,3,1,2,1,2,2,4,2,4,0,4,2,0,13,0,0.2685825923948928,2
12,6,72,1474,4,7,3,3,0,0,-2,1,6,7,1,2,1,1,0,1,10,0,0.9212325319471409,1
12,6,73,1039,1,3,3,3,0,0,-3,0,4,4,2,4,0,0,0,0,2,0,0.2920836300525863,0
12,6,74,44,0,1,3,3,0,0,-2,0,0,0,0,0,0,0,0,0,0,0,0.5589557766392577,0
12,6,75,28,0,0,3,3,0,0,0,0,0,0,0,0,0,0,0,0,0,0,0.8777833243454689,0
12,6,76,0,0,0,3,3,0,0,0,0,0,0,0,0,0,0,0,0,0,0,0.4742357486974147,0
12,6,77,0,0,0,3,3,0,0,0,0,0,0,0,0,0,0,0,0,0,0,0.4520343361954292,0
13,20,243,2240,9,20,3,3,3,7,-11,0,5,5,1,4,2,1,1,1,24,1,0.27815027919438917,3
13,20,244,1867,6,21,3,3,5,6,6,7,9,16,2,4,3,0,1,2,17,1,0.9644635360265942,4
13,20,245,1880,5,9,3,3,3,6,-5,6,8,14,0,2,0,1,1,1,13,1,0.07590750369528276,1
13,20,246,2368,3,11,3,3,3,3,3,3,2,5,3,1,0,1,0,1,10,1,0.00936024107884359,0
13,20,247,2107,4,11,3,3,2,3,2,0,2,2,9,2,1,1,0,0,12,1,0.5086111835773806,1
13,20,248,1936,6,12,3,3,3,3,-16,0,1,1,0,0,0,0,1,0,16,0,0.33273330849989846,1
13,20,249,529,0,1,3,3,0,0,6,1,1,2,0,0,0,0,0,0,0,0,0.5615817847410226,0
13,20,250,360,0,1,3,3,0,0,-5,0,1,1,1,1,0,0,0,1,0,0,0.9821271930654574,0
13,20,251,773,1,5,3,3,0,0,-9,0,1,1,0,2,1,1,0,1,2,0,0.8628404373124199,1
13,20,252,340,0,2,3,3,0,0,-6,0,0,0,0,2,0,0,0,0,0,0,0.7628409242255955,0
13,20,253,0,0,0,3,3,0,0,0,0,0,0,0,0,0,0,0,0,0,0,0.6083642734420528,0
13,20,254,0,0,0,3,3,0,0,0,0,0,0,0,0,0,0,0,0,0,0,0.3734440231102678,0
13,20,255,0,0,0,3,3,0,0,0,0,0,0,0,0,0,0,0,0,0,0,0.18930818594460308,0
13,25,306,2263,9,19,3,3,5,6,9,1,12,13,7,2,2,2,0,1,27,1,0.8874187063962012,2
13,25,307,1990,7,10,3,3,1,1,1,2,6,8,3,3,0,0,2,0,15,1,0.009622248652436438,2
13,25,308,1742,4,10,3,3,3,4,-4,1,2,3,3,5,0,2,2,0,11,1,0.9418298173350996,2
13,25,309,2040,5,10,3,3,0,0,10,0,5,5,4,2,0,3,0,1,11,1,0.08775264086301782,0
13,25,310,2323,4,9,3,3,4,5,15,0,1,1,2,3,1,0,0,1,12,1,0.7008109939005773,1
13,25,311,890,3,7,3,3,3,4,6,4,3,7,2,4,0,2,0,1,9,0,0.34755718023187343,0
13,25,312,1044,2,5,3,3,0,0,1,0,3,3,1,1,0,0,0,0,4,0,0.03368639891635006,0
13,25,313,1138,4,5,3,3,2,4,11,2,3,5,1,0,1,0,3,0,10,0,0.9196698036682079,4
13,25,314,413,1,2,3,3,0,0,-6,0,1,1,0,0,0,0,0,0,2,0,0.8602885702503327,0
13,25,315,557,0,2,3,3,0,0,-8,0,1,1,1,1,0,1,0,0,0,0,0.3749409847669154,0
13,25,316,0,0,0,3,3,0,0,0,0,0,0,0,0,0,0,0,0,0,0,0.1869722445008012,0
13,25,317,0,0,0,3,3,0,0,0,0,0,0,0,0,0,0,0,0,0,0,0.3364215185026912,0
13,25,318,0,0,0,3,3,0,0,0,0,0,0,0,0,0,0,0,0,0,0,0.7118794263663586,0
14,6,65,1341,5,13,3,3,4,5,-3,0,1,1,1,1,2,2,0,1,16,1,0.6341934912402489,2
14,6,66,1604,2,7,3,3,4,4,-7,0,4,4,1,3,1,1,0,2,8,1,0.4690281281606312,1
14,6,67,1367,1,1,3,3,3,3,-6,2,2,4,2,4,1,1,0,0,5,1,0.38866224426188856,1
14,6,68,1499,1,4,3,3,2,4,0,1,2,3,3,1,2,1,0,0,4,1,0.021232272454073442,2
14,6,69,1654,5,11,3,3,0,0,-9,0,1,1,0,1,1,2,0,1,12,1,0.703972935218447,1
14,6,70,1539,2,5,3,3,6,8,-25,1,2,3,0,2,1,3,0,0,11,0,0.706754564502528,1
14,6,71,1067,1,3,3,3,0,2,-20,1,1,2,1,1,0,2,0,0,3,0,0.2074434744734842,0
14,6,72,1282,3,8,3,3,0,0,-21,1,0,1,1,0,0,1,0,0,6,0,0.6505047354407673,0
14,6,73,930,2,3,3,3,2,2,-13,0,0,0,0,1,1,1,0,0,6,0,0.10996184257967179,1
14,6,74,440,1,2,3,3,0,0,-2,0,0,0,2,0,0,1,0,0,2,0,0.423334531390234,0
14,6,75,440,0,0,3,3,0,0,-2,0,1,1,0,0,0,0,0,0,0,0,0.99519883642749,0
14,6,76,0,0,0,3,3,0,0,0,0,0,0,0,0,0,0,0,0,0,0,0.11047594874254985,0
14,6,77,1237,3,8,3,3,0,0,-32,1,2,3,0,2,0,1,0,1,8,0,0.37759658497374005,0
14,7,78,2121,9,16,3,3,0,0,17,0,8,8,6,3,1,1,0,0,24,1,0.6684644099690581,1
14,7,79,2241,8,16,3,3,7,8,21,1,9,10,3,3,2,3,1,0,23,1,0.4177886459165129,3
14,7,80,1780,2,2,3,3,0,2,13,1,4,5,1,4,1,2,2,0,4,1,0.1763736301577763,3
14,7,81,1446,4,6,3,3,2,3,29,1,2,3,2,5,5,2,0,0,10,0,0.45736542334722363,5
14,7,82,1223,2,5,3,3,0,0,4,2,1,3,3,0,0,1,0,0,5,1,0.2004925425668106,0
14,7,83,1653,7,10,3,3,0,0,33,1,0,1,0,1,0,0,0,0,17,0,0.015852468866333624,0
14,7,84,1230,2,2,3,3,1,1,17,1,1,2,3,2,0,2,0,0,6,0,0.24803660520372395,0
14,7,85,363,0,0,3,3,0,0,2,0,0,0,0,1,0,0,0,0,0,0,0.4230407652373235,0
14,7,86,363,3,5,3,3,0,0,2,1,1,2,0,1,0,0,0,0,6,0,0.8997930077270746,0
14,7,87,363,0,1,3,3,0,0,2,0,0,0,0,0,2,0,0,0,0,0,0.514602539838323,2
14,7,88,363,1,1,3,3,0,0,2,0,1,1,1,1,0,2,0,0,2,0,0.03988406170869674,0
14,7,89,1254,4,6,3,3,5,6,-2,1,5,6,2,4,0,2,2,0,13,1,0.08695200480518328,2
15,26,319,1262,4,7,3,3,0,0,28,0,2,2,2,0,0,0,0,1,8,1,0.9491180024877187,0
15,26,320,1948,6,10,3,3,8,8,18,5,6,11,0,4,2,0,1,2,20,1,0.30746221757318215,3
15,26,321,2010,7,16,3,3,2,2,17,0,8,8,5,1,0,1,0,1,20,1,0.8158719686811784,0
15,26,322,2011,10,15,3,3,3,4,10,0,0,0,3,3,1,3,0,0,26,1,0.40310402765262765,1
15,26,323,1707,7,8,3,3,3,4,20,0,6,6,8,1,1,4,0,0,17,1,0.9389161903850425,1
15,26,324,1814,5,9,3,3,2,2,-2,0,4,4,4,2,1,3,0,0,13,0,0.20899510798946164,1
15,26,325,1325,1,5,3,3,0,0,8,0,2,2,5,0,0,0,0,0,3,0,0.5353628998245045,0
15,26,326,1119,2,3,3,3,0,0,9,1,2,3,0,1,0,1,2,0,4,0,0.7896009855868268,2
15,26,327,939,1,3,3,3,1,2,-7,0,1,1,0,2,1,0,1,0,3,0,0.19255920727968012,2
15,26,328,156,2,2,3,3,0,0,2,0,0,0,1,1,0,0,0,0,4,0,0.41613258412146137,0
15,26,329,109,0,0,3,3,1,2,2,0,0,0,0,0,1,0,0,0,1,0,0.34515280823877204,1
15,26,330,0,0,0,3,3,0,0,0,0,0,0,0,0,0,0,0,0,0,0,0.27826738040604004,0
15,27,331,1271,4,7,3,3,0,0,-12,0,2,2,0,2,1,3,0,0,10,1,0.4755265409551864,1
15,27,332,1083,3,5,3,3,2,2,-7,1,4,5,2,4,0,2,3,0,8,1,0.1083537992727509,3
15,27,333,1637,3,11,3,3,1,2,-15,4,3,7,2,1,3,3,0,0,7,1,0.9890817529146859,3
15,27,334,1725,3,10,3,3,0,0,-18,0,4,4,5,0,0,0,1,0,7,1,0.06061036280901333,1
15,27,335,1375,3,8,3,3,2,3,-17,0,2,2,4,1,0,1,0,1,9,1,0.5016773941196377,0
15,27,336,750,2,6,3,3,0,0,-20,0,1,1,1,3,0,0,0,0,4,0,0.9076683340223326,0
15,27,337,1644,4,10,3,3,6,6,-9,0,0,0,4,4,2,2,0,2,16,0,0.6443608730541546,2
15,27,338,1155,4,7,3,3,0,0,-3,0,0,0,0,3,0,0,0,0,10,0,0.5396098721355195,0
15,27,339,1259,5,8,3,3,1,2,7,2,5,7,1,1,0,1,0,1,11,0,0.7701204985946717,0
15,27,340,1470,3,5,3,3,5,5,-4,0,1,1,1,1,0,4,0,0,14,0,0.3540361904649243,0
15,27,341,1031,1,2,3,3,0,0,-7,2,3,5,1,1,0,1,0,0,2,0,0.3227546217554619,0
15,27,342,0,0,0,3,3,0,0,0,0,0,0,0,0,0,0,0,0,0,0,0.48802690502980717,0
15,27,343,0,0,0,3,3,0,0,0,0,0,0,0,0,0,0,0,0,0,0,0.04005941181654704,0
16,21,256,1578,3,5,3,3,2,2,-22,1,1,2,0,4,0,1,0,0,9,1,0.6508968627863275,0
16,21,257,2048,4,13,3,3,3,3,-21,0,5,5,4,2,2,4,0,0,11,1,0.005881558908254814,2
16,21,258,1875,5,13,3,3,5,7,-28,4,2,6,2,2,1,1,0,1,15,1,0.20765992930300115,1
16,21,259,1507,0,4,3,3,0,0,-16,0,3,3,2,2,0,1,0,0,0,1,0.2909856713989759,0
16,21,260,1594,10,18,3,3,2,4,-18,2,5,7,3,3,0,1,1,0,22,1,0.5269258647129101,1
16,21,261,1232,2,8,3,3,4,6,-17,0,0,0,4,2,0,1,0,1,8,0,0.22593940810418345,0
16,21,262,948,2,5,3,3,0,0,-7,0,1,1,4,5,0,1,1,0,4,0,0.03263199250413906,1
16,21,263,1241,5,8,3,3,0,0,-5,0,2,2,0,3,0,1,0,2,12,0,0.29862282979476384,0
16,21,264,430,1,2,3,3,0,0,-1,0,0,0,1,0,0,0,0,0,3,0,0.5272752745196598,0
16,21,265,889,2,3,3,3,2,2,-4,0,3,3,0,1,0,0,0,0,6,0,0.4286165843696915,0
16,21,266,0,0,0,3,3,0,0,0,0,0,0,0,0,0,0,0,0,0,0,0.5293964380930964,0
16,21,267,1058,1,4,3,3,1,2,-11,0,3,3,1,0,2,0,0,0,3,0,0.5551145750659079,2
16,24,293,1183,1,2,3,3,5,6,10,1,5,6,2,0,0,0,0,1,7,1,0.7271210168600754,0
16,24,294,0,0,0,3,3,0,0,0,0,0,0,0,0,0,0,0,0,0,0,0.6251411822633337,0
16,24,295,1835,9,17,3,3,7,10,12,1,9,10,0,0,0,1,0,0,25,1,0.2478854366563631,0
16,24,296,1589,5,8,3,3,3,4,10,0,2,2,4,1,1,0,0,0,14,1,0.11523245485702094,1
16,24,297,1216,3,6,3,3,2,2,15,0,0,0,5,4,0,0,0,0,8,1,0.9264929561914488,0
16,24,298,1617,3,5,3,3,3,6,13,1,7,8,3,2,0,3,1,1,9,1,0.2965896209966019,1
16,24,299,1045,1,3,3,3,0,0,18,4,3,7,0,3,0,1,2,0,2,0,0.21745862230238466,2
16,24,300,1130,6,10,3,3,2,2,25,0,0,0,3,1,0,0,0,0,15,0,0.6059299871681029,0
16,24,301,1202,3,8,3,3,0,0,11,0,2,2,1,1,0,1,0,0,8,0,0.6857941138670556,0
16,24,302,1491,4,6,3,3,3,3,17,0,2,2,4,1,0,2,1,0,14,0,0.41518120019351845,1
16,24,303,462,2,5,3,3,0,0,4,1,0,1,5,1,0,0,0,0,5,0,0.6395760590489228,0
16,24,304,1263,5,8,3,3,2,2,17,1,7,8,5,3,0,1,0,0,16,0,0.6815593677341187,0
16,24,305,367,0,1,3,3,0,0,-2,0,1,1,0,0,0,0,0,0,0,0,0.554666618988019,0
17,5,52,2138,8,16,3,3,3,3,-10,1,6,7,3,4,2,4,0,0,20,1,0.33869826496299504,2
17,5,53,1361,6,11,3,3,1,1,2,3,2,5,1,5,0,3,0,0,13,0,0.7410203011850982,0
17,5,54,1913,3,5,3,3,3,6,-1,2,13,15,0,3,1,3,0,0,9,1,0.26296641342134885,1
17,5,55,2377,7,17,3,3,10,12,-14,0,6,6,4,4,2,1,0,0,26,1,0.9222490958407771,2
17,5,56,2332,6,18,3,3,1,2,15,1,0,1,7,4,2,2,1,1,16,1,0.43220497241761346,3
17,5,57,1397,2,4,3,3,3,4,8,1,4,5,1,2,0,0,0,0,8,0,0.362997610659448,0
17,5,58,1045,2,3,3,3,0,0,-3,0,1,1,2,3,0,0,0,0,4,0,0.41768276683295646,0
17,5,59,1058,2,8,3,3,1,2,-2,1,3,4,1,2,1,0,0,1,7,0,0.5605863222732518,1
17,5,60,191,0,1,3,3,0,0,-8,0,0,0,0,1,0,1,0,0,0,0,0.06301213783513648,0
17,5,61,0,0,0,3,3,0,0,0,0,0,0,0,0,0,0,0,0,0,0,0.5107272562873608,0
17,5,62,0,0,0,3,3,0,0,0,0,0,0,0,0,0,0,0,0,0,0,0.5197519861642254,0
17,5,63,588,0,4,3,3,0,0,-7,1,2,3,0,2,0,1,0,1,0,1,0.8251935869488406,0
17,5,64,0,0,0,3,3,0,0,0,0,0,0,0,0,0,0,0,0,0,0,0.3897765174723924,0
17,17,204,2079,6,12,3,3,1,2,8,0,9,9,0,3,0,4,0,0,14,1,0.8752379613672905,0
17,17,205,178,0,0,3,3,0,0,-4,0,2,2,0,0,0,0,0,0,0,1,0.28828746772382097,0
17,17,206,1799,4,7,3,3,7,9,12,1,5,6,1,3,1,1,1,0,15,1,0.5744249577962648,2
17,17,207,2407,10,19,3,3,8,10,0,0,6,6,4,5,2,2,0,0,29,1,0.5753774388269499,2
17,17,209,1540,3,7,3,3,1,3,2,0,2,2,1,1,1,1,1,0,8,0,0.4588143466544651,2
17,17,210,855,1,4,3,3,0,0,6,0,0,0,0,4,1,1,0,0,3,0,0.08645683374233892,1
17,17,211,1325,3,8,3,3,4,4,-6,0,3,3,2,0,0,1,0,0,12,0,0.05239467631117911,0
17,17,212,2394,4,12,3,3,3,4,6,0,4,4,8,4,1,0,0,1,15,1,0.18136923146749673,1
17,17,213,0,0,0,3,3,0,0,0,0,0,0,0,0,0,0,0,0,0,0,0.08606246830803543,0
17,17,214,755,1,4,3,3,2,2,2,1,0,1,2,2,0,1,0,0,4,0,0.23684980599897298,0
17,17,215,0,0,0,3,3,0,0,0,0,0,0,0,0,0,0,0,0,0,0,0.2633155228953177,0
17,17,216,1068,2,2,3,3,3,5,-6,1,2,3,2,3,1,2,1,0,7,0,0.6623939764727689,2
17,17,344,0,0,0,3,3,0,0,0,0,0,0,0,0,0,0,0,0,0,0,0.4277477862714698,0
18,15,180,1948,3,13,3,3,7,7,-22,0,1,1,3,2,1,1,1,0,13,1,0.1595894455828204,2
18,15,181,905,2,2,3,3,4,4,-23,0,1,1,0,1,0,1,0,0,8,1,0.3378823014855057,0
18,15,182,644,3,5,3,3,0,0,-10,1,0,1,0,0,0,0,0,0,6,1,0.5624966047325607,0
18,15,183,0,0,0,3,3,0,0,0,0,0,0,0,0,0,0,0,0,0,0,0.9633344716074088,0
18,15,184,1264,1,6,3,3,0,0,-22,0,0,0,1,3,3,0,0,0,2,1,0.18403754603364897,3
18,15,185,2183,8,15,3,3,8,10,-9,1,3,4,1,5,1,1,0,0,25,0,0.90592774770951,1
18,15,186,1971,3,10,3,3,0,0,-6,3,5,8,1,1,1,1,0,2,8,0,0.46716875443530237,1
18,15,187,1156,0,3,3,3,0,0,-3,0,0,0,6,1,2,0,0,0,0,0,0.00550964094095574,2
18,15,188,1252,5,10,3,3,4,6,8,3,1,4,1,5,1,2,0,1,14,0,0.7437145047314487,1
18,15,189,386,0,1,3,3,0,0,1,0,1,1,1,1,0,0,0,0,0,0,0.9440917511526549,0
18,15,190,776,1,3,3,3,1,2,-18,1,1,2,0,1,1,1,0,1,3,0,0.09853265543425127,1
18,15,191,1915,6,13,3,3,1,1,-26,1,6,7,6,2,0,7,1,0,13,1,0.3106997544541642,1
18,23,280,1718,7,13,3,3,1,1,26,1,6,7,0,2,1,0,0,0,18,1,0.5981888000050862,1
18,23,281,1479,3,5,3,3,4,6,26,1,4,5,1,1,0,1,1,0,10,1,0.3317122198827782,1
18,23,282,1678,10,13,3,3,2,2,26,1,7,8,4,2,3,1,1,0,22,1,0.21670839840299627,4
18,23,283,1877,7,8,3,3,4,4,20,0,2,2,2,3,1,3,0,0,19,1,0.547556965547085,1
18,23,284,1668,5,10,3,3,3,3,30,0,3,3,10,3,2,4,0,2,13,1,0.04506101961908893,2
18,23,285,1086,1,5,3,3,0,0,-1,0,2,2,1,3,0,2,1,0,2,0,0.8067858616879092,1
18,23,286,1687,3,6,3,3,0,0,4,1,1,2,2,1,0,0,0,0,8,0,0.6039104918714051,0
18,23,287,940,4,6,3,3,2,2,-3,0,2,2,1,5,1,3,0,0,12,0,0.3754220520029331,1
18,23,288,1188,1,1,3,3,0,0,-7,1,3,4,8,1,0,2,0,0,2,0,0.11359387537032761,0
18,23,289,355,0,1,3,3,0,0,1,0,4,4,0,2,0,2,1,0,0,0,0.980527403333452,1
18,23,290,355,3,3,3,3,2,3,1,1,0,1,0,0,0,1,0,0,9,0,0.6899723688718293,0
18,23,291,222,0,0,3,3,0,0,3,0,0,0,0,1,0,2,0,0,0,0,0.7383224444165719,0
18,23,292,147,1,1,3,3,0,0,4,0,1,1,0,0,0,0,0,0,3,0,0.21349435110541237,0
19,16,192,1835,2,3,3,3,2,2,0,0,2,2,3,3,2,1,0,0,8,1,0.5461323559556903,2
19,16,193,1440,5,8,3,3,2,3,-2,1,5,6,2,1,0,4,0,0,12,1,0.7788143966104427,0
19,16,194,2277,5,10,3,3,0,0,5,2,8,10,6,4,2,1,0,1,10,1,0.04549692911133996,2
19,16,195,2453,6,16,3,3,2,2,11,1,1,2,2,2,3,0,0,1,17,1,0.9738022770992713,3
19,16,196,1851,7,13,3,3,2,2,0,1,2,3,6,1,2,2,0,0,17,1,0.5666653886715668,2
19,16,197,1696,8,15,3,3,3,4,18,0,1,1,5,3,2,3,0,0,23,0,0.3146747685781113,2
19,16,198,1692,4,9,3,3,2,2,22,2,5,7,2,2,2,2,2,1,10,0,0.008216012444539511,4
19,16,199,351,1,1,3,3,0,0,1,0,3,3,0,1,0,0,1,0,2,0,0.1986241520586245,1
19,16,200,805,2,3,3,3,0,0,10,0,3,3,1,2,0,0,0,0,6,0,0.13348173569012056,0
19,16,201,0,0,0,3,3,0,0,0,0,0,0,0,0,0,0,0,0,0,0,0.605598327475778,0
19,16,202,0,0,0,3,3,0,0,0,0,0,0,0,0,0,0,0,0,0,0,0.7304140111814569,0
19,16,203,0,0,0,3,3,0,0,0,0,0,0,0,0,0,0,0,0,0,0,0.5616190116423517,0
19,22,268,2186,3,8,3,3,2,3,-5,3,3,6,3,2,0,1,0,2,8,1,0.0809271315930461,0
19,22,269,2239,8,17,3,3,5,7,-4,2,9,11,3,3,2,1,1,1,22,1,0.26744199448670125,3
19,22,270,611,0,2,3,3,0,0,-2,0,1,1,1,2,0,0,0,0,0,1,0.5264562688961687,0
19,22,271,2010,4,9,3,3,0,0,-4,0,4,4,1,0,0,4,0,0,12,1,0.3473808782403095,0
19,22,272,2104,7,14,3,3,4,5,1,1,1,2,8,2,2,4,0,0,21,1,0.9467411820697881,2
19,22,273,1263,1,4,3,3,4,5,-8,0,2,2,5,1,1,5,0,0,6,0,0.012219070342708749,1
19,22,274,1552,4,5,3,3,0,0,-5,0,5,5,3,3,2,0,1,0,8,0,0.31088673688202406,3
19,22,275,641,1,3,3,3,0,0,-9,1,2,3,0,1,0,0,1,0,2,0,0.8628911498395014,1
19,22,276,776,2,5,3,3,1,2,-14,0,1,1,0,3,0,1,0,0,5,0,0.8094483341591022,0
19,22,277,717,2,4,3,3,4,4,-6,2,1,3,0,0,0,0,0,0,8,0,0.15720112257497965,0
19,22,278,301,0,1,3,3,0,0,-9,0,0,0,0,0,0,0,0,0,0,0,0.7717893235111701,0
19,22,279,0,0,0,3,3,0,0,0,0,0,0,0,0,0,0,0,0,0,0,0.9317207088187573,0
20,18,217,1761,7,12,3,3,2,5,18,0,4,4,8,0,1,2,1,0,17,1,0.7379070012436264,2
20,18,218,1497,3,5,3,3,0,0,12,1,4,5,0,1,1,0,0,0,6,1,0.25811077129858906,1
20,18,219,1575,7,13,3,3,0,0,13,0,0,0,2,1,1,2,1,0,15,1,0.9315952107429571,2
20,18,220,1575,3,7,3,3,3,4,13,4,3,7,3,2,2,0,0,1,9,1,0.309259109305123,2
20,18,221,1954,6,8,3,3,0,1,8,0,4,4,3,2,2,1,0,0,14,1,0.2658233650178141,2
20,18,222,974,3,6,3,3,0,0,14,1,2,3,2,3,0,2,0,1,7,0,0.5150991686605918,0
20,18,223,1518,3,9,3,3,0,0,9,0,2,2,3,1,1,0,1,0,7,0,0.8449929468217643,2
20,18,224,1501,3,6,3,3,0,0,17,0,2,2,0,1,1,0,0,0,9,0,0.8348849123732363,1
20,18,225,1052,2,4,3,3,4,4,15,2,5,7,0,1,1,1,2,0,8,0,0.8039461486756179,3
20,18,226,331,0,0,3,3,0,0,-8,0,1,1,0,0,1,1,0,0,0,0,0.16827684956455047,1
20,18,227,331,1,5,3,3,0,0,-8,0,0,0,1,0,1,0,0,1,2,0,0.4773565722322115,1
20,18,228,331,1,2,3,3,0,0,-8,0,0,0,0,0,0,0,0,0,2,0,0.1774308476263876,0
20,19,230,1955,2,10,3,3,0,0,-15,1,3,4,2,4,1,3,0,1,4,1,0.8258155667695691,1
20,19,231,2069,7,15,3,3,0,0,-1,1,6,7,2,2,0,2,1,1,14,1,0.7894717831819847,1
20,19,232,1526,3,5,3,3,2,2,-14,6,10,16,4,2,0,0,0,0,8,1,0.23119078449720565,0
20,19,233,2724,6,12,3,3,6,6,-13,0,3,3,6,1,1,5,0,0,19,1,0.5859658423714901,1
20,19,234,2502,4,11,3,3,1,1,-27,1,4,5,2,2,1,5,1,0,11,1,0.9889946551395156,2
20,19,235,1305,2,5,3,3,0,0,-6,1,1,2,1,1,0,1,1,1,5,0,0.25597250827763174,1
20,19,236,901,5,9,3,3,0,0,-19,0,1,1,0,3,0,0,0,0,10,0,0.6827506521958449,0
20,19,237,932,1,3,3,3,0,0,-12,0,2,2,1,1,0,0,0,2,2,0,0.2683720091178562,0
20,19,238,0,0,0,3,3,0,0,0,0,0,0,0,0,0,0,0,0,0,0,0.8978132356783884,0
20,19,239,0,0,0,3,3,0,0,0,0,0,0,0,0,0,0,0,0,0,0,0.36168472690924536,0
20,19,240,331,1,1,3,3,0,0,8,1,0,1,0,0,0,1,0,0,2,0,0.23954042775115436,0
20,19,241,154,1,2,3,3,0,0,4,0,1,1,0,0,0,0,0,0,2,0,0.26533502093151207,0
20,19,242,0,0,0,3,3,0,0,0,0,0,0,0,0,0,0,0,0,0,0,0.8934059519039209,0
20,18,345,0,0,0,3,3,0,0,0,0,0,0,0,0,0,0,0,0,0,0,0.8099553150218355,0
21,9,103,822,3,9,3,3,0,0,-10,0,3,3,0,0,0,0,0,0,6,1,0.9834840825247242,0
21,9,104,1614,1,8,3,3,2,2,-12,2,3,5,3,2,0,2,1,2,4,1,0.32218868454673766,1
21,9,105,1998,9,18,3,3,0,0,-19,3,4,7,4,2,1,0,0,2,18,1,0.2037630907863851,1
21,9,106,2057,6,9,3,3,0,0,-19,1,5,6,0,1,1,1,0,0,14,1,0.47797298524464094,1
21,9,107,1996,3,15,3,3,0,0,-6,0,0,0,8,5,1,3,0,0,7,1,0.023385525397645268,1
21,9,108,884,3,8,3,3,0,0,-8,0,3,3,3,1,0,2,0,1,6,0,0.13750954187225706,0
21,9,109,1008,5,8,3,3,0,0,2,3,3,6,0,1,1,1,2,0,10,0,0.11320351553971086,3
21,9,110,1703,4,8,3,3,0,0,-6,0,4,4,3,0,0,0,0,0,9,0,0.002369558737845834,0
21,9,111,466,1,3,3,3,0,0,1,1,1,2,0,1,1,0,0,1,2,0,0.7253397851419857,1
21,9,112,768,0,3,3,3,0,2,-6,1,0,1,1,0,1,2,0,0,0,0,0.01893116661100891,1
21,9,113,880,3,4,3,3,2,2,9,0,1,1,2,2,0,0,0,0,8,0,0.6686260012519447,0
21,9,114,204,2,2,3,3,0,0,4,0,0,0,0,0,0,0,0,0,4,0,0.36062401814737866,0
21,9,115,0,0,0,3,3,0,0,0,0,0,0,0,0,0,0,0,0,0,0,0.14506957725573544,0
21,14,167,2027,2,7,3,3,2,2,11,1,1,2,2,1,1,1,1,0,6,1,0.6110054366994054,2
21,14,168,2167,9,15,3,3,4,5,14,4,12,16,10,2,1,2,1,0,24,1,0.5979220119474762,2
21,14,170,2024,10,18,3,3,0,0,15,0,2,2,2,2,1,2,0,0,21,1,0.2558841653066114,1
21,14,171,2006,5,11,3,3,3,4,15,1,2,3,7,3,3,2,0,0,14,1,0.35223596474659347,3
21,14,172,1532,4,6,3,3,0,0,5,2,7,9,0,2,1,5,1,1,8,1,0.2276678209525368,2
21,14,173,874,1,6,3,3,0,0,-1,1,0,1,7,1,1,1,0,1,2,0,0.23454989504840706,1
21,14,174,620,2,3,3,3,1,2,2,0,3,3,1,0,0,0,0,0,5,0,0.021027520998571414,0
21,14,175,903,1,5,3,3,0,0,1,0,1,1,0,0,0,0,0,1,3,0,0.23344193183854156,0
21,14,176,93,0,0,3,3,0,0,-2,0,0,0,0,0,0,0,0,0,0,0,0.7775168995537296,0
21,14,177,853,4,5,3,3,0,0,3,0,2,2,0,0,0,0,0,0,8,0,0.38334461963136035,0
21,14,178,0,0,0,3,3,0,0,0,0,0,0,0,0,0,0,0,0,0,0,0.7567504613967888,0
21,14,179,0,0,0,3,3,0,0,0,0,0,0,0,0,0,0,0,0,0,0,0.9711166187984612,0
21,14,346,1301,5,5,3,3,1,3,7,3,4,7,2,2,0,1,3,0,11,0,0.8520613390390431,3
22,3,27,0,0,0,3,3,0,0,0,0,0,0,0,0,0,0,0,0,0,0,0.2933104823123167,0
22,3,28,1925,4,10,3,3,0,0,-19,0,8,8,4,3,0,1,2,2,8,1,0.9834055914073988,2
22,3,29,264,0,0,3,3,0,0,-2,0,0,0,0,1,0,1,0,0,0,1,0.2680387811854472,0
22,3,30,1963,5,8,3,3,2,2,-25,0,2,2,2,2,0,0,0,0,15,1,0.7621834935036664,0
22,3,31,1843,5,15,3,3,0,0,-19,0,0,0,10,2,1,4,0,0,11,1,0.943985233139605,1
22,3,32,1793,10,16,3,3,2,2,4,4,5,9,0,4,1,2,0,0,22,0,0.5859922623541715,1
22,3,33,2138,3,12,3,3,4,4,-13,0,2,2,0,2,1,2,0,0,11,1,0.3811562375577431,1
22,3,34,1422,0,1,3,3,0,0,-9,0,1,1,3,0,1,1,0,0,0,0,0.8939712483315002,1
22,3,35,2066,6,18,3,3,1,1,-19,0,2,2,2,3,1,0,0,0,16,0,0.71535909799285,1
22,3,36,986,3,5,3,3,1,1,-3,0,2,2,2,3,1,0,0,0,16,0,0.5466219864684029,1
22,3,37,0,0,0,3,3,0,0,0,0,0,0,0,0,0,0,0,0,0,0,0.07194594915533259,0
22,28,347,1765,4,9,3,3,3,3,15,0,4,4,1,0,4,1,0,0,11,1,0.9676598481638619,4
22,28,348,1221,7,11,3,3,1,2,7,3,5,8,0,2,0,1,0,0,15,1,0.2446265704466527,0
22,28,349,2008,3,9,3,3,2,2,12,1,2,3,5,0,0,0,0,0,8,1,0.3675921490068441,0
22,28,350,1610,2,5,3,3,0,0,20,0,4,4,2,2,0,1,1,0,5,1,0.44762312457478637,1
22,28,351,1695,7,13,3,3,4,4,16,0,3,3,8,1,0,4,0,1,18,1,0.02121338547889373,0
22,28,352,1148,4,8,3,3,4,4,21,2,4,6,5,2,1,2,1,0,13,0,0.3329300360583699,2
22,28,353,650,1,2,3,3,2,4,-1,1,6,7,2,2,1,2,0,1,4,0,0.4933177869260553,1
22,28,354,1185,6,8,3,3,0,0,5,0,3,3,2,1,0,1,0,0,13,0,0.04490373250671709,0
22,28,355,1665,5,10,3,3,2,2,9,0,1,1,1,0,0,0,0,0,12,0,0.18231654482665183,0
22,28,356,820,4,5,3,3,1,1,5,1,4,5,2,2,0,1,0,0,9,0,0.31760234947547694,0
22,28,357,632,1,3,3,3,0,0,-4,0,1,1,1,0,0,0,0,0,3,0,0.7585448667178637,0
22,28,358,0,0,0,3,3,0,0,0,0,0,0,0,0,0,0,0,0,0,0,0.33261856919326904,0
22,28,359,0,0,0,3,3,0,0,0,0,0,0,0,0,0,0,0,0,0,0,0.19334864561608367,0
22,3,391,0,0,0,3,3,0,0,0,0,0,0,0,0,0,0,0,0,0,0,0.035726434503299376,0
23,10,116,1341,2,6,3,3,0,2,7,1,3,4,0,3,2,0,0,0,6,1,0.06549908278071781,2
23,10,117,1606,14,19,3,3,6,8,17,2,11,13,2,5,0,1,3,1,34,1,0.2666350307378439,3
23,10,118,1584,5,11,3,3,4,4,14,1,1,2,0,1,1,1,2,1,15,1,0.8838874479649761,3
23,10,119,1814,4,9,3,3,0,0,19,1,2,3,7,3,0,1,0,0,9,1,0.6186167724381922,0
23,10,120,2007,3,7,3,3,8,10,29,0,3,3,12,4,1,3,0,0,14,1,0.07471690984419854,1
23,10,121,996,3,5,3,3,0,0,18,0,2,2,0,1,0,1,3,1,8,0,0.38657635529933243,3
23,10,122,1436,5,13,3,3,0,1,13,2,2,4,7,3,0,1,0,2,12,0,0.9402954038575102,0
23,10,123,1784,9,12,3,3,0,0,18,0,3,3,1,3,2,1,2,1,24,0,0.11640687297837571,4
23,10,124,1282,5,6,3,3,0,0,16,1,4,5,2,4,2,0,2,1,10,0,0.9532253893714998,4
23,10,125,0,0,0,3,3,0,0,0,0,0,0,0,0,0,0,0,0,0,0,0.17607525595450235,0
23,10,126,0,0,0,3,3,0,0,0,0,0,0,0,0,0,0,0,0,0,0,0.5836756908951131,0
23,10,127,551,2,4,3,3,0,0,-1,0,1,1,3,2,0,2,0,0,5,0,0.7916886118726898,0
23,10,128,0,0,0,3,3,0,0,0,0,0,0,0,0,0,0,0,0,0,0,0.6982965148771855,0
23,12,141,1265,0,3,3,3,5,10,-7,2,5,7,1,2,0,1,0,0,5,1,0.5765148888243431,0
23,12,142,630,3,4,3,3,0,0,-9,0,3,3,1,2,0,0,0,0,6,1,0.15004104588937894,0
23,12,143,1210,4,9,3,3,1,2,-10,2,4,6,1,3,0,1,1,2,9,1,0.2538949141075877,1
23,12,144,1962,9,17,3,3,9,9,-18,2,6,8,3,2,0,3,0,4,27,1,0.12806011600272516,0
23,12,145,1209,3,7,3,3,0,0,-13,0,1,1,6,1,0,2,0,2,6,1,0.4438917346801218,0
23,12,146,1235,3,5,3,3,3,4,-19,0,2,2,1,1,0,0,1,0,9,0,0.6998286286079384,1
23,12,147,1182,3,6,3,3,3,4,-21,0,4,4,2,3,2,1,0,1,9,0,0.5683145301032814,2
23,12,148,1652,1,4,3,3,4,6,-17,0,3,3,2,1,1,4,0,1,6,0,0.9912829888657388,1
23,12,149,1748,5,12,3,3,5,5,-17,1,1,2,2,5,0,1,1,2,17,0,0.6192044018254068,1
23,12,150,1795,4,5,3,3,5,5,-13,1,4,5,1,3,1,1,4,0,13,0,0.7715215047927434,5
23,12,151,511,0,2,3,3,0,0,-6,0,1,1,1,2,1,2,0,0,0,0,0.39695293669112575,1
23,12,152,0,0,0,3,3,0,0,0,0,0,0,0,0,0,0,0,0,0,0,0.6562795682509062,0
23,12,153,0,0,0,3,3,0,0,0,0,0,0,0,0,0,0,0,0,0,0,0.34712724621130486,0
24,13,154,2196,7,16,3,3,3,4,0,3,3,6,1,2,1,3,1,1,19,1,0.0031047936616407368,2
24,13,155,1440,2,5,3,3,6,6,19,0,3,3,0,3,1,2,1,0,12,0,0.09733518783497541,2
24,13,156,1754,2,2,3,3,0,0,-20,1,10,11,0,4,0,0,1,0,4,1,0.0037568807006672644,1
24,13,157,2543,9,16,3,3,3,3,3,0,3,3,5,3,3,2,1,1,23,1,0.4531973089011384,4
24,13,158,2116,6,17,3,3,4,5,5,0,2,2,9,3,3,2,0,1,20,1,0.10527725586051728,3
24,13,160,1033,2,4,3,3,0,0,5,0,0,0,0,1,1,0,0,0,5,0,0.5428170546737957,1
24,13,161,271,0,1,3,3,0,0,-4,0,0,0,0,0,0,0,0,0,0,0,0.4763225018297692,0
24,13,162,0,0,0,3,3,0,0,0,0,0,0,0,0,0,0,0,0,0,0,0.4606215050908665,0
24,13,163,612,1,1,3,3,2,2,10,2,2,4,0,2,0,1,0,0,4,0,0.9506652795579037,0
24,13,164,0,0,0,3,3,0,0,0,0,0,0,0,0,0,0,0,0,0,0,0.9785021035184192,0
24,13,165,0,0,0,3,3,0,0,0,0,0,0,0,0,0,0,0,0,0,0,0.46963857717977064,0
24,13,166,2022,7,15,3,3,9,10,-6,4,2,6,3,3,1,3,0,1,23,1,0.26031407444497756,1
24,13,169,413,1,2,3,3,0,0,8,0,1,1,0,3,0,0,0,0,2,0,0.6338874005344938,0
24,29,360,2116,4,12,3,3,1,1,-7,6,5,11,1,3,1,1,0,1,10,1,0.9372098214096287,1
24,29,361,1843,4,9,3,3,2,2,1,1,2,3,1,5,0,1,1,0,14,1,0.2968421385259328,1
24,29,362,1564,6,7,3,3,1,1,6,3,4,7,1,2,1,1,0,0,13,1,0.28703638308485946,1
24,29,363,2535,2,11,3,3,11,12,-6,0,1,1,8,3,0,4,0,1,15,1,0.3029591822814732,0
24,29,364,1772,6,9,3,3,1,1,4,0,1,1,3,4,0,5,0,1,14,1,0.7147495770254892,0
24,29,365,1376,5,11,3,3,3,4,-2,1,3,4,0,3,0,0,2,1,15,0,0.8281582831540741,2
24,29,366,1823,3,7,3,3,5,7,-9,2,5,7,2,3,1,1,1,0,11,0,0.10335447962666655,2
24,29,367,1150,6,12,3,3,4,5,-5,1,3,4,1,2,1,1,0,0,16,0,0.017334354323859436,1
24,29,368,221,0,0,3,3,0,0,-2,0,0,0,0,1,0,0,0,0,0,0,0.8540861726032629,0
24,29,369,0,0,0,3,3,0,0,0,0,0,0,0,0,0,0,0,0,0,0,0.9142869190767855,0
24,29,370,0,0,0,3,3,0,0,0,0,0,0,0,0,0,0,0,0,0,0,0.5921260671993093,0
24,29,371,0,0,0,3,3,0,0,0,0,0,0,0,0,0,0,0,0,0,0,0.2369939651676125,0
24,29,372,0,0,0,3,3,0,0,0,0,0,0,0,0,0,0,0,0,0,0,0.5679525030441671,0
25,2,14,1852,6,18,3,3,0,0,-4,1,6,7,6,2,2,3,0,0,14,1,0.664765273790911,2
25,2,15,0,0,0,3,3,0,0,0,0,0,0,0,0,0,0,0,0,0,0,0.06641819907784807,0
25,2,16,0,0,0,3,3,0,0,0,0,0,0,0,0,0,0,0,0,0,0,0.004622211038320279,0
25,2,17,2170,8,15,3,3,3,3,0,1,2,3,1,1,0,1,0,0,21,1,0.43259316988976415,0
25,2,18,1951,3,9,3,3,0,0,1,0,7,7,10,4,2,3,0,1,7,1,0.6071425606247955,2
25,2,19,0,0,0,3,3,0,0,0,0,0,0,0,0,0,0,0,0,0,0,0.08496360063811559,0
25,2,20,0,0,0,3,3,0,0,0,0,0,0,0,0,0,0,0,0,0,0,0.5930730465778413,0
25,2,21,1154,3,7,3,3,2,2,-6,1,0,1,3,1,0,0,0,0,8,0,0.11119457294220303,0
25,2,22,1682,2,6,3,3,2,4,11,1,4,5,2,3,0,0,2,0,6,1,0.8931271398434915,2
25,2,23,1797,6,17,3,3,1,1,-14,2,0,2,1,3,1,1,0,1,17,0,0.7782901467283324,1
25,2,24,394,1,3,3,3,0,0,-5,0,0,0,0,0,1,0,0,1,3,0,0.9341800136318291,1
25,2,25,1726,5,15,3,3,8,10,1,6,9,15,0,6,0,1,4,1,18,1,0.19474257913732362,4
25,2,26,1674,3,6,3,3,0,0,-9,2,10,12,3,1,1,1,0,0,8,0,0.5863725385551715,1
25,11,129,2562,12,24,3,3,6,7,-1,0,5,5,4,2,2,2,0,1,31,1,0.5378700460975231,2
25,11,130,1026,1,3,3,3,1,2,-1,1,1,2,0,2,1,0,0,0,3,1,0.3459902022158775,1
25,11,131,1287,8,14,3,3,4,5,-7,3,7,10,2,4,1,1,0,1,20,1,0.4023328002354103,1
25,11,132,2707,5,11,3,3,1,1,7,2,2,4,0,2,1,1,0,2,12,1,0.9508556038232607,1
25,11,133,2763,12,22,3,3,2,4,3,1,3,4,5,3,0,3,0,2,27,1,0.9472648466905341,0
25,11,134,1927,3,8,3,3,3,4,9,0,7,7,2,2,0,0,0,0,11,0,0.26693159922983667,0
25,11,135,603,0,2,3,3,1,2,4,0,3,3,0,0,0,1,1,0,1,0,0.20254318884164657,1
25,11,136,117,0,0,3,3,0,0,2,0,0,0,0,0,0,0,0,0,0,0,0.2103315070627919,0
25,11,137,1408,1,2,3,3,0,2,9,1,11,12,3,3,3,0,3,0,2,0,0.013637127223103063,6
25,11,138,0,0,0,3,3,0,0,0,0,0,0,0,0,0,0,0,0,0,0,0.502028304757919,0
25,11,139,0,0,0,3,3,0,0,0,0,0,0,0,0,0,0,0,0,0,0,0.32955439003759346,0
25,11,140,0,0,0,3,3,0,0,0,0,0,0,0,0,0,0,0,0,0,0,0.5633768838958847,0
25,11,373,0,0,0,3,3,0,0,0,0,0,0,0,0,0,0,0,0,0,0,0.4088827275281812,0
25,11,374,0,0,0,3,3,0,0,0,0,0,0,0,0,0,0,0,0,0,0,0.5863630858111374,0
26,28,347,1721,8,15,3,3,0,0,0,0,2,2,3,4,3,2,0,1,17,1,0.22425092897041987,3
26,28,348,1696,5,15,3,3,7,8,-9,2,6,8,1,2,0,0,2,1,17,1,0.01607384117638333,2
26,28,349,1498,4,6,3,3,0,0,-16,1,2,3,2,3,0,4,0,0,8,0,0.13937736622794794,0
26,28,350,2185,4,9,3,3,1,2,-5,1,4,5,2,2,0,1,0,0,11,1,0.9828636132247718,0
26,28,351,1534,3,10,3,3,0,1,-4,2,2,4,3,2,0,3,0,1,6,1,0.7356192355360806,0
26,28,352,0,0,0,3,3,0,0,0,0,0,0,0,0,0,0,0,0,0,0,0.32696221488060817,0
26,28,353,1160,1,5,3,3,0,0,-2,3,0,3,2,0,1,2,1,2,2,1,0.07290824832288523,2
26,28,354,1429,8,13,3,3,0,0,-11,2,4,6,1,1,1,2,0,0,21,0,0.7634959921499848,1
26,28,355,1822,3,10,3,3,1,1,-16,0,6,6,1,1,0,4,0,0,8,0,0.3147908508415974,0
26,28,356,809,1,2,3,3,0,0,-1,2,1,3,2,2,0,0,0,0,2,0,0.2204562201832636,0
26,28,357,250,1,2,3,3,0,0,2,0,0,0,1,1,0,0,0,0,2,0,0.969389956037,0
26,28,359,0,0,0,3,3,0,0,0,0,0,0,0,0,0,0,0,0,0,0,0.6371335950289759,0
26,28,375,296,0,1,3,3,0,0,2,0,2,2,0,0,0,0,0,0,0,0,0.07782912606224424,0
26,30,376,2358,11,26,3,3,6,6,13,0,7,7,3,1,0,4,1,1,28,1,0.23508793646114567,1
26,30,377,2390,5,11,3,3,1,2,4,2,10,12,0,0,1,2,3,1,11,1,0.5322652330413777,4
26,30,378,719,0,0,3,3,0,0,2,0,1,1,1,3,0,1,1,0,0,1,0.048242782365633285,1
26,30,379,885,2,2,3,3,0,0,1,2,3,5,0,2,0,1,0,0,5,1,0.9443164166375305,0
26,30,380,1838,10,20,3,3,6,6,2,0,1,1,6,1,4,2,0,0,27,1,0.968090270753867,4
26,30,381,1818,1,5,3,3,1,2,10,0,2,2,2,1,5,0,0,0,4,0,0.6943291549798752,5
26,30,382,734,2,4,3,3,1,2,6,3,2,5,0,3,1,1,0,0,5,0,0.21793656162367747,1
26,30,383,803,1,1,3,3,2,2,8,0,0,0,2,2,1,1,0,0,4,0,0.052998342937291776,1
26,30,384,1823,6,8,3,3,0,0,13,1,3,4,4,0,1,1,0,1,14,0,0.03482869998634597,1
26,30,385,924,1,3,3,3,3,3,1,0,1,1,0,3,1,0,0,0,6,0,0.3401065038834685,1
26,30,386,55,1,1,3,3,0,0,0,0,1,1,0,0,0,0,0,0,2,0,0.15540331022084009,0
26,30,387,52,0,0,3,3,0,0,0,0,0,0,0,0,0,0,0,0,0,0,0.21800953096786269,0
26,30,388,0,0,0,3,3,0,0,0,0,0,0,0,0,0,0,0,0,0,0,0.5165538841547773,0
27,4,39,1851,2,5,3,3,3,4,3,3,6,9,2,0,0,3,3,0,7,1,0.7980849092223694,3
27,4,40,2088,10,18,3,3,2,2,2,0,11,11,1,4,2,2,1,1,26,1,0.8480230978619654,3
27,4,41,1715,3,4,3,3,6,6,-7,3,3,6,1,4,0,2,2,0,12,1,0.27000725548851046,2
27,4,42,2209,4,12,3,3,3,4,-4,0,4,4,9,0,0,2,1,0,12,1,0.9847242648682875,1
27,4,43,1613,8,13,3,3,0,0,-15,0,2,2,1,4,0,1,0,0,19,1,0.03603103680585884,0
27,4,44,1522,6,12,3,3,0,0,8,0,2,2,1,3,1,0,0,1,16,0,0.6791029056607719,1
27,4,45,985,4,7,3,3,0,0,16,0,3,3,1,3,1,0,1,1,8,0,0.7443455765799007,2
27,4,46,1402,2,6,3,3,0,0,17,0,3,3,7,1,0,0,0,1,6,0,0.5873088593070537,0
27,4,47,835,2,3,3,3,1,2,13,1,4,5,1,2,0,1,1,0,5,0,0.925827751508513,1
27,4,48,180,0,2,3,3,2,2,-3,1,0,1,0,0,0,0,0,0,2,0,0.23085146031960824,0
27,4,49,0,0,0,3,3,0,0,0,0,0,0,0,0,0,0,0,0,0,0,0.6903533430369256,0
27,4,50,0,0,0,3,3,0,0,0,0,0,0,0,0,0,0,0,0,0,0,0.7635933718014608,0
27,4,51,0,0,0,3,3,0,0,0,0,0,0,0,0,0,0,0,0,0,0,0.6895035600463084,0
27,13,154,2289,2,9,3,3,1,2,-5,1,5,6,2,2,0,2,1,0,6,1,0.44203892394505406,1
27,13,155,639,0,4,3,3,0,0,1,0,0,0,2,1,0,0,0,1,0,0,0.1417569645611354,0
27,13,156,2317,9,12,3,3,3,8,1,5,10,15,0,3,2,0,2,1,21,1,0.4122736194327984,4
27,13,157,2275,7,14,3,3,6,6,5,0,2,2,1,3,3,1,0,0,22,1,0.04135738437172243,3
27,13,158,2373,7,14,3,3,2,2,-1,2,3,5,9,3,1,1,0,0,17,1,0.4734239734500104,1
27,13,160,0,0,0,3,3,0,0,0,0,0,0,0,0,0,0,0,0,0,0,0.8032343934158529,0
27,13,161,124,0,1,3,3,0,0,-1,0,0,0,0,1,0,0,0,0,0,0,0.5567067257543126,0
27,13,162,0,0,0,3,3,0,0,0,0,0,0,0,0,0,0,0,0,0,0,0.24826733811661383,0
27,13,163,588,2,4,3,3,0,0,-10,0,1,1,0,2,0,1,0,1,4,0,0.8878152041259368,0
27,13,164,0,0,0,3,3,0,0,0,0,0,0,0,0,0,0,0,0,0,0,0.9196102761795073,0
27,13,166,2379,9,23,3,3,7,7,-5,4,6,10,11,5,1,1,1,5,25,1,0.47584117865709696,2
27,13,169,0,0,0,3,3,0,0,0,0,0,0,0,0,0,0,0,0,0,0,0.7998746269020067,0
27,13,389,1416,3,10,3,3,4,4,-15,0,2,2,1,0,0,0,0,1,12,0,0.1626213976312908,0
28,9,103,842,6,8,3,3,0,0,3,2,0,2,1,0,0,0,0,0,12,1,0.2874066640373597,0
28,9,104,2499,7,22,3,3,6,6,17,3,12,15,4,4,2,1,3,2,20,1,0.022343069896217038,5
28,9,105,2145,8,16,3,3,8,10,2,1,4,5,3,6,0,3,1,0,24,1,0.814036974655628,1
28,9,106,2324,3,7,3,3,3,3,11,0,1,1,1,1,1,2,0,0,10,1,0.6292147816711215,1
28,9,107,2120,5,14,3,3,10,11,8,0,5,5,4,4,2,1,0,1,21,1,0.9482207050847559,2
28,9,108,1040,1,3,3,3,2,2,5,0,1,1,2,3,2,1,0,1,4,0,0.015335839579939115,2
28,9,109,374,1,4,3,3,0,0,-7,2,0,2,0,2,0,0,0,0,2,0,0.7912218150844895,0
28,9,110,1056,0,4,3,3,2,2,-3,0,1,1,2,1,0,2,0,0,2,0,0.28455769153198673,0
28,9,111,686,0,1,3,3,0,0,3,1,4,5,0,1,0,1,0,0,0,0,0.27633352399356514,0
28,9,112,1224,1,4,3,3,3,4,-3,1,0,1,1,4,2,0,0,0,5,0,0.9146407213285196,2
28,9,113,90,0,0,3,3,0,0,4,0,0,0,0,0,0,0,0,0,0,0,0.45062513351190736,0
28,9,114,0,0,0,3,3,0,0,0,0,0,0,0,0,0,0,0,0,0,0,0.10534492128140704,0
28,9,115,0,0,0,3,3,0,0,0,0,0,0,0,0,0,0,0,0,0,0,0.04525980880186109,0
28,10,116,774,0,2,3,3,0,0,-17,0,1,1,0,1,1,1,0,0,0,1,0.0775073230755624,1
28,10,117,1410,7,13,3,3,3,4,-7,5,7,12,2,2,1,5,0,0,17,1,0.7952050289305216,1
28,10,118,1667,4,10,3,3,4,5,-4,1,2,3,2,5,0,1,1,1,13,1,0.06072288916642399,1
28,10,119,2350,6,13,3,3,5,6,-11,2,7,9,4,5,0,2,1,1,21,1,0.8586341632456789,1
28,10,120,1926,3,8,3,3,10,12,7,0,1,1,3,2,2,1,0,0,16,0,0.9629982457058133,2
28,10,121,1430,1,9,3,3,3,3,7,2,5,7,1,5,2,2,2,1,6,0,0.71383009769715,4
28,10,122,1185,2,7,3,3,2,2,5,0,2,2,0,2,0,2,0,0,6,0,0.7757142775236656,0
28,10,123,2421,5,13,3,3,0,0,-8,1,3,4,2,2,0,4,0,0,11,1,0.33415084620367685,0
28,10,124,1237,1,5,3,3,0,0,-12,3,4,7,2,3,1,2,0,1,2,0,0.034830397621256504,1
28,10,125,0,0,0,3,3,0,0,0,0,0,0,0,0,0,0,0,0,0,0,0.4483693495939227,0
28,10,126,0,0,0,3,3,0,0,0,0,0,0,0,0,0,0,0,0,0,0,0.239855271550503,0
28,10,127,0,0,0,3,3,0,0,0,0,0,0,0,0,0,0,0,0,0,0,0.6768765188820492,0
28,10,128,0,0,0,3,3,0,0,0,0,0,0,0,0,0,0,0,0,0,0,0.7140112451428694,0
29,24,293,1006,0,3,3,3,0,0,5,0,2,2,1,0,1,0,0,1,0,1,0.23690811207062556,1
29,24,294,0,0,0,3,3,0,0,0,0,0,0,0,0,0,0,0,0,0,0,0.9934456671575249,0
29,24,295,2205,13,24,3,3,3,3,7,4,12,16,0,1,0,2,1,3,29,1,0.11711246534238551,1
29,24,296,1373,2,7,3,3,3,3,15,0,3,3,2,5,1,3,2,1,7,1,0.013025325342207794,3
29,24,297,2089,5,15,3,3,2,2,20,2,8,10,10,2,1,4,0,2,13,1,0.30227134076703666,1
29,24,298,1487,2,4,3,3,4,6,11,1,3,4,0,2,0,2,2,0,8,1,0.5126225819307749,2
29,24,299,675,1,1,3,3,0,0,4,1,1,2,1,1,0,0,0,0,13,0,0.3222668198617922,0
29,24,300,1507,4,10,3,3,3,3,-4,0,3,3,2,1,0,2,0,1,12,0,0.6469445953276804,0
29,24,301,791,1,2,3,3,0,0,-9,0,0,0,1,2,1,0,0,0,2,0,0.7021141086600855,1
29,24,302,1874,1,5,3,3,3,4,6,0,3,3,3,1,1,1,0,2,5,0,0.01713906713613067,1
29,24,303,0,0,0,3,3,0,0,0,0,0,0,0,0,0,0,0,0,0,0,0.3049727357462143,0
29,24,304,1393,4,7,3,3,1,2,0,1,1,2,1,1,0,0,0,0,13,0,0.2313713475961744,0
29,24,305,0,0,0,3,3,0,0,0,0,0,0,0,0,0,0,0,0,0,0,0.40348176799867086,0
29,27,331,1855,1,3,3,3,0,0,-21,0,3,3,1,1,2,1,3,0,2,1,0.974469135836499,5
29,27,332,1778,5,20,3,3,0,0,-6,2,4,6,1,4,3,2,5,1,10,1,0.9664819189536421,8
29,27,333,0,0,0,3,3,0,0,0,0,0,0,0,0,0,0,0,0,0,0,0.23247833614948943,0
29,27,334,1386,2,10,3,3,4,4,-21,1,2,3,0,1,0,1,0,2,8,1,0.9262977133511167,0
29,27,335,1287,5,11,3,3,0,0,-20,1,1,2,7,1,0,1,0,0,11,1,0.4801884708602304,0
29,27,336,791,0,1,3,3,0,0,-18,1,2,3,0,4,0,0,0,0,0,1,0.26872977576467494,0
29,27,337,1822,8,18,3,3,4,4,7,2,4,6,2,4,2,2,0,1,21,0,0.8692482949353576,2
29,27,338,1236,3,7,3,3,0,0,8,0,2,2,2,1,0,2,1,1,6,0,0.3775677275657523,1
29,27,339,1888,5,12,3,3,4,5,7,2,6,8,1,3,1,2,1,1,15,0,0.04825788621481619,2
29,27,340,1255,0,0,3,3,0,0,14,0,2,2,1,2,0,1,0,0,0,0,0.36683893962987046,0
29,27,341,1102,2,5,3,3,3,5,-5,5,3,8,0,4,0,1,0,1,7,0,0.47528885099573337,0
29,27,342,0,0,0,3,3,0,0,0,0,0,0,0,0,0,0,0,0,0,0,0.22884683904387182,0
29,27,343,0,0,0,3,3,0,0,0,0,0,0,0,0,0,0,0,0,0,0,0.8358919622069209,0
30,17,204,1989,8,17,3,3,3,4,-2,2,3,5,1,2,1,0,0,2,24,1,0.6575027312138694,1
30,17,206,2022,10,14,3,3,2,3,11,3,6,9,0,3,0,3,1,0,22,1,0.7626297766969797,1
30,17,207,2375,8,19,3,3,4,5,9,0,4,4,9,3,0,3,1,1,20,1,0.4631722118994319,1
30,17,209,1526,2,5,3,3,0,0,7,1,6,7,2,3,2,0,0,0,5,1,0.18435837415455325,2
30,17,210,0,0,0,3,3,0,0,0,0,0,0,0,0,0,0,0,0,0,0,0.31145656040425607,0
30,17,211,941,0,1,3,3,0,0,2,0,2,2,1,2,0,1,1,0,0,0,0.4230379721201052,1
30,17,212,1963,4,12,3,3,0,0,7,0,5,5,3,3,1,2,0,0,10,1,0.10363491670897074,1
30,17,213,1031,3,4,3,3,0,0,1,0,3,3,2,0,0,0,2,0,6,0,0.3133536515357602,2
30,17,214,1373,3,8,3,3,2,2,10,0,2,2,5,1,2,2,0,0,10,0,0.34544256420134,2
30,17,215,0,0,0,3,3,0,0,0,0,0,0,0,0,0,0,0,0,0,0,0.2476660559263798,0
30,17,216,1180,2,4,3,3,1,2,-5,3,2,5,0,3,0,0,0,0,5,0,0.4741333233584114,0
30,25,306,2416,7,17,3,3,9,10,-4,1,5,6,3,3,0,3,0,0,26,1,0.537931005581026,0
30,25,307,2061,9,16,3,3,3,3,-5,1,6,7,4,1,2,0,0,0,21,1,0.4018771624229054,2
30,25,308,1911,5,13,3,3,2,3,-2,1,1,2,0,4,1,1,1,1,12,1,0.36013753355873934,2
30,25,309,1693,2,5,3,3,1,2,-13,0,3,3,1,4,1,2,0,0,6,1,0.9053689888447105,1
30,25,310,2106,2,5,3,3,3,4,-3,0,4,4,5,1,1,1,0,0,8,1,0.7553739564721957,1
30,25,311,819,3,7,3,3,0,2,-3,1,4,5,1,1,0,0,0,0,6,0,0.48630343711712165,0
30,25,312,1188,1,8,3,3,0,0,3,3,2,5,1,2,1,1,0,4,2,0,0.7339870473492376,1
30,25,313,968,1,2,3,3,2,2,-4,1,2,3,0,3,0,2,1,0,4,0,0.4318622401215586,1
30,25,314,464,0,1,3,3,0,0,-4,0,3,3,1,0,0,0,1,0,0,0,0.5299712267666801,1
30,25,315,774,3,4,3,3,2,2,-5,0,1,1,3,0,0,0,0,0,9,0,0.12244611265260352,0
30,25,316,0,0,0,3,3,0,0,0,0,0,0,0,0,0,0,0,0,0,0,0.8506562147927392,0
30,25,317,0,0,0,3,3,0,0,0,0,0,0,0,0,0,0,0,0,0,0,0.34669814904325635,0
30,25,318,0,0,0,3,3,0,0,0,0,0,0,0,0,0,0,0,0,0,0,0.7852221655732288,0
30,17,344,0,0,0,3,3,0,0,0,0,0,0,0,0,0,0,0,0,0,0,0.4684173654850481,0
30,17,390,0,0,0,3,3,0,0,0,0,0,0,0,0,0,0,0,0,0,0,0.4281584368744855,0
