TeamId,TeamName,nb_rows_in_Actions,nb_rows_in_Game,random_value,SUM(Actions.OffensiveRebounds),SUM(Actions.FreeThrowsMade),SUM(Actions.BlockedShots),SUM(Actions.Points),SUM(Actions.FieldGoalAttempts),SUM(Actions.BlocksAgainst),SUM(Actions.PlusMinus),SUM(Actions.TotalRebounds),SUM(Actions.Turnovers),SUM(Actions.3PointAttempts),SUM(Actions.Starter),SUM(Actions.Minutes),SUM(Actions.PersonalFouls),SUM(Actions.DefensiveRebounds),SUM(Actions.Assists),SUM(Actions.FreeThrowAttempts),SUM(Actions.FieldGoalsMade),SUM(Actions.Steals),STD(Actions.OffensiveRebounds),STD(Actions.FreeThrowsMade),STD(Actions.BlockedShots),STD(Actions.Points),STD(Actions.FieldGoalAttempts),STD(Actions.BlocksAgainst),STD(Actions.PlusMinus),STD(Actions.TotalRebounds),STD(Actions.Turnovers),STD(Actions.Starter),STD(Actions.Minutes),STD(Actions.PersonalFouls),STD(Actions.DefensiveRebounds),STD(Actions.Assists),STD(Actions.FreeThrowAttempts),STD(Actions.FieldGoalsMade),STD(Actions.Steals),MAX(Actions.OffensiveRebounds),MAX(Actions.FreeThrowsMade),MAX(Actions.BlockedShots),MAX(Actions.Points),MAX(Actions.FieldGoalAttempts),MAX(Actions.BlocksAgainst),MAX(Actions.PlusMinus),MAX(Actions.TotalRebounds),MAX(Actions.Turnovers),MAX(Actions.Minutes),MAX(Actions.PersonalFouls),MAX(Actions.DefensiveRebounds),MAX(Actions.Assists),MAX(Actions.FreeThrowAttempts),MAX(Actions.FieldGoalsMade),MAX(Actions.Steals),SKEW(Actions.OffensiveRebounds),SKEW(Actions.FreeThrowsMade),SKEW(Actions.BlockedShots),SKEW(Actions.Points),SKEW(Actions.FieldGoalAttempts),SKEW(Actions.BlocksAgainst),SKEW(Actions.PlusMinus),SKEW(Actions.TotalRebounds),SKEW(Actions.Turnovers),SKEW(Actions.Starter),SKEW(Actions.Minutes),SKEW(Actions.PersonalFouls),SKEW(Actions.DefensiveRebounds),SKEW(Actions.Assists),SKEW(Actions.FreeThrowAttempts),SKEW(Actions.FieldGoalsMade),SKEW(Actions.Steals),MIN(Actions.PlusMinus),MIN(Actions.Minutes),MEAN(Actions.OffensiveRebounds),MEAN(Actions.FreeThrowsMade),MEAN(Actions.BlockedShots),MEAN(Actions.Points),MEAN(Actions.FieldGoalAttempts),MEAN(Actions.BlocksAgainst),MEAN(Actions.PlusMinus),MEAN(Actions.TotalRebounds),MEAN(Actions.Turnovers),MEAN(Actions.Starter),MEAN(Actions.Minutes),MEAN(Actions.PersonalFouls),MEAN(Actions.DefensiveRebounds),MEAN(Actions.Assists),MEAN(Actions.FreeThrowAttempts),MEAN(Actions.FieldGoalsMade),MEAN(Actions.Steals),NUM_UNIQUE(Actions.PlayerId),NUM_UNIQUE(Actions.GameId),MODE(Actions.PlayerId),MODE(Actions.GameId),SUM(Game[Team1Id].ResultOfTeam1),STD(Game[Team1Id].ResultOfTeam1),MAX(Game[Team1Id].ResultOfTeam1),SKEW(Game[Team1Id].ResultOfTeam1),MIN(Game[Team1Id].ResultOfTeam1),MEAN(Game[Team1Id].ResultOfTeam1),NUM_UNIQUE(Game[Team1Id].Team2Id),MODE(Game[Team1Id].Team2Id),SUM(Game[Team1Id].Actions.OffensiveRebounds),SUM(Game[Team1Id].Actions.FreeThrowsMade),SUM(Game[Team1Id].Actions.BlockedShots),SUM(Game[Team1Id].Actions.Points),SUM(Game[Team1Id].Actions.FieldGoalAttempts),SUM(Game[Team1Id].Actions.BlocksAgainst),SUM(Game[Team1Id].Actions.TotalRebounds),SUM(Game[Team1Id].Actions.Turnovers),SUM(Game[Team1Id].Actions.3PointAttempts),SUM(Game[Team1Id].Actions.Starter),SUM(Game[Team1Id].Actions.Minutes),SUM(Game[Team1Id].Actions.PersonalFouls),SUM(Game[Team1Id].Actions.DefensiveRebounds),SUM(Game[Team1Id].Actions.Assists),SUM(Game[Team1Id].Actions.FreeThrowAttempts),SUM(Game[Team1Id].Actions.FieldGoalsMade),SUM(Game[Team1Id].Actions.Steals),STD(Game[Team1Id].Actions.OffensiveRebounds),STD(Game[Team1Id].Actions.FreeThrowsMade),STD(Game[Team1Id].Actions.BlockedShots),STD(Game[Team1Id].Actions.Points),STD(Game[Team1Id].Actions.FieldGoalAttempts),STD(Game[Team1Id].Actions.BlocksAgainst),STD(Game[Team1Id].Actions.PlusMinus),STD(Game[Team1Id].Actions.TotalRebounds),STD(Game[Team1Id].Actions.Turnovers),STD(Game[Team1Id].Actions.3PointAttempts),STD(Game[Team1Id].Actions.Starter),STD(Game[Team1Id].Actions.Minutes),STD(Game[Team1Id].Actions.PersonalFouls),STD(Game[Team1Id].Actions.DefensiveRebounds),STD(Game[Team1Id].Actions.Assists),STD(Game[Team1Id].Actions.FreeThrowAttempts),STD(Game[Team1Id].Actions.FieldGoalsMade),STD(Game[Team1Id].Actions.Steals),MAX(Game[Team1Id].Actions.OffensiveRebounds),MAX(Game[Team1Id].Actions.FreeThrowsMade),MAX(Game[Team1Id].Actions.BlockedShots),MAX(Game[Team1Id].Actions.Points),MAX(Game[Team1Id].Actions.FieldGoalAttempts),MAX(Game[Team1Id].Actions.BlocksAgainst),MAX(Game[Team1Id].Actions.PlusMinus),MAX(Game[Team1Id].Actions.TotalRebounds),MAX(Game[Team1Id].Actions.Turnovers),MAX(Game[Team1Id].Actions.3PointAttempts),MAX(Game[Team1Id].Actions.Starter),MAX(Game[Team1Id].Actions.Minutes),MAX(Game[Team1Id].Actions.PersonalFouls),MAX(Game[Team1Id].Actions.DefensiveRebounds),MAX(Game[Team1Id].Actions.Assists),MAX(Game[Team1Id].Actions.FreeThrowAttempts),MAX(Game[Team1Id].Actions.FieldGoalsMade),MAX(Game[Team1Id].Actions.Steals),SKEW(Game[Team1Id].Actions.OffensiveRebounds),SKEW(Game[Team1Id].Actions.FreeThrowsMade),SKEW(Game[Team1Id].Actions.BlockedShots),SKEW(Game[Team1Id].Actions.Points),SKEW(Game[Team1Id].Actions.FieldGoalAttempts),SKEW(Game[Team1Id].Actions.BlocksAgainst),SKEW(Game[Team1Id].Actions.PlusMinus),SKEW(Game[Team1Id].Actions.TotalRebounds),SKEW(Game[Team1Id].Actions.Turnovers),SKEW(Game[Team1Id].Actions.Starter),SKEW(Game[Team1Id].Actions.Minutes),SKEW(Game[Team1Id].Actions.PersonalFouls),SKEW(Game[Team1Id].Actions.DefensiveRebounds),SKEW(Game[Team1Id].Actions.Assists),SKEW(Game[Team1Id].Actions.FreeThrowAttempts),SKEW(Game[Team1Id].Actions.FieldGoalsMade),SKEW(Game[Team1Id].Actions.Steals),MIN(Game[Team1Id].Actions.PlusMinus),MEAN(Game[Team1Id].Actions.OffensiveRebounds),MEAN(Game[Team1Id].Actions.FreeThrowsMade),MEAN(Game[Team1Id].Actions.BlockedShots),MEAN(Game[Team1Id].Actions.Points),MEAN(Game[Team1Id].Actions.FieldGoalAttempts),MEAN(Game[Team1Id].Actions.BlocksAgainst),MEAN(Game[Team1Id].Actions.TotalRebounds),MEAN(Game[Team1Id].Actions.Turnovers),MEAN(Game[Team1Id].Actions.Starter),MEAN(Game[Team1Id].Actions.Minutes),MEAN(Game[Team1Id].Actions.PersonalFouls),MEAN(Game[Team1Id].Actions.DefensiveRebounds),MEAN(Game[Team1Id].Actions.Assists),MEAN(Game[Team1Id].Actions.FreeThrowAttempts),MEAN(Game[Team1Id].Actions.FieldGoalsMade),MEAN(Game[Team1Id].Actions.Steals),NUM_UNIQUE(Game[Team1Id].Actions.TeamId),NUM_UNIQUE(Game[Team1Id].Actions.PlayerId),MODE(Game[Team1Id].Actions.TeamId),MODE(Game[Team1Id].Actions.PlayerId),SUM(Game[Team2Id].ResultOfTeam1),STD(Game[Team2Id].ResultOfTeam1),MAX(Game[Team2Id].ResultOfTeam1),MIN(Game[Team2Id].ResultOfTeam1),MEAN(Game[Team2Id].ResultOfTeam1),COUNT(Game[Team2Id]),NUM_UNIQUE(Game[Team2Id].Team1Id),MODE(Game[Team2Id].Team1Id),SUM(Game[Team2Id].Actions.OffensiveRebounds),SUM(Game[Team2Id].Actions.FreeThrowsMade),SUM(Game[Team2Id].Actions.BlockedShots),SUM(Game[Team2Id].Actions.Points),SUM(Game[Team2Id].Actions.FieldGoalAttempts),SUM(Game[Team2Id].Actions.BlocksAgainst),SUM(Game[Team2Id].Actions.TotalRebounds),SUM(Game[Team2Id].Actions.Turnovers),SUM(Game[Team2Id].Actions.3PointAttempts),SUM(Game[Team2Id].Actions.Starter),SUM(Game[Team2Id].Actions.Minutes),SUM(Game[Team2Id].Actions.PersonalFouls),SUM(Game[Team2Id].Actions.DefensiveRebounds),SUM(Game[Team2Id].Actions.Assists),SUM(Game[Team2Id].Actions.FreeThrowAttempts),SUM(Game[Team2Id].Actions.FieldGoalsMade),SUM(Game[Team2Id].Actions.Steals),STD(Game[Team2Id].Actions.OffensiveRebounds),STD(Game[Team2Id].Actions.FreeThrowsMade),STD(Game[Team2Id].Actions.BlockedShots),STD(Game[Team2Id].Actions.Points),STD(Game[Team2Id].Actions.FieldGoalAttempts),STD(Game[Team2Id].Actions.BlocksAgainst),STD(Game[Team2Id].Actions.PlusMinus),STD(Game[Team2Id].Actions.TotalRebounds),STD(Game[Team2Id].Actions.Turnovers),STD(Game[Team2Id].Actions.Starter),STD(Game[Team2Id].Actions.Minutes),STD(Game[Team2Id].Actions.PersonalFouls),STD(Game[Team2Id].Actions.DefensiveRebounds),STD(Game[Team2Id].Actions.Assists),STD(Game[Team2Id].Actions.FreeThrowAttempts),STD(Game[Team2Id].Actions.FieldGoalsMade),STD(Game[Team2Id].Actions.Steals),MAX(Game[Team2Id].Actions.OffensiveRebounds),MAX(Game[Team2Id].Actions.FreeThrowsMade),MAX(Game[Team2Id].Actions.BlockedShots),MAX(Game[Team2Id].Actions.Points),MAX(Game[Team2Id].Actions.FieldGoalAttempts),MAX(Game[Team2Id].Actions.BlocksAgainst),MAX(Game[Team2Id].Actions.PlusMinus),MAX(Game[Team2Id].Actions.TotalRebounds),MAX(Game[Team2Id].Actions.Turnovers),MAX(Game[Team2Id].Actions.3PointAttempts),MAX(Game[Team2Id].Actions.Starter),MAX(Game[Team2Id].Actions.Minutes),MAX(Game[Team2Id].Actions.PersonalFouls),MAX(Game[Team2Id].Actions.DefensiveRebounds),MAX(Game[Team2Id].Actions.Assists),MAX(Game[Team2Id].Actions.FreeThrowAttempts),MAX(Game[Team2Id].Actions.FieldGoalsMade),MAX(Game[Team2Id].Actions.Steals),SKEW(Game[Team2Id].Actions.OffensiveRebounds),SKEW(Game[Team2Id].Actions.FreeThrowsMade),SKEW(Game[Team2Id].Actions.BlockedShots),SKEW(Game[Team2Id].Actions.Points),SKEW(Game[Team2Id].Actions.FieldGoalAttempts),SKEW(Game[Team2Id].Actions.BlocksAgainst),SKEW(Game[Team2Id].Actions.PlusMinus),SKEW(Game[Team2Id].Actions.TotalRebounds),SKEW(Game[Team2Id].Actions.Turnovers),SKEW(Game[Team2Id].Actions.Starter),SKEW(Game[Team2Id].Actions.Minutes),SKEW(Game[Team2Id].Actions.PersonalFouls),SKEW(Game[Team2Id].Actions.DefensiveRebounds),SKEW(Game[Team2Id].Actions.Assists),SKEW(Game[Team2Id].Actions.FreeThrowAttempts),SKEW(Game[Team2Id].Actions.FieldGoalsMade),SKEW(Game[Team2Id].Actions.Steals),MIN(Game[Team2Id].Actions.PlusMinus),MEAN(Game[Team2Id].Actions.OffensiveRebounds),MEAN(Game[Team2Id].Actions.FreeThrowsMade),MEAN(Game[Team2Id].Actions.BlockedShots),MEAN(Game[Team2Id].Actions.Points),MEAN(Game[Team2Id].Actions.FieldGoalAttempts),MEAN(Game[Team2Id].Actions.BlocksAgainst),MEAN(Game[Team2Id].Actions.TotalRebounds),MEAN(Game[Team2Id].Actions.Turnovers),MEAN(Game[Team2Id].Actions.Starter),MEAN(Game[Team2Id].Actions.Minutes),MEAN(Game[Team2Id].Actions.PersonalFouls),MEAN(Game[Team2Id].Actions.DefensiveRebounds),MEAN(Game[Team2Id].Actions.Assists),MEAN(Game[Team2Id].Actions.FreeThrowAttempts),MEAN(Game[Team2Id].Actions.FieldGoalsMade),MEAN(Game[Team2Id].Actions.Steals),NUM_UNIQUE(Game[Team2Id].Actions.TeamId),NUM_UNIQUE(Game[Team2Id].Actions.PlayerId),MODE(Game[Team2Id].Actions.TeamId),MODE(Game[Team2Id].Actions.PlayerId),add_numerical
1,Portland Trail Blazers,13,1.0,0.7685931442033551,,,,,,,,,,,,,,,,,,,,,,,,,,,,,,,,,,,,,,,,,,,,,,,,,,,,,,,,,,,,,,,,,,,,,,,,,,,,,,,,,,,,,,,,,,,,,,,,,,,,,,,,,,,,,,,,,,,,,,,,,,,,,,,,,,,,,,,,,,,,,,,,,,,,,,,,,,,,,,,,,,,,,,,,,,,,,,,,,,,,,,,,,,,,,,,,,,,,,,,,,,,,,,,,,,,,,,,,,,,,,,,,,,,,,,,,,,,,,,,,,,,,,,,,,,,,,,,,,,,,,,,,,,,,,,,,,,,,,,,,,,,,,,,,,1
2,Los Angeles Lakers,26,1.0,0.8397588514016633,11.0,19.0,5.0,124.0,99.0,10.0,60.0,50.0,10.0,39.0,5.0,14400.0,18.0,39.0,32.0,21.0,46.0,10.0,1.214231845389905,2.989297147474208,0.7679476477883045,11.428147885924654,7.5887906539674415,1.0919284281983377,14.551852468205217,4.48787540391059,0.8320502943378436,0.5063696835418333,872.1212057024513,1.2608503439122305,3.8514066694304474,3.1255768698323143,3.1500915737605033,3.9075863098888513,1.1657505560686465,3.0,9.0,2.0,34.0,22.0,3.0,27.0,15.0,2.0,2134.0,4.0,14.0,8.0,9.0,12.0,3.0,1.0019509825351087,2.1024531420146566,1.760248449252519,1.348016282632417,0.7195635119214461,1.4422008054588202,0.38466952710943214,1.511856592297929,0.4977360346600118,0.5385932088581316,-0.02501738326438904,0.6018142102452134,2.223826990841902,0.826991218530926,1.9695837815692734,1.1042267831775454,1.2712751460334997,-13.0,37.0,0.8461538461538461,1.4615384615384615,0.38461538461538464,9.538461538461538,7.615384615384615,0.7692307692307693,4.615384615384615,3.8461538461538463,0.7692307692307693,0.38461538461538464,1107.6923076923076,1.3846153846153846,3.0,2.4615384615384617,1.6153846153846154,3.5384615384615383,0.7692307692307693,13.0,1.0,1.0,10.0,1.0,,1.0,,1.0,1.0,1.0,2.0,20.0,38.0,15.0,236.0,191.0,15.0,95.0,21.0,78.0,10.0,28800.0,34.0,75.0,63.0,43.0,87.0,17.0,1.1766968108291043,2.4532552941880184,0.9454343731037886,10.939554202701597,7.304477025453953,0.9021342216356467,13.725887949418793,3.7088252338691587,0.8494342008292705,0.0,0.49613893835683387,780.0503455152505,1.3196736193235288,3.0896850723259552,3.0485810066071974,2.622095462675724,3.94909921569269,0.9774377808252631,4.0,9.0,3.0,40.0,26.0,3.0,27.0,15.0,3.0,3.0,1.0,2134.0,4.0,14.0,10.0,9.0,15.0,3.0,1.4437779326450684,1.952040954347963,1.2989321230420858,1.633320168935417,1.0623638981984231,1.6993937805226227,0.31138178624079293,1.2904016127799889,0.8195597095439283,0.5038911092686594,-0.2447145278233482,0.623213308579856,1.9329477597351676,1.1503285351300343,1.7224143112984776,1.565546828707436,1.3402222858977095,-20.0,0.7692307692307693,1.4615384615384615,0.5769230769230769,9.076923076923077,7.346153846153846,0.5769230769230769,3.6538461538461537,0.8076923076923077,0.38461538461538464,1107.6923076923076,1.3076923076923077,2.8846153846153846,2.423076923076923,1.6538461538461537,3.3461538461538463,0.6538461538461539,2.0,26.0,1.0,1.0,0.0,,,,,0.0,,,0.0,0.0,0.0,0.0,0.0,0.0,0.0,0.0,0.0,0.0,0.0,0.0,0.0,0.0,0.0,0.0,0.0,,,,,,,,,,,,,,,,,,,,,,,,,,,,,,,,,,,,,,,,,,,,,,,,,,,,,,,,,,,,,,,,,,,,,,,,,,2
3,Golden State Warriors,24,2.0,0.2617324209973523,23.0,35.0,16.0,214.0,188.0,9.0,-85.0,97.0,21.0,78.0,10.0,28800.0,37.0,74.0,57.0,42.0,78.0,14.0,1.4234303095528935,2.058005008590751,1.1340872303988994,9.153393653974213,6.947273953473792,0.5615911461059686,9.145743019821593,4.005573040729052,0.9805806756909201,0.4961389383568338,785.0067907594567,1.6534346536365305,3.0684498717405533,2.993582880352315,2.467013142679594,3.4292856398964493,0.7605665904189709,6.0,8.0,4.0,40.0,26.0,2.0,11.0,15.0,3.0,2170.0,6.0,10.0,10.0,10.0,15.0,2.0,2.382568272529661,1.9386878362770807,1.7403283959313254,1.7992740670025789,0.976797975278002,1.4028085797138383,-0.6255649853740212,1.180958414768024,1.243344918194465,0.5038911092686594,-0.46276088271144766,1.0955860992302997,0.7690540892656156,1.6598021713105513,1.9713091992074765,1.8632031429454974,1.0420562794544668,-20.0,0.0,0.8846153846153846,1.3461538461538463,0.6153846153846154,8.23076923076923,7.230769230769231,0.34615384615384615,-3.269230769230769,3.730769230769231,0.8076923076923077,0.38461538461538464,1107.6923076923076,1.4230769230769231,2.8461538461538463,2.1923076923076925,1.6153846153846154,3.0,0.5384615384615384,13.0,2.0,14.0,10.0,-1.0,,-1.0,,-1.0,-1.0,1.0,11.0,22.0,34.0,10.0,209.0,182.0,10.0,99.0,18.0,81.0,10.0,28800.0,39.0,77.0,42.0,47.0,79.0,15.0,1.3311948663061213,2.030395804395567,1.005681863909264,9.247006137508642,7.608662030326874,0.6292943635623919,5.43492976389406,4.411523371981436,0.9999999999999999,0.0,0.49210287762341137,977.8280484357625,1.6486202467362574,3.5809721896939974,2.4231786710424124,2.535783790112917,3.668220339052775,0.8473185457363234,6.0,8.0,4.0,31.0,24.0,2.0,11.0,15.0,3.0,3.0,1.0,2763.0,6.0,11.0,10.0,10.0,12.0,3.0,2.584386125943206,2.0602844054641194,2.8345984228759176,1.0916000742051002,0.8883503372043693,1.5314629575554655,-0.25615556418939167,1.1669760892999261,1.4953846153846162,0.5689867154450456,0.2130547599857576,0.9956868097501108,0.9826184021819928,2.0375272510529623,1.7972681278246625,1.2907448186661754,1.4516382371061227,-14.0,0.8148148148148148,1.2592592592592593,0.37037037037037035,7.7407407407407405,6.7407407407407405,0.37037037037037035,3.6666666666666665,0.6666666666666666,0.37037037037037035,1066.6666666666667,1.4444444444444444,2.8518518518518516,1.5555555555555556,1.7407407407407407,2.925925925925926,0.5555555555555556,2.0,27.0,11.0,14.0,1.0,,1.0,1.0,1.0,1.0,1.0,1.0,20.0,38.0,15.0,236.0,191.0,15.0,95.0,21.0,78.0,10.0,28800.0,34.0,75.0,63.0,43.0,87.0,17.0,1.1766968108291043,2.4532552941880184,0.9454343731037886,10.939554202701597,7.304477025453953,0.9021342216356467,13.725887949418793,3.7088252338691587,0.8494342008292705,0.49613893835683387,780.0503455152505,1.3196736193235288,3.0896850723259552,3.0485810066071974,2.622095462675724,3.94909921569269,0.9774377808252631,4.0,9.0,3.0,40.0,26.0,3.0,27.0,15.0,3.0,3.0,1.0,2134.0,4.0,14.0,10.0,9.0,15.0,3.0,1.4437779326450684,1.952040954347963,1.2989321230420858,1.633320168935417,1.0623638981984231,1.6993937805226227,0.31138178624079293,1.2904016127799889,0.8195597095439283,0.5038911092686594,-0.2447145278233482,0.623213308579856,1.9329477597351676,1.1503285351300343,1.7224143112984776,1.565546828707436,1.3402222858977095,-20.0,0.7692307692307693,1.4615384615384615,0.5769230769230769,9.076923076923077,7.346153846153846,0.5769230769230769,3.6538461538461537,0.8076923076923077,0.38461538461538464,1107.6923076923076,1.3076923076923077,2.8846153846153846,2.423076923076923,1.6538461538461537,3.3461538461538463,0.6538461538461539,2.0,26.0,1.0,1.0,3
4,Dallas Mavericks,26,1.0,0.5991625476396589,13.0,13.0,5.0,225.0,176.0,9.0,-95.0,72.0,24.0,72.0,10.0,30300.0,37.0,59.0,51.0,16.0,88.0,11.0,1.2150922908825974,1.0206207261596574,0.5089773777040515,9.412353122590961,7.154607312571491,0.7109393663377318,9.66157412085389,3.4262414443209646,1.2158375177486576,0.5036101551853348,977.2342516555053,1.3506573815438319,2.6699481621195935,2.75542942285732,1.203858530857692,3.7840243894179832,0.5882299658752717,4.0,4.0,2.0,27.0,24.0,2.0,12.0,9.0,4.0,2830.0,4.0,8.0,10.0,4.0,11.0,2.0,2.2737824691092254,2.1527626216890323,2.5392775681297146,0.4475047657163348,0.5951992008911177,1.6705830914605295,-0.6054023825470127,0.7146270594978764,1.266704579673971,0.36102961774325276,-0.0501325744215292,0.1348151024522658,0.6410645445272015,1.3817971501631567,2.0177544510651906,0.5709453442956876,0.8730683556696732,-25.0,0.0,0.5416666666666666,0.5416666666666666,0.20833333333333334,9.375,7.333333333333333,0.375,-3.9583333333333335,3.0,1.0,0.4166666666666667,1262.5,1.5416666666666667,2.4583333333333335,2.125,0.6666666666666666,3.6666666666666665,0.4583333333333333,13.0,2.0,27.0,11.0,0.0,1.4142135623730951,1.0,,-1.0,0.0,2.0,4.0,36.0,44.0,12.0,456.0,355.0,14.0,160.0,45.0,150.0,20.0,60599.0,61.0,124.0,107.0,54.0,179.0,24.0,1.2295677023628577,1.2719902451172609,0.4763809143009449,8.761325032581007,6.528587058437058,0.5728553615932406,10.08939633314833,3.200765214629726,1.1293848786315641,0.0,0.4948716593053935,883.3881780175826,1.233710183279092,2.5009385993164686,2.5072140812023997,1.4685825458167312,3.5230436748206624,0.814160391358572,4.0,4.0,2.0,33.0,24.0,2.0,21.0,11.0,4.0,3.0,1.0,2830.0,4.0,10.0,10.0,4.0,13.0,4.0,1.7305551936091745,1.3493200153554956,1.8292145036426652,0.7767141460597246,0.7945571318504469,1.9671032990033002,-0.23906672051521694,0.798956107322759,1.3547197496161334,0.420984571284102,-0.0171740830119502,0.44429902336970395,0.9419851562813035,1.194384754213695,1.0645632039207975,0.8512703940917964,2.1940763370719543,-25.0,0.72,0.88,0.24,9.12,7.1,0.28,3.2,0.9,0.4,1211.98,1.22,2.48,2.14,1.08,3.58,0.48,3.0,39.0,3.0,27.0,0.0,,,,,0.0,,,0.0,0.0,0.0,0.0,0.0,0.0,0.0,0.0,0.0,0.0,0.0,0.0,0.0,0.0,0.0,0.0,0.0,,,,,,,,,,,,,,,,,,,,,,,,,,,,,,,,,,,,,,,,,,,,,,,,,,,,,,,,,,,,,,,,,,,,,,,,,,4
5,Houston Rockets,26,2.0,0.28693907130541474,23.0,29.0,14.0,233.0,178.0,7.0,20.0,89.0,19.0,78.0,10.0,30300.0,33.0,66.0,51.0,36.0,88.0,11.0,1.3061982415214952,1.583083651028538,0.7605665904189707,9.158518523127062,6.631393866705899,0.45234432086120485,8.663983805652881,3.4313038562398046,1.0023050357128733,0.49613893835683387,877.5456718335782,1.5114944209673367,2.9152120915057855,2.5374123705975618,1.7905736081361876,3.6340272214382003,0.7575263387144726,4.0,6.0,3.0,33.0,23.0,1.0,17.0,11.0,3.0,2561.0,4.0,11.0,9.0,6.0,13.0,2.0,1.3962008220796938,1.5648488804332175,1.6330210822323352,1.153161573145689,1.0207818575072736,1.105352663758583,0.18853030530659745,1.1470969403698386,1.1099988402906873,0.5038911092686594,-0.09681176166602452,0.7072626628283605,1.7153894660126126,1.4471134368967096,1.0419247696741132,1.272756836912692,1.4775762793424807,-15.0,0.0,0.8846153846153846,1.1153846153846154,0.5384615384615384,8.961538461538462,6.846153846153846,0.2692307692307692,0.7692307692307693,3.423076923076923,0.7307692307692307,0.38461538461538464,1165.3846153846155,1.2692307692307692,2.5384615384615383,1.9615384615384615,1.3846153846153846,3.3846153846153846,0.4230769230769231,13.0,2.0,39.0,11.0,1.0,,1.0,,1.0,1.0,1.0,13.0,20.0,40.0,13.0,220.0,173.0,13.0,87.0,17.0,78.0,10.0,28800.0,41.0,67.0,50.0,49.0,80.0,11.0,1.4228898005873065,2.158346945804019,0.8124038404635959,8.79195436398879,6.474209188417117,1.0295630140987,7.730459236035075,4.049121462167394,0.891843380524078,0.0,0.4961389383568338,941.0190548221972,1.6534346536365307,3.0354317903464993,3.199038317033129,2.5349859656719693,3.3695468766358116,0.8086075400626399,5.0,7.0,3.0,26.0,23.0,5.0,17.0,15.0,3.0,3.0,1.0,2379.0,5.0,11.0,11.0,8.0,10.0,3.0,1.885691146271952,1.3524649097497685,1.6971705574423153,0.6911689173528316,0.7876049345988954,3.5735989275408784,0.3230497112238206,1.4231490886740155,1.1440455802415859,0.5038911092686593,0.03775379110702095,0.5149492911262641,1.4429952125502183,1.9894734144999737,1.1615282232982314,0.811549132760147,1.9903496875396525,-15.0,0.7692307692307693,1.5384615384615385,0.5,8.461538461538462,6.653846153846154,0.5,3.3461538461538463,0.6538461538461539,0.38461538461538464,1107.6923076923076,1.5769230769230769,2.576923076923077,1.9230769230769231,1.8846153846153846,3.076923076923077,0.4230769230769231,2.0,26.0,4.0,39.0,1.0,,1.0,1.0,1.0,1.0,1.0,3.0,24.0,15.0,8.0,246.0,187.0,10.0,89.0,21.0,75.0,10.0,31800.0,29.0,65.0,55.0,22.0,99.0,12.0,1.3686976778431872,1.0801234497346435,0.47609522856952335,10.458967444255672,7.439310003846683,0.6454972243679028,7.466592261534039,3.5364765892999586,1.106044001535804,0.5,1001.4101307656117,1.2476644848141933,2.8136571693556887,2.4664414311581235,1.4236104336041748,4.1581245772583575,0.7702813338860894,4.0,4.0,1.0,33.0,24.0,2.0,15.0,11.0,4.0,3.0,1.0,2830.0,3.0,10.0,7.0,4.0,13.0,2.0,1.3494397768530302,1.9839002137983242,0.8219035275816574,0.8147565831017264,0.9403649060733984,1.4144808742670565,-0.018278598991136576,0.6915308454682644,1.3454200969213037,0.434782608695652,0.0766666577792026,0.5121943050233355,0.9832720272916377,0.6375032801577041,1.4528499407382005,0.7904635409942576,1.261442812803142,-15.0,0.96,0.6,0.32,9.84,7.48,0.4,3.56,0.84,0.4,1272.0,1.16,2.6,2.2,0.88,3.96,0.48,2.0,25.0,4.0,27.0,5
6,Brooklyn Nets,26,1.0,0.9042250346215595,25.0,44.0,6.0,185.0,171.0,9.0,-65.0,113.0,29.0,78.0,10.0,28800.0,45.0,88.0,32.0,58.0,68.0,13.0,1.6608616855299958,3.5974349836429935,0.5870395085642742,7.4743664511551655,5.981124154692508,0.5615911461059686,7.3824115301167,6.474209188417117,1.3061982415214952,0.49613893835683376,899.2743638837159,1.56352658583581,5.044418087961567,1.7957214106356767,3.942666024990626,2.714065925167229,0.7071067811865475,6.0,16.0,2.0,26.0,18.0,2.0,15.0,23.0,4.0,2477.0,5.0,17.0,7.0,16.0,8.0,2.0,2.392605587730806,3.197581297490349,2.509565820054145,0.7969517894539546,0.46865783131796696,1.4028085797138388,0.17124759007660656,2.142280546544441,0.7037956677924584,0.5038911092686594,0.03002820537172394,0.48602428711943096,1.9061978687714165,1.6902985761232125,2.4737241323573698,0.5981555454884061,1.1030865786510142,-17.0,0.0,0.9615384615384616,1.6923076923076923,0.23076923076923078,7.115384615384615,6.576923076923077,0.34615384615384615,-2.5,4.346153846153846,1.1153846153846154,0.38461538461538464,1107.6923076923076,1.7307692307692308,3.3846153846153846,1.2307692307692308,2.230769230769231,2.6153846153846154,0.5,13.0,2.0,52.0,12.0,-2.0,0.0,-1.0,,-1.0,-1.0,2.0,6.0,34.0,84.0,14.0,397.0,329.0,13.0,191.0,55.0,156.0,20.0,57600.0,96.0,157.0,75.0,114.0,146.0,29.0,1.3118556739217175,2.9714579913349737,0.5978846572278103,8.085399201111056,5.989275231435636,0.47999182999582923,6.9648979835722375,4.953593086291512,1.2112780730021273,0.0,0.49125075078907465,861.3888816497833,1.6613792449272724,3.972900282109244,1.9036956992213294,3.4072498342330055,3.0295179292853245,0.6977122711211273,6.0,16.0,2.0,32.0,21.0,2.0,17.0,23.0,4.0,3.0,1.0,2477.0,5.0,17.0,8.0,16.0,13.0,2.0,2.9563329912619545,3.053416458305993,2.123943811519589,1.0796980935839093,0.6882300058877505,1.7287528290841185,0.020641677594867895,2.576907630976599,0.9872518726531891,0.4885488716597348,-0.04579739177924794,0.36090890096757955,2.0885661428860094,1.653011958039071,2.2136963741520095,1.132677747164997,0.8671473756098338,-17.0,0.6538461538461539,1.6153846153846154,0.2692307692307692,7.634615384615385,6.326923076923077,0.25,3.673076923076923,1.0576923076923077,0.38461538461538464,1107.6923076923076,1.8461538461538463,3.019230769230769,1.4423076923076923,2.1923076923076925,2.8076923076923075,0.5576923076923077,3.0,39.0,5.0,52.0,0.0,,,,,0.0,,,0.0,0.0,0.0,0.0,0.0,0.0,0.0,0.0,0.0,0.0,0.0,0.0,0.0,0.0,0.0,0.0,0.0,,,,,,,,,,,,,,,,,,,,,,,,,,,,,,,,,,,,,,,,,,,,,,,,,,,,,,,,,,,,,,,,,,,,,,,,,,6
7,New York Knicks,24,1.0,0.9721797005862374,13.0,32.0,5.0,186.0,148.0,8.0,-95.0,65.0,29.0,78.0,10.0,28800.0,42.0,52.0,34.0,45.0,70.0,18.0,0.812403840463596,1.7957214106356767,0.5670436151994497,7.286657986716862,5.416783036225326,0.5491251783869154,11.07769762249289,2.2135943621178655,0.9930527912220207,0.49613893835683387,666.1941920629911,1.5511782122483049,1.979898987322333,1.4904826270501985,2.272579016143418,2.963366069445093,0.7358929688062399,3.0,6.0,2.0,32.0,21.0,2.0,17.0,7.0,4.0,2129.0,5.0,6.0,6.0,8.0,13.0,2.0,1.6971705574423153,1.3759912489377746,2.8942188596579146,1.6690145246191581,1.0807298795934224,1.6445452877294515,-0.8638576933506487,0.4554417388114226,1.0808316963658273,0.5038911092686594,-0.6089712785903709,0.7069125300494329,0.8374989208659911,1.465438433615655,1.202836879785875,1.8240729659637598,0.5713528505872315,-32.0,0.0,0.5,1.2307692307692308,0.19230769230769232,7.153846153846154,5.6923076923076925,0.3076923076923077,-3.6538461538461537,2.5,1.1153846153846154,0.38461538461538464,1107.6923076923076,1.6153846153846154,2.0,1.3076923076923077,1.7307692307692308,2.6923076923076925,0.6923076923076923,13.0,2.0,65.0,12.0,-1.0,,-1.0,,-1.0,-1.0,1.0,7.0,16.0,36.0,5.0,191.0,135.0,5.0,64.0,31.0,75.0,10.0,28800.0,41.0,48.0,32.0,48.0,68.0,20.0,0.6377042156569663,2.1617893822787946,0.5773502691896257,6.756971708292603,4.769696007084728,0.5,15.806116959371563,2.5508168626278653,0.9255628917943215,0.0,0.49999999999999994,598.5529077143751,1.4966629547095764,2.3965252624024918,1.4866068747318506,2.580697580112788,2.47521042876493,1.1547005383792515,2.0,7.0,2.0,24.0,16.0,2.0,33.0,10.0,3.0,3.0,1.0,2241.0,5.0,9.0,6.0,8.0,9.0,5.0,0.47278469419668034,1.3664794708860521,2.823995881905777,1.0719188435443616,0.9421040505847718,2.608695652173912,0.14354593938438567,1.4387607357803789,0.16285864248125545,0.43478260869565194,-0.2717711643965571,0.7595832171394945,1.879155841959943,1.4598177435713797,1.2500023547214794,1.1738863537158477,2.188596808476977,-32.0,0.64,1.44,0.2,7.64,5.4,0.2,2.56,1.24,0.4,1152.0,1.64,1.92,1.28,1.92,2.72,0.8,2.0,25.0,6.0,65.0,-1.0,,-1.0,-1.0,-1.0,1.0,1.0,5.0,21.0,33.0,10.0,187.0,167.0,9.0,108.0,27.0,78.0,10.0,28800.0,41.0,87.0,36.0,45.0,76.0,14.0,1.69750948790823,3.2318130182012985,0.7524319545007682,7.848664756602773,5.900325936238282,0.5615911461059686,7.435052118176443,6.070863580692999,1.1825656592602114,0.49613893835683387,856.5617207991854,1.553655738523227,4.621188658276635,1.6511068548564158,3.4357845369893885,3.2115177336963523,0.6468860320501119,6.0,16.0,2.0,32.0,21.0,2.0,17.0,23.0,4.0,3.0,1.0,2477.0,5.0,17.0,6.0,16.0,13.0,2.0,2.5048473460085834,4.128044028492847,1.6468338796227238,1.3006844430908104,0.6055229407761217,1.4028085797138388,-0.11702887355867528,2.4806989602507863,0.863759350033486,0.5038911092686594,-0.18632482475568451,0.7113303780868775,2.1469687071043158,1.115607055087979,3.196590677261135,1.2840678534355159,0.8070336932069818,-17.0,0.8076923076923077,1.2692307692307692,0.38461538461538464,7.1923076923076925,6.423076923076923,0.34615384615384615,4.153846153846154,1.0384615384615385,0.38461538461538464,1107.6923076923076,1.5769230769230769,3.3461538461538463,1.3846153846153846,1.7307692307692308,2.923076923076923,0.5384615384615384,2.0,26.0,5.0,52.0,7
8,Utah Jazz,13,0.0,0.556481423662368,12.0,32.0,11.0,202.0,140.0,0.0,185.0,79.0,24.0,72.0,10.0,28800.0,43.0,67.0,39.0,44.0,75.0,19.0,0.659380473395787,2.315668119696713,0.883627241233132,9.121959489470242,5.6311761584535995,0.0,10.634149939112962,3.0713142161772953,1.2158375177486576,0.5036101551853348,845.6872173358289,1.5874279625330667,2.8889469522221454,1.8606333657491823,2.8386565509925203,3.1939140496453153,1.2150922908825974,2.0,8.0,3.0,34.0,19.0,0.0,33.0,10.0,4.0,2605.0,5.0,9.0,6.0,8.0,11.0,5.0,0.9926673308576576,1.9166517000331353,1.787181999559589,1.2450082658572554,1.0010687743792457,0.0,0.7483389116889363,0.848969308920564,0.9500284347554784,0.36102961774325276,-0.025627612598113973,0.37279889239168024,0.946584729135427,1.0886324624589088,1.4531233959170409,0.9680377347018484,2.179596155034936,-12.0,0.0,0.5,1.3333333333333333,0.4583333333333333,8.416666666666666,5.833333333333333,0.0,7.708333333333333,3.2916666666666665,1.0,0.4166666666666667,1200.0,1.7916666666666667,2.7916666666666665,1.625,1.8333333333333333,3.125,0.7916666666666666,12.0,2.0,78.0,1.0,1.0,,1.0,,1.0,1.0,1.0,8.0,19.0,26.0,6.0,175.0,155.0,6.0,88.0,20.0,75.0,10.0,28800.0,41.0,69.0,33.0,39.0,66.0,13.0,1.6901676445449625,1.9467922333931784,0.7234178138070235,8.440971508067067,5.560275772537426,0.6633249580710799,7.199537022151724,3.57211421989835,1.4433756729740645,0.0,0.5,918.6071884470895,1.4966629547095764,2.6025628394590847,1.6763054614240207,2.6783079235467553,2.99833287011299,0.7702813338860895,8.0,8.0,3.0,34.0,19.0,3.0,18.0,13.0,5.0,3.0,1.0,2605.0,4.0,8.0,6.0,8.0,11.0,3.0,3.5617402362752144,2.4435203810379598,3.183448242693966,1.4761279814179669,0.5526301942612447,3.4217962376241253,0.6123989947853867,1.1324907740003212,1.825430938063895,0.434782608695652,-0.05488368901286306,0.19219776810666425,0.7332197978768131,1.2349129299600279,1.7877498156314524,1.0336385163257145,1.7114144948965702,-13.0,0.76,1.04,0.24,7.0,6.2,0.24,3.52,0.8,0.4,1152.0,1.64,2.76,1.32,1.56,2.64,0.52,2.0,25.0,8.0,78.0,-1.0,,-1.0,-1.0,-1.0,1.0,1.0,6.0,16.0,36.0,5.0,191.0,135.0,5.0,64.0,31.0,75.0,10.0,28800.0,41.0,48.0,32.0,48.0,68.0,20.0,0.6377042156569663,2.1617893822787946,0.5773502691896257,6.756971708292603,4.769696007084728,0.5,15.806116959371563,2.5508168626278653,0.9255628917943215,0.49999999999999994,598.5529077143751,1.4966629547095764,2.3965252624024918,1.4866068747318506,2.580697580112788,2.47521042876493,1.1547005383792515,2.0,7.0,2.0,24.0,16.0,2.0,33.0,10.0,3.0,3.0,1.0,2241.0,5.0,9.0,6.0,8.0,9.0,5.0,0.47278469419668034,1.3664794708860521,2.823995881905777,1.0719188435443616,0.9421040505847718,2.608695652173912,0.14354593938438567,1.4387607357803789,0.16285864248125545,0.43478260869565194,-0.2717711643965571,0.7595832171394945,1.879155841959943,1.4598177435713797,1.2500023547214794,1.1738863537158477,2.188596808476977,-32.0,0.64,1.44,0.2,7.64,5.4,0.2,2.56,1.24,0.4,1152.0,1.64,1.92,1.28,1.92,2.72,0.8,2.0,25.0,6.0,65.0,8
9,Memphis Grizzlies,39,3.0,0.8960921738357288,16.0,9.0,0.0,83.0,85.0,6.0,-45.0,50.0,11.0,39.0,5.0,14400.0,23.0,34.0,15.0,15.0,33.0,5.0,2.2043081361221617,1.4366984945013914,0.0,6.89853198802061,5.363695626080098,0.8770580193070292,4.235079389562543,4.079341324408346,1.5730095277394143,0.5063696835418333,870.3610730242349,1.5358952955766088,2.5670495884855025,1.4051188470584879,2.3038429433649132,2.6650636207348044,0.6504436355879909,8.0,5.0,0.0,18.0,14.0,3.0,2.0,13.0,5.0,2362.0,4.0,8.0,4.0,8.0,7.0,2.0,2.7444675704067083,2.6316688935827495,0.0,0.5811683516017444,0.03018184725341262,2.326994390315966,-0.7710633090997869,1.2015485919644444,1.9673608384492087,0.5385932088581316,-0.1698507986223839,0.12931649791657765,0.7858566000203425,0.9591343533751411,2.533431003959928,0.46456791595883495,1.5755298881560342,-13.0,0.0,1.2307692307692308,0.6923076923076923,0.0,6.384615384615385,6.538461538461538,0.46153846153846156,-3.4615384615384617,3.8461538461538463,0.8461538461538461,0.38461538461538464,1107.6923076923076,1.7692307692307692,2.6153846153846154,1.1538461538461537,1.1538461538461537,2.5384615384615383,0.38461538461538464,13.0,1.0,90.0,1.0,0.0,,,,,,,,0.0,0.0,0.0,0.0,0.0,0.0,0.0,0.0,0.0,0.0,0.0,0.0,0.0,0.0,0.0,0.0,0.0,,,,,,,,,,,,,,,,,,,,,,,,,,,,,,,,,,,,,,,,,,,,,,,,,,,,,,,,,,,,,,,,,,,,,,,,,,,1.0,,1.0,1.0,1.0,1.0,1.0,7.0,19.0,26.0,6.0,175.0,155.0,6.0,88.0,20.0,75.0,10.0,28800.0,41.0,69.0,33.0,39.0,66.0,13.0,1.6901676445449625,1.9467922333931784,0.7234178138070235,8.440971508067067,5.560275772537426,0.6633249580710799,7.199537022151724,3.57211421989835,1.4433756729740645,0.5,918.6071884470895,1.4966629547095764,2.6025628394590847,1.6763054614240207,2.6783079235467553,2.99833287011299,0.7702813338860895,8.0,8.0,3.0,34.0,19.0,3.0,18.0,13.0,5.0,3.0,1.0,2605.0,4.0,8.0,6.0,8.0,11.0,3.0,3.5617402362752144,2.4435203810379598,3.183448242693966,1.4761279814179669,0.5526301942612447,3.4217962376241253,0.6123989947853867,1.1324907740003212,1.825430938063895,0.434782608695652,-0.05488368901286306,0.19219776810666425,0.7332197978768131,1.2349129299600279,1.7877498156314524,1.0336385163257145,1.7114144948965702,-13.0,0.76,1.04,0.24,7.0,6.2,0.24,3.52,0.8,0.4,1152.0,1.64,2.76,1.32,1.56,2.64,0.52,2.0,25.0,8.0,78.0,9
10,Denver Nuggets,39,1.0,0.5730897544028051,38.0,51.0,10.0,282.0,263.0,13.0,-30.0,119.0,33.0,117.0,15.0,43200.0,60.0,81.0,59.0,67.0,110.0,22.0,1.2244693692238042,2.3300536040123303,0.6373443553217201,7.289002308675066,6.116061463659473,0.6622661785325218,7.342957737865646,3.379105440238335,1.0140710433552769,0.4928640580901443,780.2237585208002,1.5868896065831994,2.6495741006772686,1.7452460974374882,2.8557303236670424,2.8825408644731514,0.7878976621655148,4.0,10.0,3.0,24.0,22.0,2.0,17.0,15.0,3.0,2499.0,6.0,12.0,8.0,11.0,9.0,3.0,1.0483117766163297,2.3164378109641652,2.943039401676853,0.8674571377604272,0.8254442667755709,1.8037982812917135,-0.3942916222925781,1.5882439398941492,0.8027080397286579,0.49353009060107716,0.07520416466437856,1.0296085032069906,1.9079379745673568,1.4958788318525644,1.9939215304913858,0.7866416645959832,1.3087976261536562,-19.0,0.0,0.9743589743589743,1.3076923076923077,0.2564102564102564,7.230769230769231,6.743589743589744,0.3333333333333333,-0.7692307692307693,3.051282051282051,0.8461538461538461,0.38461538461538464,1107.6923076923076,1.5384615384615385,2.076923076923077,1.5128205128205128,1.7179487179487178,2.8205128205128207,0.5641025641025641,13.0,3.0,103.0,2.0,1.0,1.1547005383792517,1.0,-1.732050807568877,-1.0,0.3333333333333333,2.0,10.0,75.0,103.0,23.0,568.0,497.0,23.0,254.0,81.0,234.0,30.0,86399.0,123.0,179.0,126.0,139.0,218.0,44.0,1.3136872633066918,2.247616860539525,0.646849996842327,7.282602353300435,5.723292518828411,0.5835176436859819,7.30059595503691,3.680188791867822,1.1781816023482492,0.0,0.4896531831411287,808.0788262563805,1.6318201992980605,2.7544956139456978,2.1273162730244244,2.863325810772274,2.852927293008733,0.8152721414771048,5.0,10.0,3.0,24.0,22.0,2.0,17.0,16.0,5.0,3.0,1.0,2499.0,6.0,12.0,10.0,12.0,10.0,3.0,1.377703299618941,2.1721528786304596,2.5854499095982684,0.8175398991733277,0.7065460020272942,1.86546937517527,-0.22155693885256753,1.431848163228333,1.2441896266954802,0.4836935884778978,0.012669660911390844,1.0280397592237012,1.5970983090653648,1.7590241491393142,1.8467393412963735,0.8462867439417099,1.4115551662557715,-19.0,0.9615384615384616,1.3205128205128205,0.2948717948717949,7.282051282051282,6.371794871794871,0.2948717948717949,3.2564102564102564,1.0384615384615385,0.38461538461538464,1107.679487179487,1.5769230769230769,2.2948717948717947,1.6153846153846154,1.7820512820512822,2.7948717948717947,0.5641025641025641,3.0,39.0,9.0,103.0,0.0,,,,,0.0,,,0.0,0.0,0.0,0.0,0.0,0.0,0.0,0.0,0.0,0.0,0.0,0.0,0.0,0.0,0.0,0.0,0.0,,,,,,,,,,,,,,,,,,,,,,,,,,,,,,,,,,,,,,,,,,,,,,,,,,,,,,,,,,,,,,,,,,,,,,,,,,10
11,Sacramento Kings,26,1.0,0.8568736422876935,33.0,59.0,19.0,321.0,245.0,14.0,110.0,129.0,45.0,117.0,15.0,43200.0,79.0,96.0,70.0,81.0,117.0,22.0,1.2883784491911066,2.553344503028743,0.8847180601095135,8.250874079570181,5.423868875281583,0.58432054501381,9.829793045076883,3.592051504098621,1.1593660141024793,0.4928640580901443,825.0991696009114,1.7989350575911571,2.664050673673989,2.667341345151002,3.295807667042731,3.1622776601683795,0.8520832611550475,5.0,10.0,3.0,34.0,19.0,2.0,29.0,13.0,5.0,2421.0,6.0,11.0,12.0,12.0,14.0,3.0,1.9358699760258369,1.748933677808759,1.723159938009468,1.0740640067638134,0.3755329559556681,1.4214349704937763,0.5211884655346046,1.179173873925006,1.2866484765362856,0.49353009060107716,-0.14773902058223579,0.560038250964604,1.34786717328991,2.056120177177473,1.574197551508687,1.3946859011880597,1.2692811317551778,-17.0,0.0,0.8461538461538461,1.5128205128205128,0.48717948717948717,8.23076923076923,6.282051282051282,0.358974358974359,2.8205128205128207,3.3076923076923075,1.1538461538461537,0.38461538461538464,1107.6923076923076,2.0256410256410255,2.4615384615384617,1.794871794871795,2.076923076923077,3.0,0.5641025641025641,13.0,3.0,116.0,2.0,1.0,,1.0,,1.0,1.0,1.0,12.0,16.0,53.0,19.0,244.0,166.0,19.0,82.0,27.0,78.0,10.0,28800.0,54.0,66.0,55.0,70.0,87.0,13.0,0.8038369524685003,2.821074536140713,1.185164707800306,8.662918321567728,5.185185999185935,1.0023050357128735,14.308039698015934,2.9757998278420237,1.076318511622623,0.0,0.49613893835683387,676.7577273577757,1.5211331808379416,2.403843076921108,2.8750919717730503,3.461435895916384,3.333974297349129,0.7615773105863908,2.0,9.0,4.0,34.0,19.0,4.0,29.0,13.0,4.0,3.0,1.0,2007.0,5.0,11.0,12.0,10.0,14.0,2.0,0.8441655070566307,1.1156741592667816,1.5063924017261012,1.2664172512602758,0.7798706391055233,1.6264194982648823,0.27729622918268343,1.5946332136092356,1.1696947788515883,0.5038911092686594,-0.5922586650601799,0.22947967563489677,1.7924793976764815,2.139550746345241,1.0336207649290559,1.531055075605959,1.1772300877078574,-21.0,0.6153846153846154,2.0384615384615383,0.7307692307692307,9.384615384615385,6.384615384615385,0.7307692307692307,3.1538461538461537,1.0384615384615385,0.38461538461538464,1107.6923076923076,2.076923076923077,2.5384615384615383,2.1153846153846154,2.6923076923076925,3.3461538461538463,0.5,2.0,26.0,10.0,116.0,2.0,0.0,1.0,1.0,1.0,2.0,1.0,9.0,52.0,88.0,14.0,378.0,321.0,14.0,170.0,56.0,156.0,20.0,57599.0,95.0,118.0,71.0,117.0,135.0,30.0,1.3719886811400708,2.5708658916561253,0.5978846572278104,7.687819203295829,5.986000510492284,0.5641368425071229,6.268502025768104,3.7317681485227365,1.152085131763084,0.49125075078907476,848.3941398405797,1.757015672211887,2.801367905466861,1.6091508679539976,3.271235300640549,2.8440485874935626,0.8710181971974928,5.0,10.0,3.0,24.0,22.0,2.0,17.0,15.0,5.0,3.0,1.0,2499.0,6.0,12.0,6.0,12.0,9.0,3.0,1.421294524368542,1.788975062938975,2.6964262742736738,0.7643264516778208,0.7320421516373301,2.0303634815119045,-0.08146422870018256,1.246759024869788,1.1249168696558707,0.48854887165973493,0.024045264169877477,0.8158926049888867,1.4708884554804973,1.1633660286707599,1.477838169984888,0.8263516140104707,1.3283966486560086,-17.0,1.0,1.6923076923076923,0.2692307692307692,7.269230769230769,6.173076923076923,0.2692307692307692,3.269230769230769,1.0769230769230769,0.38461538461538464,1107.673076923077,1.8269230769230769,2.269230769230769,1.3653846153846154,2.25,2.5961538461538463,0.5769230769230769,2.0,26.0,9.0,103.0,11
12,New Orleans Pelicans,26,0.0,0.523875601932873,23.0,41.0,7.0,209.0,166.0,16.0,50.0,94.0,26.0,78.0,10.0,28802.0,37.0,71.0,36.0,58.0,80.0,15.0,1.2434443478313963,2.4685716829466697,0.7243033788512825,11.133663437452272,7.9552595084103865,0.8978607053178383,9.09031606457367,4.2339288900681655,1.2649110640673515,0.4961389383568338,1023.4137113676876,1.4470128381759968,3.5615467685565187,2.4012817090366236,3.1152231677065103,4.3351869802635,0.856648208920181,4.0,9.0,3.0,35.0,24.0,3.0,23.0,14.0,4.0,2763.0,5.0,11.0,10.0,12.0,13.0,3.0,1.1815198898269712,1.7926956131893328,2.953591340518287,1.2338771921602651,1.0453340128263924,1.2412881087154433,0.15164695671345538,1.2187196976802466,1.0277402395547235,0.5038911092686594,0.3861885176975559,0.7235763355058421,1.4019944064047782,2.247665706296735,1.6422208989804028,1.2900632388799618,1.396158608673295,-15.0,0.0,0.8846153846153846,1.5769230769230769,0.2692307692307692,8.038461538461538,6.384615384615385,0.6153846153846154,1.9230769230769231,3.6153846153846154,1.0,0.38461538461538464,1107.7692307692307,1.4230769230769231,2.730769230769231,1.3846153846153846,2.230769230769231,3.076923076923077,0.5769230769230769,14.0,2.0,129.0,25.0,1.0,,1.0,,1.0,1.0,1.0,12.0,18.0,43.0,13.0,199.0,153.0,13.0,77.0,31.0,75.0,10.0,28802.0,45.0,59.0,42.0,57.0,74.0,18.0,1.2083045973594573,3.1160872901765764,1.2948616399703352,9.816992071573315,6.540387348366048,0.8225975119502044,12.948616399703356,3.7296112397943038,1.3625955623979797,0.0,0.5,838.5830270959061,1.4719601443879744,3.0397368307141326,2.7796882319185845,3.8353617821530213,3.5995370072644985,0.9363047936792093,4.0,12.0,5.0,35.0,19.0,3.0,23.0,14.0,4.0,3.0,1.0,2636.0,5.0,11.0,10.0,14.0,13.0,3.0,1.51423781404793,2.3220338713055804,2.7684443223715762,1.2979803575025344,0.8614174887798968,1.6395415520513463,0.08924247693553479,1.7336446703285384,0.8158127435694902,0.434782608695652,0.12784019246805733,0.37490109157295987,1.8129584653279274,2.0429862505063436,2.0694149586682697,1.31128373120971,0.9502609046867891,-20.0,0.72,1.72,0.52,7.96,6.12,0.52,3.08,1.24,0.4,1152.08,1.8,2.36,1.68,2.28,2.96,0.72,2.0,25.0,12.0,129.0,-1.0,,-1.0,-1.0,-1.0,1.0,1.0,2.0,22.0,34.0,10.0,209.0,182.0,10.0,99.0,18.0,81.0,10.0,28800.0,39.0,77.0,42.0,47.0,79.0,15.0,1.3311948663061213,2.030395804395567,1.005681863909264,9.247006137508642,7.608662030326874,0.6292943635623919,5.43492976389406,4.411523371981436,0.9999999999999999,0.49210287762341137,977.8280484357625,1.6486202467362574,3.5809721896939974,2.4231786710424124,2.535783790112917,3.668220339052775,0.8473185457363234,6.0,8.0,4.0,31.0,24.0,2.0,11.0,15.0,3.0,3.0,1.0,2763.0,6.0,11.0,10.0,10.0,12.0,3.0,2.584386125943206,2.0602844054641194,2.8345984228759176,1.0916000742051002,0.8883503372043693,1.5314629575554655,-0.25615556418939167,1.1669760892999261,1.4953846153846162,0.5689867154450456,0.2130547599857576,0.9956868097501108,0.9826184021819928,2.0375272510529623,1.7972681278246625,1.2907448186661754,1.4516382371061227,-14.0,0.8148148148148148,1.2592592592592593,0.37037037037037035,7.7407407407407405,6.7407407407407405,0.37037037037037035,3.6666666666666665,0.6666666666666666,0.37037037037037035,1066.6666666666667,1.4444444444444444,2.8518518518518516,1.5555555555555556,1.7407407407407407,2.925925925925926,0.5555555555555556,2.0,27.0,11.0,14.0,12
13,Los Angeles Clippers,39,2.0,0.6381189263550179,11.0,55.0,17.0,204.0,147.0,15.0,-175.0,72.0,29.0,78.0,10.0,28799.0,51.0,61.0,43.0,71.0,71.0,16.0,0.7575263387144725,3.0505989323662073,1.4125808349912634,7.614156855186567,5.0670883765121575,0.9868364372306861,11.45969525705703,2.566050542100717,1.2434443478313961,0.49613893835683387,673.506997279624,1.3994504415882465,2.077350383393378,2.115510485765697,3.683017157795411,2.7064026649069395,0.8978607053178383,2.0,12.0,5.0,27.0,17.0,4.0,19.0,8.0,4.0,2261.0,5.0,7.0,9.0,14.0,9.0,3.0,1.4775762793424807,1.9147488394631675,2.3350032771553386,1.0865923733151945,0.8469024614221008,2.0683004524365036,0.7734874825284805,0.8932232772351971,1.1175025574963535,0.5038911092686594,-0.41340515215885093,0.16839737894829915,0.685862719640642,2.143233202585016,1.626697133591914,0.9255592193685342,1.2412881087154433,-21.0,0.0,0.4230769230769231,2.1153846153846154,0.6538461538461539,7.846153846153846,5.653846153846154,0.5769230769230769,-6.730769230769231,2.769230769230769,1.1153846153846154,0.38461538461538464,1107.6538461538462,1.9615384615384615,2.3461538461538463,1.6538461538461537,2.730769230769231,2.730769230769231,0.6153846153846154,13.0,2.0,141.0,3.0,0.0,,,,,,,,0.0,0.0,0.0,0.0,0.0,0.0,0.0,0.0,0.0,0.0,0.0,0.0,0.0,0.0,0.0,0.0,0.0,,,,,,,,,,,,,,,,,,,,,,,,,,,,,,,,,,,,,,,,,,,,,,,,,,,,,,,,,,,,,,,,,,,,,,,,,,,2.0,0.0,1.0,1.0,1.0,2.0,2.0,10.0,34.0,96.0,32.0,443.0,319.0,32.0,159.0,58.0,153.0,20.0,57602.0,99.0,125.0,97.0,127.0,161.0,31.0,1.0132456102380443,2.9437870766991927,1.2322464739446486,9.181481789076162,5.830413835243264,0.9156589826725994,13.521834195108296,3.332548927313923,1.216874814319653,0.49308949989019313,753.0265948484287,1.4887815784174971,2.7078679841542943,2.808949283705808,3.618687878331635,3.437281187331684,0.8503747732041212,4.0,12.0,5.0,35.0,19.0,4.0,29.0,14.0,4.0,3.0,1.0,2636.0,5.0,11.0,12.0,14.0,14.0,3.0,1.4452092955152636,1.7209316659556484,2.0970123659630984,1.2103829920831,0.806238019605873,1.6401764188114514,0.19383862586130812,1.6546530390335115,0.9747944957198399,0.45527190493482306,-0.10595197147182793,0.2937607807838251,1.7574077913588573,2.020361256161894,1.5489924909061712,1.35002745891437,1.0701429605346764,-21.0,0.6666666666666666,1.8823529411764706,0.6274509803921569,8.686274509803921,6.254901960784314,0.6274509803921569,3.1176470588235294,1.1372549019607843,0.39215686274509803,1129.450980392157,1.9411764705882353,2.450980392156863,1.9019607843137254,2.4901960784313726,3.156862745098039,0.6078431372549019,3.0,38.0,12.0,141.0,13
14,Minnesota Timberwolves,26,0.0,0.6998452695118208,35.0,76.0,12.0,333.0,252.0,17.0,40.0,126.0,37.0,117.0,15.0,43200.0,62.0,91.0,67.0,91.0,114.0,25.0,1.970771580062673,2.6749197523498665,0.7661883152417266,9.329766042777033,6.758410564646385,0.911761504909786,8.619095017481701,4.906824133482172,1.431758542358569,0.4928640580901441,990.6360305073055,1.534136971822624,3.214550253664318,3.0860357635878186,3.0722298890590967,3.263712895208183,0.9864124120740052,10.0,9.0,4.0,28.0,23.0,5.0,19.0,24.0,6.0,2602.0,5.0,14.0,11.0,10.0,9.0,3.0,3.1725165567825715,1.3446772621657626,3.470296044323085,0.6826321486411967,0.6926884590015121,3.603266196947496,0.20013448037755804,2.5665053240247757,1.965673160977818,0.49353009060107716,0.21070373791231492,0.37464597688443474,2.0215918814910125,1.910326175740255,1.1028224794404509,0.7375910062344433,1.491913747859572,-20.0,0.0,0.8974358974358975,1.9487179487179487,0.3076923076923077,8.538461538461538,6.461538461538462,0.4358974358974359,1.0256410256410255,3.230769230769231,0.9487179487179487,0.38461538461538464,1107.6923076923076,1.5897435897435896,2.3333333333333335,1.7179487179487178,2.3333333333333335,2.923076923076923,0.6410256410256411,15.0,3.0,154.0,4.0,2.0,0.0,1.0,,1.0,1.0,2.0,14.0,49.0,93.0,16.0,438.0,335.0,16.0,165.0,62.0,156.0,20.0,57600.0,91.0,116.0,88.0,109.0,152.0,31.0,1.8933678007611925,2.6666902336816833,0.7286426149573088,7.934403010385956,5.952140697586141,0.5063696835418333,11.31717417788332,4.301031129657229,1.5970372267010808,0.0,0.4912507507890746,871.5438755441357,1.5323313008896848,2.748371243977233,2.6237113478434355,3.0179828049810666,2.7783910836263965,0.8913443335576374,10.0,11.0,4.0,28.0,21.0,2.0,19.0,24.0,6.0,3.0,1.0,2602.0,5.0,14.0,9.0,12.0,9.0,3.0,2.9342596242881664,1.8233989658064438,3.2413945236466293,0.5464333980951074,0.5462779071131968,1.321517642817082,-0.6841533105647469,2.715444175785426,1.5048267507146025,0.48854887165973493,0.05465764637303381,0.33793528182855814,2.200966661867106,1.704405016656609,1.586774105381833,0.5104542369661857,1.598604936058074,-32.0,0.9423076923076923,1.7884615384615385,0.3076923076923077,8.423076923076923,6.4423076923076925,0.3076923076923077,3.173076923076923,1.1923076923076923,0.38461538461538464,1107.6923076923076,1.75,2.230769230769231,1.6923076923076923,2.0961538461538463,2.923076923076923,0.5961538461538461,3.0,40.0,13.0,154.0,1.0,,1.0,1.0,1.0,1.0,1.0,4.0,20.0,40.0,13.0,220.0,173.0,13.0,87.0,17.0,78.0,10.0,28800.0,41.0,67.0,50.0,49.0,80.0,11.0,1.4228898005873065,2.158346945804019,0.8124038404635959,8.79195436398879,6.474209188417117,1.0295630140987,7.730459236035075,4.049121462167394,0.891843380524078,0.4961389383568338,941.0190548221972,1.6534346536365307,3.0354317903464993,3.199038317033129,2.5349859656719693,3.3695468766358116,0.8086075400626399,5.0,7.0,3.0,26.0,23.0,5.0,17.0,15.0,3.0,3.0,1.0,2379.0,5.0,11.0,11.0,8.0,10.0,3.0,1.885691146271952,1.3524649097497685,1.6971705574423153,0.6911689173528316,0.7876049345988954,3.5735989275408784,0.3230497112238206,1.4231490886740155,1.1440455802415859,0.5038911092686593,0.03775379110702095,0.5149492911262641,1.4429952125502183,1.9894734144999737,1.1615282232982314,0.811549132760147,1.9903496875396525,-15.0,0.7692307692307693,1.5384615384615385,0.5,8.461538461538462,6.653846153846154,0.5,3.3461538461538463,0.6538461538461539,0.38461538461538464,1107.6923076923076,1.5769230769230769,2.576923076923077,1.9230769230769231,1.8846153846153846,3.076923076923077,0.4230769230769231,2.0,26.0,4.0,39.0,14
15,Boston Celtics,24,2.0,0.7771881238841595,24.0,23.0,10.0,206.0,177.0,7.0,20.0,88.0,31.0,78.0,10.0,28800.0,36.0,64.0,61.0,30.0,84.0,17.0,1.4675987714106853,1.5053749852292109,0.7524319545007683,6.927759100448438,5.513759013734501,0.45234432086120485,13.659597921777033,3.9907585552315545,1.4971768304173232,0.49613893835683387,708.1194684080233,1.3289672103381056,2.8457796011746126,2.979158373666062,1.7593705167998623,2.8327752089806535,0.891843380524078,5.0,6.0,3.0,24.0,21.0,1.0,19.0,16.0,5.0,2167.0,5.0,12.0,10.0,6.0,10.0,3.0,1.5413905361670743,2.1168770926843137,2.257173628868865,0.6911258769784397,0.9217639875177425,1.105352663758583,-1.1015183543017175,1.9629731600084945,1.504089159139206,0.5038911092686594,-0.3012326250001627,0.9890837938576187,1.9613243970764727,1.3069940996697669,1.4655973840734169,0.7525841915490153,1.5105739272763312,-32.0,0.0,0.9230769230769231,0.8846153846153846,0.38461538461538464,7.923076923076923,6.8076923076923075,0.2692307692307692,0.7692307692307693,3.3846153846153846,1.1923076923076923,0.38461538461538464,1107.6923076923076,1.3846153846153846,2.4615384615384617,2.3461538461538463,1.1538461538461537,3.230769230769231,0.6538461538461539,14.0,2.0,167.0,4.0,0.0,,,,,,,,0.0,0.0,0.0,0.0,0.0,0.0,0.0,0.0,0.0,0.0,0.0,0.0,0.0,0.0,0.0,0.0,0.0,,,,,,,,,,,,,,,,,,,,,,,,,,,,,,,,,,,,,,,,,,,,,,,,,,,,,,,,,,,,,,,,,,,,,,,,,,,0.0,1.4142135623730951,1.0,-1.0,0.0,2.0,2.0,9.0,48.0,53.0,17.0,408.0,354.0,17.0,175.0,60.0,156.0,20.0,57600.0,69.0,127.0,108.0,68.0,162.0,31.0,1.7695258459420744,1.8837840996081932,0.8097725133508682,7.201265181283175,5.54496224827921,0.5848128189279914,12.000000000000002,4.401554298350447,1.5388385661693091,0.4912507507890747,780.2347192957836,1.3963699976859305,2.90647324553289,2.806478177123902,2.1831660903327728,2.798135556807153,0.8227075191960869,10.0,8.0,4.0,28.0,21.0,2.0,19.0,24.0,6.0,3.0,1.0,2602.0,5.0,14.0,10.0,8.0,10.0,3.0,3.190430445474705,2.4970053289370244,3.010237789499219,0.8990722327283159,0.6754410403906058,1.6390623147733006,-0.6293954248366013,2.7480075375840913,1.6120686278168317,0.4885488716597348,0.058573174685469326,1.001015249738504,2.1169197481983995,1.40157206879568,1.9874051096023664,0.7145743926943198,1.5470895776617937,-32.0,0.9230769230769231,1.0192307692307692,0.3269230769230769,7.846153846153846,6.8076923076923075,0.3269230769230769,3.3653846153846154,1.1538461538461537,0.38461538461538464,1107.6923076923076,1.3269230769230769,2.4423076923076925,2.076923076923077,1.3076923076923077,3.1153846153846154,0.5961538461538461,3.0,40.0,14.0,167.0,15
16,Chicago Bulls,24,1.0,0.9998873871086688,22.0,36.0,6.0,172.0,158.0,7.0,-200.0,66.0,30.0,72.0,10.0,28800.0,37.0,44.0,37.0,45.0,63.0,20.0,1.176459931750543,2.3219182474467286,0.8469895538599198,6.9574274772683955,4.808657651132704,0.5500329370901873,10.825359384200667,2.7226904852114338,1.7003835884370582,0.5036101551853348,740.3419304031371,1.4738050920238275,1.9034674690672027,1.9105921382756132,2.6915730005688685,2.5162515254104534,1.090140264874869,4.0,8.0,4.0,25.0,15.0,2.0,10.0,9.0,7.0,2380.0,5.0,6.0,6.0,10.0,8.0,4.0,1.3973948565723127,1.6936648497303817,4.156676007372649,0.8727939562545182,0.2211878029898931,1.8002584001415087,-0.39817528648028705,1.0627827075777292,2.0621779287558115,0.36102961774325276,-0.1671314606229224,1.1557249845438864,1.1676298600651247,1.3380710392895594,1.677243775148013,0.607614706429766,1.456310898433779,-29.0,0.0,0.9166666666666666,1.5,0.25,7.166666666666667,6.583333333333333,0.2916666666666667,-8.333333333333334,2.75,1.25,0.4166666666666667,1200.0,1.5416666666666667,1.8333333333333333,1.5416666666666667,1.875,2.625,0.8333333333333334,12.0,2.0,180.0,5.0,-2.0,0.0,-1.0,,-1.0,-1.0,2.0,16.0,39.0,69.0,13.0,384.0,310.0,13.0,147.0,64.0,147.0,20.0,57600.0,77.0,108.0,94.0,82.0,146.0,37.0,1.1361409800419189,1.9248199845152054,0.7004614611121739,7.525918932749204,5.129115238445292,0.6382107216038195,13.69458530466208,3.0069364254447857,1.4748457777093884,0.0,0.49658699082414787,776.4281229463811,1.3994046353122223,2.1982909255140184,2.6365755464702496,2.230356427999428,2.975523734840413,1.0710316725183318,4.0,8.0,4.0,25.0,19.0,3.0,30.0,11.0,7.0,3.0,1.0,2547.0,5.0,8.0,11.0,10.0,10.0,4.0,1.5750727232191586,1.6352612284627344,3.750194576305089,0.5737329117487697,0.3701035609394336,2.717490033550075,0.14999127884212224,1.1360144168040789,1.5552338937628813,0.38561091055632996,-0.1261016378685826,0.9170943951402256,0.9927759668808269,1.8697023729620217,1.710216205669247,0.6538086105999289,1.57645894044464,-29.0,0.7959183673469388,1.4081632653061225,0.2653061224489796,7.836734693877551,6.326530612244898,0.2653061224489796,3.0,1.3061224489795917,0.40816326530612246,1175.5102040816328,1.5714285714285714,2.204081632653061,1.9183673469387754,1.6734693877551021,2.979591836734694,0.7551020408163265,3.0,37.0,15.0,180.0,0.0,,,,,0.0,,,0.0,0.0,0.0,0.0,0.0,0.0,0.0,0.0,0.0,0.0,0.0,0.0,0.0,0.0,0.0,0.0,0.0,,,,,,,,,,,,,,,,,,,,,,,,,,,,,,,,,,,,,,,,,,,,,,,,,,,,,,,,,,,,,,,,,,,,,,,,,,16
17,Toronto Raptors,39,2.0,0.2600271073748931,18.0,28.0,6.0,199.0,158.0,7.0,135.0,77.0,26.0,72.0,10.0,28800.0,35.0,59.0,55.0,31.0,78.0,22.0,1.1887150534341147,1.307725096316589,0.6079187588743288,8.190552174764301,6.2200004660049215,0.6902530516863498,8.101596729362514,3.611324780003408,1.282547284209001,0.5036101551853348,946.2859205748867,1.2846642825425558,2.5872457517039518,2.758058022952203,1.4288690166235203,3.300197622541124,1.176459931750543,4.0,5.0,2.0,23.0,19.0,3.0,26.0,11.0,4.0,2547.0,4.0,8.0,11.0,5.0,9.0,4.0,1.5460073736368287,1.0651414249803288,2.3750710868886955,0.40038842313303313,0.34059650925523066,3.00215021280229,1.0102949541057014,1.1090989149278518,0.9111573017037498,0.36102961774325276,-0.15325703346381456,0.503277214161946,0.9393715458262273,1.5674068299021515,0.8993609304619506,0.36915689018844583,1.0478438559705532,-7.0,0.0,0.75,1.1666666666666667,0.25,8.291666666666666,6.583333333333333,0.2916666666666667,5.625,3.2083333333333335,1.0833333333333333,0.4166666666666667,1200.0,1.4583333333333333,2.4583333333333335,2.2916666666666665,1.2916666666666667,3.25,0.9166666666666666,12.0,2.0,192.0,5.0,1.0,,1.0,,1.0,1.0,1.0,22.0,16.0,33.0,6.0,197.0,150.0,6.0,75.0,29.0,72.0,10.0,28800.0,36.0,59.0,51.0,41.0,72.0,20.0,0.9168313422570846,1.6368713529434609,0.5316095330711949,7.413144416840099,5.526615443548571,0.531609533071195,8.350995775042794,3.040487661114793,1.6145847942957392,0.0,0.5036101551853348,841.1442517035429,1.2510864843424487,2.466808652396094,2.3648237364226166,2.0742555849952673,2.7346409032202414,1.0494995356656043,3.0,5.0,2.0,23.0,17.0,2.0,22.0,11.0,5.0,3.0,1.0,2453.0,4.0,9.0,8.0,7.0,8.0,3.0,1.1214856198228484,0.8263156261369715,2.131013577432246,0.6497563073453847,0.630740860501391,2.131013577432246,1.1087450124997598,1.2473948969416984,1.1867076824870488,0.36102961774325276,-0.11814903886644698,0.21799234196875997,1.2962812811668676,0.9996099786674669,1.0001305194963268,0.5427197996877183,0.6063496121130222,-14.0,0.6666666666666666,1.375,0.25,8.208333333333334,6.25,0.25,3.125,1.2083333333333333,0.4166666666666667,1200.0,1.5,2.4583333333333335,2.125,1.7083333333333333,3.0,0.8333333333333334,2.0,24.0,16.0,192.0,-1.0,,-1.0,-1.0,-1.0,1.0,1.0,15.0,23.0,26.0,7.0,174.0,157.0,7.0,77.0,29.0,72.0,10.0,28800.0,31.0,54.0,45.0,31.0,69.0,19.0,1.3666578295932037,1.4116492564331997,0.9078961186825509,7.764187574733893,5.571504883482259,0.6902530516863499,11.001976107085015,3.4763695038842224,1.3506573815438319,0.5036101551853348,898.8823011408934,1.2328534123049195,2.3265948246871155,2.5760181608865627,1.4884823513044847,3.193914049645316,1.2150922908825974,4.0,5.0,4.0,22.0,19.0,3.0,26.0,11.0,4.0,3.0,1.0,2547.0,4.0,8.0,11.0,5.0,9.0,4.0,1.307610271194054,1.3577694360984016,3.537616414143108,0.5950318662348368,0.31620868453708767,3.0021502128022894,-0.40773524440205694,1.1504884716166475,0.8577502279474127,0.36102961774325276,-0.12832477290275765,0.7547017818511932,1.093127147866296,2.131739820308786,1.0041172917869332,0.5692493150206415,1.7037074102385281,-29.0,0.9583333333333334,1.0833333333333333,0.2916666666666667,7.25,6.541666666666667,0.2916666666666667,3.2083333333333335,1.2083333333333333,0.4166666666666667,1200.0,1.2916666666666667,2.25,1.875,1.2916666666666667,2.875,0.7916666666666666,2.0,24.0,15.0,180.0,17
18,Miami Heat,26,1.0,0.6431989418476424,17.0,46.0,9.0,292.0,229.0,6.0,10.0,108.0,38.0,117.0,15.0,43200.0,70.0,91.0,60.0,65.0,109.0,20.0,0.8206182455888076,1.9313452479907813,0.48458003855419196,7.933512512294037,5.731627339317789,0.48873960015649803,6.8314980584054394,2.8970178719861717,1.3472619306770128,0.4928640580901442,814.0635612661805,1.5757953243310296,2.537438963054692,2.315237328361755,2.4530682541766184,3.0190577754577594,0.7208107595944295,3.0,8.0,2.0,29.0,19.0,2.0,12.0,10.0,5.0,2407.0,5.0,9.0,9.0,10.0,10.0,2.0,2.023156816996064,2.0886230649794637,2.0338322704703415,0.9321742511935481,0.8080523922014595,3.247670601737151,-0.652939306966441,0.9403648998555895,1.4099917837309637,0.49353009060107716,-0.0393970189515707,0.10210649818306061,0.928520664213935,1.912936052421831,1.8736736341149107,1.029663075378775,1.0639904534267637,-19.0,0.0,0.4358974358974359,1.1794871794871795,0.23076923076923078,7.487179487179487,5.871794871794871,0.15384615384615385,0.2564102564102564,2.769230769230769,0.9743589743589743,0.38461538461538464,1107.6923076923076,1.794871794871795,2.3333333333333335,1.5384615384615385,1.6666666666666667,2.7948717948717947,0.5128205128205128,15.0,3.0,204.0,6.0,0.0,1.4142135623730951,1.0,,-1.0,0.0,2.0,18.0,28.0,57.0,11.0,372.0,298.0,11.0,147.0,50.0,156.0,20.0,57600.0,78.0,119.0,78.0,76.0,142.0,24.0,0.8957752357603487,1.9429068114112045,0.4984894225297638,8.170690362232259,5.854830030906055,0.69554713860465,7.918704588058653,2.6987372053926886,1.4136801987628098,0.0,0.49125075078907465,808.0262211446577,1.4484609817617713,2.234634140880727,2.173819264814449,2.296301702367445,3.1003819158504857,0.6704268017695295,3.0,9.0,2.0,32.0,20.0,4.0,27.0,10.0,6.0,3.0,1.0,2416.0,4.0,8.0,9.0,11.0,11.0,2.0,1.752587869542405,2.7954678532258574,2.381337028492751,1.1848657553537656,0.9426056975901128,4.051202097032898,0.8432027103019707,0.6890282164707225,1.7161469906638898,0.4885488716597348,-0.09231755934843726,0.3422259493497128,0.6640228230353747,1.8342766377390325,2.537200788422461,1.1036820504541682,1.1604347784542388,-19.0,0.5384615384615384,1.0961538461538463,0.21153846153846154,7.153846153846154,5.730769230769231,0.21153846153846154,2.826923076923077,0.9615384615384616,0.38461538461538464,1107.6923076923076,1.5,2.2884615384615383,1.5,1.4615384615384615,2.730769230769231,0.46153846153846156,3.0,41.0,17.0,204.0,-1.0,,-1.0,-1.0,-1.0,1.0,1.0,5.0,13.0,51.0,4.0,210.0,162.0,4.0,83.0,28.0,78.0,10.0,28800.0,55.0,70.0,39.0,69.0,70.0,15.0,0.7615773105863909,2.7052655208798893,0.36794648440311994,8.447120583598068,6.1923029144749835,0.3679464844031199,6.609084656743322,3.5667265751019475,1.262476199318686,0.4961389383568338,883.1552873297321,1.7510436448455091,3.259070183585875,2.1587033144922905,3.3816245526942543,2.8950886793910926,0.7575263387144725,3.0,10.0,1.0,29.0,19.0,1.0,15.0,15.0,4.0,3.0,1.0,2407.0,5.0,13.0,8.0,12.0,10.0,2.0,1.765845131561786,1.7380985497836259,2.038339899392284,0.9454372564787884,0.8041042258222788,2.038339899392284,0.21795396265751515,1.6057057344314325,1.1369150452917702,0.5038911092686593,0.07969505468201289,0.051864990793435324,1.5896450466567629,1.8738398882913518,1.473526689427813,0.9753720382925944,0.914858606491093,-14.0,0.5,1.9615384615384615,0.15384615384615385,8.076923076923077,6.230769230769231,0.15384615384615385,3.1923076923076925,1.0769230769230769,0.38461538461538464,1107.6923076923076,2.1153846153846154,2.6923076923076925,1.5,2.6538461538461537,2.6923076923076925,0.5769230769230769,2.0,26.0,5.0,52.0,18
19,Milwaukee Bucks,26,1.0,0.9164807278705644,14.0,27.0,7.0,189.0,143.0,4.0,145.0,71.0,24.0,78.0,10.0,28800.0,26.0,57.0,41.0,36.0,73.0,17.0,1.0288155998338762,2.009592381171251,0.6038339048243189,7.650138259182992,5.194227565288221,0.36794648440311994,10.088302441632395,2.5386247033808256,1.3541957590563316,0.49613893835683387,749.4047114466666,1.131370849898476,1.9802874694191401,2.2657992307012007,2.499230650851147,2.9396493773132977,0.6287961636211017,4.0,9.0,2.0,32.0,20.0,1.0,27.0,7.0,6.0,2333.0,4.0,7.0,8.0,11.0,11.0,2.0,2.275985869401626,2.8264438366797164,2.190643485829828,1.471612276707156,1.181815991642816,2.038339899392284,0.30178245343792465,0.40693797003738186,2.3485298238808627,0.5038911092686594,-0.2887926378460252,1.077232986963881,0.4143427976030084,1.8696008844608578,2.604742469260191,1.1971891573896865,0.4084142896841021,-8.0,0.0,0.5384615384615384,1.0384615384615385,0.2692307692307692,7.269230769230769,5.5,0.15384615384615385,5.576923076923077,2.730769230769231,0.9230769230769231,0.38461538461538464,1107.6923076923076,1.0,2.1923076923076925,1.5769230769230769,1.3846153846153846,2.8076923076923075,0.6538461538461539,14.0,2.0,217.0,6.0,1.0,,1.0,,1.0,1.0,1.0,19.0,19.0,18.0,8.0,173.0,150.0,8.0,77.0,26.0,78.0,10.0,28799.0,28.0,58.0,40.0,23.0,71.0,15.0,1.4016473824094935,1.5170822197687446,0.5491251783869153,5.7337060105471584,4.554625712900609,0.5491251783869153,12.319090875547595,3.526820315590452,1.469693845669907,0.0,0.4961389383568338,819.5591469714773,1.1286479317511526,2.388433667618882,2.044128552332641,1.7737400728838049,2.341925571963248,0.6433087546786177,6.0,6.0,2.0,19.0,15.0,2.0,18.0,16.0,5.0,3.0,1.0,2724.0,4.0,10.0,8.0,6.0,7.0,2.0,2.7881388141404706,2.430873011721859,1.6445452877294522,0.5778398688320503,0.34092885350777663,1.6445452877294517,-0.3137447493584152,2.1918268164367456,1.7199349274172007,0.5038911092686594,0.12562178851988737,0.9234682508865565,1.4978017871085252,1.7208668430303555,1.9588958834821217,0.635108688725538,0.667436944728476,-27.0,0.7307692307692307,0.6923076923076923,0.3076923076923077,6.653846153846154,5.769230769230769,0.3076923076923077,2.9615384615384617,1.0,0.38461538461538464,1107.6538461538462,1.0769230769230769,2.230769230769231,1.5384615384615385,0.8846153846153846,2.730769230769231,0.5769230769230769,2.0,26.0,18.0,217.0,-1.0,,-1.0,-1.0,-1.0,1.0,1.0,17.0,11.0,23.0,3.0,176.0,136.0,3.0,66.0,29.0,78.0,10.0,28800.0,39.0,55.0,36.0,32.0,69.0,12.0,0.7575263387144726,1.8831234282844675,0.43145549730400484,8.076175789605832,5.4207578238301135,0.4314554973040048,9.931767214348108,2.817527557711111,1.6811168448843308,0.49613893835683387,780.6364976981678,1.4764823060233399,2.422014419063984,2.192294196989502,2.303175065993765,3.1105280283875625,0.646886032050112,3.0,9.0,2.0,32.0,20.0,2.0,27.0,10.0,6.0,3.0,1.0,2357.0,4.0,8.0,8.0,11.0,11.0,2.0,2.075685000800875,3.4893797486587705,3.9650527397209125,1.4295020561611098,1.217976569976598,3.9650527397209125,0.8662513065756309,1.0371812739533304,1.71927983311163,0.5038911092686594,-0.14219758428212304,0.40388582565237396,0.9704778757049155,1.9324758983721344,3.291003142759344,1.222823052205458,1.1139338300603407,-19.0,0.4230769230769231,0.8846153846153846,0.11538461538461539,6.769230769230769,5.230769230769231,0.11538461538461539,2.5384615384615383,1.1153846153846154,0.38461538461538464,1107.6923076923076,1.5,2.1153846153846154,1.3846153846153846,1.2307692307692308,2.6538461538461537,0.46153846153846156,2.0,26.0,17.0,204.0,19
20,Detroit Pistons,26,1.0,0.9414551462601832,29.0,37.0,8.0,188.0,161.0,10.0,-120.0,92.0,30.0,78.0,10.0,28799.0,36.0,63.0,46.0,45.0,71.0,8.0,1.8831234282844678,2.9144203804266393,0.6793662204867575,7.511632005404377,6.241917851232782,0.7524319545007682,9.095391901735397,4.2259272992399595,1.5412282813991625,0.49613893835683387,977.4868159646018,1.4163876044903267,2.625613481426037,2.8043921595624575,3.5615467685565196,2.6314663943541796,0.5491251783869153,7.0,11.0,3.0,25.0,21.0,3.0,15.0,16.0,5.0,2724.0,4.0,10.0,11.0,14.0,7.0,2.0,2.1561537744419272,2.411358504814777,2.845789612483417,0.770590229097674,0.6523072981173469,2.2571736288688653,-0.40301390868551273,1.5277681371940521,1.3552376342666055,0.5038911092686594,0.15562075471583095,0.4369319730791767,1.106722148283079,2.0009692040692872,2.558781542298192,0.4312226203037642,1.6445452877294517,-27.0,0.0,1.1153846153846154,1.4230769230769231,0.3076923076923077,7.230769230769231,6.1923076923076925,0.38461538461538464,-4.615384615384615,3.5384615384615383,1.1538461538461537,0.38461538461538464,1107.6538461538462,1.3846153846153846,2.423076923076923,1.7692307692307692,1.7307692307692308,2.730769230769231,0.3076923076923077,13.0,2.0,230.0,7.0,-1.0,,-1.0,,-1.0,-1.0,1.0,20.0,37.0,43.0,10.0,227.0,185.0,10.0,100.0,24.0,78.0,10.0,28799.0,46.0,63.0,56.0,57.0,85.0,10.0,2.24807610054601,2.924958908324118,0.7524319545007683,9.408752063085485,7.179565017893066,0.7524319545007682,8.708616422830895,4.7471448909196585,1.0926326710501357,0.0,0.49613893835683387,913.3987493885764,1.6323649667324351,2.75931987160716,3.684478879758251,3.6002136688727884,3.5839385296926323,0.6373020054525531,8.0,11.0,3.0,28.0,21.0,3.0,23.0,16.0,3.0,3.0,1.0,2620.0,5.0,10.0,13.0,14.0,12.0,2.0,1.757024104095002,2.1683670307901752,2.2571736288688653,0.6820188410198,0.684390324465169,2.2571736288688653,0.9333776888751634,1.314078543748153,0.7607182075303053,0.5038911092686594,0.015505877004439467,0.2833135610386619,1.2157771773374584,1.9001384385903322,2.1487020109477033,0.9085029382888674,1.4740169203247189,-15.0,1.4230769230769231,1.6538461538461537,0.38461538461538464,8.73076923076923,7.115384615384615,0.38461538461538464,3.8461538461538463,0.9230769230769231,0.38461538461538464,1107.6538461538462,1.7692307692307692,2.423076923076923,2.1538461538461537,2.1923076923076925,3.269230769230769,0.38461538461538464,2.0,26.0,19.0,230.0,1.0,,1.0,1.0,1.0,1.0,1.0,18.0,19.0,18.0,8.0,173.0,150.0,8.0,77.0,26.0,78.0,10.0,28799.0,28.0,58.0,40.0,23.0,71.0,15.0,1.4016473824094935,1.5170822197687446,0.5491251783869153,5.7337060105471584,4.554625712900609,0.5491251783869153,12.319090875547595,3.526820315590452,1.469693845669907,0.4961389383568338,819.5591469714773,1.1286479317511526,2.388433667618882,2.044128552332641,1.7737400728838049,2.341925571963248,0.6433087546786177,6.0,6.0,2.0,19.0,15.0,2.0,18.0,16.0,5.0,3.0,1.0,2724.0,4.0,10.0,8.0,6.0,7.0,2.0,2.7881388141404706,2.430873011721859,1.6445452877294522,0.5778398688320503,0.34092885350777663,1.6445452877294517,-0.3137447493584152,2.1918268164367456,1.7199349274172007,0.5038911092686594,0.12562178851988737,0.9234682508865565,1.4978017871085252,1.7208668430303555,1.9588958834821217,0.635108688725538,0.667436944728476,-27.0,0.7307692307692307,0.6923076923076923,0.3076923076923077,6.653846153846154,5.769230769230769,0.3076923076923077,2.9615384615384617,1.0,0.38461538461538464,1107.6538461538462,1.0769230769230769,2.230769230769231,1.5384615384615385,0.8846153846153846,2.730769230769231,0.5769230769230769,2.0,26.0,18.0,217.0,20
21,Philadelphia 76ers,24,2.0,0.7303431241357944,36.0,34.0,9.0,210.0,190.0,12.0,-10.0,97.0,16.0,78.0,10.0,28799.0,44.0,61.0,44.0,49.0,80.0,12.0,2.401281709036623,1.8059729957943618,0.5615911461059686,9.299131473091784,7.265090395964696,0.646886032050112,8.579402884009694,5.265416924101583,0.8521466107154603,0.49613893835683387,886.6722931188363,1.5942203302989402,3.058657322320468,3.283525310019471,2.454822569179664,3.6652211602911704,0.8114564304148055,8.0,6.0,2.0,28.0,21.0,2.0,23.0,16.0,3.0,2370.0,5.0,10.0,13.0,7.0,12.0,3.0,1.7218881531702264,1.1769122257436158,1.4028085797138383,0.7951281122722531,0.754786180819007,1.1139338300603403,0.8343326854537397,1.587306883612557,1.2903604348824895,0.5038911092686594,0.046219548536176144,0.549806887123892,1.525024992615398,2.469607357706677,0.9525726060822536,1.06356216800165,1.8370107743745083,-16.0,0.0,1.3846153846153846,1.3076923076923077,0.34615384615384615,8.076923076923077,7.3076923076923075,0.46153846153846156,-0.38461538461538464,3.730769230769231,0.6153846153846154,0.38461538461538464,1107.6538461538462,1.6923076923076923,2.3461538461538463,1.6923076923076923,1.8846153846153846,3.076923076923077,0.46153846153846156,13.0,2.0,243.0,7.0,-1.0,,-1.0,,-1.0,-1.0,1.0,25.0,27.0,37.0,11.0,195.0,172.0,11.0,94.0,15.0,78.0,10.0,28800.0,39.0,67.0,40.0,52.0,73.0,11.0,1.9283312833798916,1.747525723371806,0.8086075400626399,8.04114419718985,6.481215460556288,0.5777942140988899,7.238784428341543,4.587608728537542,0.856648208920181,0.0,0.49613893835683387,903.0027583227317,1.5556349186104046,3.151800462251085,2.26681749121131,2.4819347291981715,2.939649377313298,0.8086075400626399,7.0,5.0,3.0,27.0,21.0,2.0,15.0,16.0,3.0,3.0,1.0,2368.0,5.0,12.0,9.0,7.0,9.0,3.0,2.116814558987154,0.748089008596563,1.990349687539653,0.8063424443851115,0.8504597517902726,0.9969585231271588,-0.03358709924285854,1.5854588616146807,1.3961586086732949,0.5038911092686594,0.07288300748940456,0.7251696140643407,1.6361708374696062,2.07748592702506,0.731258176769785,0.6956754275058339,1.990349687539653,-16.0,1.0384615384615385,1.4230769230769231,0.4230769230769231,7.5,6.615384615384615,0.4230769230769231,3.6153846153846154,0.5769230769230769,0.38461538461538464,1107.6923076923076,1.5,2.576923076923077,1.5384615384615385,2.0,2.8076923076923075,0.4230769230769231,2.0,26.0,20.0,243.0,-1.0,,-1.0,-1.0,-1.0,1.0,1.0,19.0,37.0,43.0,10.0,227.0,185.0,10.0,100.0,24.0,78.0,10.0,28799.0,46.0,63.0,56.0,57.0,85.0,10.0,2.24807610054601,2.924958908324118,0.7524319545007683,9.408752063085485,7.179565017893066,0.7524319545007682,8.708616422830895,4.7471448909196585,1.0926326710501357,0.49613893835683387,913.3987493885764,1.6323649667324351,2.75931987160716,3.684478879758251,3.6002136688727884,3.5839385296926323,0.6373020054525531,8.0,11.0,3.0,28.0,21.0,3.0,23.0,16.0,3.0,3.0,1.0,2620.0,5.0,10.0,13.0,14.0,12.0,2.0,1.757024104095002,2.1683670307901752,2.2571736288688653,0.6820188410198,0.684390324465169,2.2571736288688653,0.9333776888751634,1.314078543748153,0.7607182075303053,0.5038911092686594,0.015505877004439467,0.2833135610386619,1.2157771773374584,1.9001384385903322,2.1487020109477033,0.9085029382888674,1.4740169203247189,-15.0,1.4230769230769231,1.6538461538461537,0.38461538461538464,8.73076923076923,7.115384615384615,0.38461538461538464,3.8461538461538463,0.9230769230769231,0.38461538461538464,1107.6538461538462,1.7692307692307692,2.423076923076923,2.1538461538461537,2.1923076923076925,3.269230769230769,0.38461538461538464,2.0,26.0,19.0,230.0,21
22,Atlanta Hawks,24,0.0,0.7635143784201536,13.0,31.0,8.0,188.0,160.0,4.0,-190.0,72.0,31.0,72.0,10.0,28801.0,51.0,59.0,46.0,46.0,71.0,16.0,1.0206207261596576,1.5736738147920994,0.8681147322824311,6.9823794789746145,5.147111192036597,0.4815434123430768,9.263845884928687,2.7186953392806052,1.3666578295932037,0.5036101551853348,645.626320726233,1.5126280039259055,2.2837643727287036,2.1852602405298507,2.30154327555998,2.773777312566772,1.090140264874869,4.0,5.0,3.0,23.0,18.0,2.0,11.0,9.0,5.0,2130.0,5.0,8.0,9.0,7.0,10.0,4.0,2.1527626216890323,0.9318636498669913,2.7388342683359106,0.8216089127902765,0.6706982258860811,3.0677872221004248,-0.3063847500697594,0.8497312642683894,1.3158687265506848,0.36102961774325276,-0.46386320303129525,0.18115682673703307,1.0980368029457748,1.5338725091831855,1.0678289418581772,1.047077674170068,1.8386942069610845,-28.0,0.0,0.5416666666666666,1.2916666666666667,0.3333333333333333,7.833333333333333,6.666666666666667,0.16666666666666666,-7.916666666666667,3.0,1.2916666666666667,0.4166666666666667,1200.0416666666667,2.125,2.4583333333333335,1.9166666666666667,1.9166666666666667,2.9583333333333335,0.6666666666666666,12.0,2.0,256.0,8.0,-2.0,0.0,-1.0,,-1.0,-1.0,2.0,22.0,35.0,82.0,12.0,414.0,323.0,12.0,168.0,56.0,147.0,20.0,57600.0,85.0,133.0,103.0,111.0,149.0,27.0,1.1547005383792515,2.1349058829961804,0.6931393632385542,7.331613125391174,4.7649692520297675,0.5601566836199329,12.516655570345725,3.3726843908080104,1.2583057392117916,0.0,0.49658699082414787,610.2442858686792,1.4545261285048823,2.669269563007828,2.074095163751972,2.942331205892713,2.6454298931795357,0.9587584091286135,5.0,9.0,3.0,28.0,18.0,2.0,25.0,17.0,5.0,3.0,1.0,2156.0,5.0,12.0,9.0,13.0,10.0,4.0,2.1161192545929595,1.4241403841546658,3.152667848337425,0.9049808819496656,0.5934109122291972,2.2508961515745183,-0.01375668128750554,1.6775770132225378,1.289527918513269,0.38561091055633007,-0.4443020298369991,0.5275375601080868,1.4712682827399775,0.8513580579007112,1.6109886981263213,0.9677216619606195,1.9189869791426826,-28.0,0.7142857142857143,1.6734693877551021,0.24489795918367346,8.448979591836734,6.591836734693878,0.24489795918367346,3.4285714285714284,1.1428571428571428,0.40816326530612246,1175.5102040816328,1.7346938775510203,2.7142857142857144,2.1020408163265305,2.2653061224489797,3.0408163265306123,0.5510204081632653,3.0,37.0,21.0,256.0,0.0,,,,,0.0,,,0.0,0.0,0.0,0.0,0.0,0.0,0.0,0.0,0.0,0.0,0.0,0.0,0.0,0.0,0.0,0.0,0.0,,,,,,,,,,,,,,,,,,,,,,,,,,,,,,,,,,,,,,,,,,,,,,,,,,,,,,,,,,,,,,,,,,,,,,,,,,22
23,Washington Wizards,26,1.0,0.30845604996633735,22.0,44.0,3.0,195.0,156.0,9.0,-25.0,87.0,32.0,72.0,10.0,28799.0,34.0,65.0,49.0,56.0,68.0,17.0,1.2481870911416901,2.49637418228338,0.3378319623460881,7.914282631118085,4.836455763038269,0.7109393663377318,9.679557871086374,3.727833034141253,1.5788456616111677,0.5036101551853348,715.2321288843265,1.282547284209001,2.7894080198940556,2.2161299339294103,3.265986323710904,2.6154501926331784,0.954584665735822,5.0,9.0,1.0,28.0,17.0,2.0,23.0,17.0,5.0,2239.0,4.0,12.0,8.0,13.0,9.0,3.0,1.7798329255252756,1.3225100383042783,2.4218603014940343,1.1777114750062259,0.578572985393317,1.6705830914605295,1.1587581501932664,2.376675641071351,1.1301644125766752,0.36102961774325276,-0.08543082624723056,0.6063973543210006,2.13769212032614,0.9887086964159811,1.7179104199015423,1.057188211906637,0.9779017019466739,-14.0,0.0,0.9166666666666666,1.8333333333333333,0.125,8.125,6.5,0.375,-1.0416666666666667,3.625,1.3333333333333333,0.4166666666666667,1199.9583333333333,1.4166666666666667,2.7083333333333335,2.0416666666666665,2.3333333333333335,2.8333333333333335,0.7083333333333334,12.0,2.0,268.0,8.0,0.0,,,,,,,,0.0,0.0,0.0,0.0,0.0,0.0,0.0,0.0,0.0,0.0,0.0,0.0,0.0,0.0,0.0,0.0,0.0,,,,,,,,,,,,,,,,,,,,,,,,,,,,,,,,,,,,,,,,,,,,,,,,,,,,,,,,,,,,,,,,,,,,,,,,,,,0.0,1.4142135623730951,1.0,-1.0,0.0,2.0,2.0,16.0,35.0,69.0,12.0,395.0,311.0,12.0,164.0,65.0,144.0,20.0,57600.0,80.0,129.0,101.0,91.0,144.0,41.0,1.0465664902144136,1.9990024107784043,0.6995439243733446,7.6276082621892956,5.140533887883851,0.564932682866032,9.141907245488023,3.3759684715007894,1.508692308679773,0.4982237954520137,756.100803816472,1.35792917017261,2.6429854975813867,2.3085371930361456,2.659703897559846,2.6896175477549753,1.0913505849591965,5.0,9.0,3.0,28.0,17.0,2.0,23.0,17.0,5.0,3.0,1.0,2453.0,5.0,12.0,9.0,13.0,9.0,4.0,1.8550757026595759,1.6467086587049573,3.113019334369225,0.8817316290901261,0.4563882707105064,2.2165011000795967,0.8417703566641068,1.8597014128595337,0.9904867770583959,0.3490661125899819,-0.20409027086639542,0.4295346213816893,1.6020994934662605,1.0911741410652882,1.957582260238379,0.7120304207061042,1.0186583651644021,-16.0,0.7291666666666666,1.4375,0.25,8.229166666666666,6.479166666666667,0.25,3.4166666666666665,1.3541666666666667,0.4166666666666667,1200.0,1.6666666666666667,2.6875,2.1041666666666665,1.8958333333333333,3.0,0.8541666666666666,3.0,36.0,22.0,268.0,23
24,Charlotte Bobcats,39,1.0,0.4905060656679301,15.0,27.0,7.0,212.0,151.0,7.0,100.0,78.0,35.0,78.0,10.0,28801.0,45.0,63.0,55.0,34.0,83.0,14.0,0.9021342216356465,1.310901040682148,0.4523443208612048,6.839253220592481,4.72456754227712,0.603833904824319,14.616955381179235,2.8284271247461903,1.440619524851935,0.49613893835683387,723.2071657660649,1.4576060457528928,2.335347116350406,2.997691419434937,1.6677944901990958,2.7132155206578155,0.8593378488473196,4.0,4.0,1.0,22.0,16.0,2.0,30.0,11.0,5.0,2392.0,5.0,9.0,10.0,6.0,10.0,3.0,2.4076491415789065,0.9625914478263147,1.105352663758583,0.45163366459834575,0.47053374100076634,2.190643485829828,-0.004560223657587677,1.3328962825366422,1.0731216283545078,0.5038911092686594,-0.37428454637509,0.6773627387512877,1.217929321633779,1.6170064710901169,1.0933972726369687,0.7563890845918417,1.5103683241784804,-24.0,0.0,0.5769230769230769,1.0384615384615385,0.2692307692307692,8.153846153846153,5.8076923076923075,0.2692307692307692,3.8461538461538463,3.0,1.3461538461538463,0.38461538461538464,1107.7307692307693,1.7307692307692308,2.423076923076923,2.1153846153846154,1.3076923076923077,3.1923076923076925,0.5384615384615384,13.0,2.0,280.0,9.0,-1.0,,-1.0,,-1.0,-1.0,1.0,24.0,24.0,38.0,8.0,194.0,157.0,8.0,85.0,24.0,78.0,10.0,28801.0,36.0,61.0,43.0,47.0,72.0,12.0,1.2624761993186857,2.249102385055322,0.5491251783869153,7.066715045794724,6.049666233641451,0.5491251783869153,10.73312629199899,3.37707201353708,1.2937720641002237,0.0,0.49613893835683387,811.2285772921123,1.2985198674467195,2.4810047592426367,2.7559725353102884,2.5925929995929677,2.5970397348934386,0.6468860320501119,4.0,9.0,2.0,21.0,22.0,2.0,18.0,11.0,5.0,3.0,1.0,2403.0,5.0,9.0,10.0,10.0,8.0,2.0,1.1889057803824492,2.1571190092337567,1.6445452877294522,0.5676425059370912,1.1843650483675185,1.6445452877294522,-0.7014886866913402,1.0173468518805726,1.954357121489794,0.5038911092686594,-0.18638255585999583,0.8684789925431355,1.2204704527346013,2.1555556674940815,1.8255433160705845,0.6012952248129354,1.1139338300603405,-24.0,0.9230769230769231,1.4615384615384615,0.3076923076923077,7.461538461538462,6.038461538461538,0.3076923076923077,3.269230769230769,0.9230769230769231,0.38461538461538464,1107.7307692307693,1.3846153846153846,2.3461538461538463,1.6538461538461537,1.8076923076923077,2.769230769230769,0.46153846153846156,2.0,26.0,23.0,280.0,-1.0,,-1.0,-1.0,-1.0,1.0,1.0,15.0,16.0,43.0,6.0,210.0,153.0,6.0,70.0,35.0,75.0,10.0,28800.0,46.0,54.0,49.0,51.0,77.0,18.0,0.8602325267042626,2.3007245235649862,0.4358898943540673,7.404953297174354,4.772490614623215,0.5972157622389639,16.09606577190008,2.533114025595111,1.6072751268321592,0.5,655.8830561413622,1.518771433319269,2.1150256105620406,2.745906043549196,2.7459060435491964,2.8124722220850464,0.9363047936792092,3.0,8.0,1.0,25.0,15.0,2.0,30.0,8.0,7.0,3.0,1.0,2183.0,5.0,7.0,10.0,10.0,10.0,3.0,1.6610708426848908,1.4215713035769788,1.2966976262249144,0.6252087866325517,0.4267133258742095,2.4432760053471,0.3169469184087005,0.8960923140841125,1.9633727740337643,0.434782608695652,-0.22306864426288406,0.9136728448348417,0.9208303916558972,1.7646761389574264,1.4509181368372719,0.8518329855392959,1.2813161251044274,-26.0,0.64,1.72,0.24,8.4,6.12,0.24,2.8,1.4,0.4,1152.0,1.84,2.16,1.96,2.04,3.08,0.72,2.0,25.0,23.0,180.0,24
25,Indiana Pacers,26,0.0,0.2927800822472749,33.0,75.0,14.0,325.0,235.0,15.0,235.0,140.0,33.0,117.0,15.0,43200.0,48.0,107.0,70.0,92.0,109.0,12.0,1.2039072690828836,2.2405898587157265,0.6683514473837646,7.699396194143148,6.110763495613723,0.7113879915305903,8.18048763019334,3.8437779436242194,1.089144075783257,0.4928640580901442,705.8324370201454,1.2022246585204681,2.9887327777394455,2.493987371549161,2.7955526662632475,2.9751557869824423,0.467571900119518,4.0,9.0,2.0,29.0,24.0,3.0,25.0,16.0,4.0,2403.0,5.0,12.0,10.0,10.0,13.0,1.0,1.4555129177402453,1.3440694068847463,1.6645693752036463,0.7600787201165153,1.4711079227143242,2.048830639349975,0.2455105071448283,1.2717268946194997,1.222621969456664,0.49353009060107716,-0.22373685530091314,1.1572912661088641,1.2964321171525826,2.0273489481145237,1.2853419599004845,1.4170263704224513,0.8670439889603677,-10.0,0.0,0.8461538461538461,1.9230769230769231,0.358974358974359,8.333333333333334,6.0256410256410255,0.38461538461538464,6.0256410256410255,3.58974358974359,0.8461538461538461,0.38461538461538464,1107.6923076923076,1.2307692307692308,2.7435897435897436,1.794871794871795,2.358974358974359,2.7948717948717947,0.3076923076923077,13.0,3.0,293.0,9.0,1.0,,1.0,,1.0,1.0,1.0,27.0,23.0,34.0,15.0,182.0,165.0,17.0,88.0,27.0,78.0,10.0,28800.0,41.0,65.0,36.0,41.0,64.0,13.0,1.3061982415214954,1.6677944901990958,1.2057554287027508,7.4833147735478835,6.869889709113576,0.8458041235325204,10.943491216243562,3.753152521035329,1.112861868545031,0.0,0.4961389383568338,727.8496970793225,1.527693082345454,2.7604347483684526,2.299163727565709,2.0429993034375107,3.0754611911811764,0.8124038404635961,5.0,4.0,5.0,29.0,24.0,3.0,20.0,16.0,4.0,3.0,1.0,2205.0,5.0,12.0,10.0,6.0,13.0,3.0,1.8628667087179496,0.6450281150375808,2.5486228797842303,1.1812946892529157,1.1211538949583406,1.1924772207602679,-0.5320646926584577,1.8378317151139756,0.8623058766917542,0.5038911092686594,-0.43078428437516914,0.8632107950374132,1.9653414570296397,2.8239502998172488,0.8100807808796513,1.8859806340158036,1.6971705574423153,-21.0,0.8846153846153846,1.3076923076923077,0.5769230769230769,7.0,6.346153846153846,0.6538461538461539,3.3846153846153846,1.0384615384615385,0.38461538461538464,1107.6923076923076,1.5769230769230769,2.5,1.3846153846153846,1.5769230769230769,2.4615384615384617,0.5,2.0,26.0,24.0,293.0,-2.0,0.0,-1.0,-1.0,-1.0,2.0,2.0,21.0,40.0,84.0,14.0,410.0,319.0,14.0,164.0,44.0,153.0,20.0,57601.0,77.0,124.0,96.0,108.0,149.0,18.0,1.205217415907953,2.095934439926638,0.5321064319306438,6.8904594456791495,5.421598056864422,0.5321064319306438,12.709051892253802,3.1894433714376937,1.1492538073574046,0.4930894998901932,688.8810711553035,1.3765543798863573,2.4839879384633434,2.354969713805504,2.6656860942243696,2.5987930833746806,0.6268502025768105,4.0,9.0,2.0,25.0,22.0,2.0,25.0,11.0,5.0,3.0,1.0,2403.0,5.0,9.0,10.0,10.0,10.0,2.0,1.5755903266497424,1.588944579205799,1.8357638528968625,0.5783115848325019,1.0609623403774138,1.8357638528968627,-0.37126848557261827,0.89654647442148,1.9243750273512137,0.45527190493482306,-0.3375522751055148,0.7209348812427946,1.0955827889425451,1.590587529385247,1.4050257038349527,0.8082435121629201,1.6019057683438938,-28.0,0.7843137254901961,1.6470588235294117,0.27450980392156865,8.03921568627451,6.254901960784314,0.27450980392156865,3.215686274509804,0.8627450980392157,0.39215686274509803,1129.4313725490197,1.5098039215686274,2.4313725490196076,1.8823529411764706,2.1176470588235294,2.9215686274509802,0.35294117647058826,3.0,38.0,24.0,293.0,25
26,Cleveland Cavaliers,12,1.0,0.43037290801531825,18.0,40.0,10.0,195.0,157.0,9.0,-5.0,86.0,20.0,78.0,10.0,28800.0,40.0,68.0,43.0,52.0,72.0,10.0,1.049542024665264,2.139733987780149,0.8038369524685003,7.941032678436729,5.653181541261658,0.8458041235325205,6.254721293673961,3.171992821798067,1.0318020084373671,0.49613893835683387,855.6121910880312,1.6057588668481761,2.6992876553183147,1.853479057174538,2.497999199359359,2.8327752089806535,0.6373020054525532,4.0,9.0,3.0,27.0,19.0,4.0,15.0,13.0,3.0,2416.0,5.0,12.0,7.0,10.0,9.0,2.0,1.8057889556661708,1.9331490525483956,2.159286507523803,1.1352509657746945,0.8113738193783124,3.5342075412724343,0.664348514180463,1.201696824189243,0.9761809196818911,0.5038911092686594,0.06304873654371225,0.6469108392769244,1.7795141613173726,1.2472157711953173,1.501201441922692,0.9058758456729831,1.4740169203247186,-13.0,0.0,0.6923076923076923,1.5384615384615385,0.38461538461538464,7.5,6.038461538461538,0.34615384615384615,-0.19230769230769232,3.3076923076923075,0.7692307692307693,0.38461538461538464,1107.6923076923076,1.5384615384615385,2.6153846153846154,1.6538461538461537,2.0,2.769230769230769,0.38461538461538464,13.0,2.0,306.0,13.0,0.0,,,,,,,,0.0,0.0,0.0,0.0,0.0,0.0,0.0,0.0,0.0,0.0,0.0,0.0,0.0,0.0,0.0,0.0,0.0,,,,,,,,,,,,,,,,,,,,,,,,,,,,,,,,,,,,,,,,,,,,,,,,,,,,,,,,,,,,,,,,,,,,,,,,,,,0.0,1.4142135623730951,1.0,-1.0,0.0,2.0,2.0,17.0,44.0,71.0,19.0,391.0,334.0,19.0,175.0,36.0,156.0,20.0,57600.0,78.0,131.0,82.0,96.0,146.0,23.0,1.5388385661693091,1.8685093791979823,0.6868183580930075,8.144504666302723,6.344199616837457,0.7417215310091747,6.3276548330542255,3.6996494065685974,0.9809651417616392,0.49125075078907465,868.2723558084967,1.488518147188607,2.638258372453124,2.208239062844578,2.379525536696095,3.0165456255976335,0.7518203148505772,7.0,9.0,3.0,27.0,21.0,4.0,15.0,16.0,3.0,3.0,1.0,2416.0,5.0,12.0,9.0,10.0,10.0,3.0,2.383533069745937,1.710766250309124,2.019949107575445,0.9000148215703064,0.7804555712241721,2.8838676527659874,0.05263959861367653,1.5927925211385763,1.1841706138077508,0.4885488716597348,0.012807855259624431,0.5193738125349076,1.4133870510806632,1.9157005448045639,1.279643362809842,0.8692783493268079,1.6435093928150748,-16.0,0.8461538461538461,1.3653846153846154,0.36538461538461536,7.519230769230769,6.423076923076923,0.36538461538461536,3.3653846153846154,0.6923076923076923,0.38461538461538464,1107.6923076923076,1.5,2.519230769230769,1.5769230769230769,1.8461538461538463,2.8076923076923075,0.4423076923076923,3.0,39.0,25.0,306.0,26
27,Orlando Magic,26,0.0,0.26352941022741805,6.0,20.0,4.0,119.0,78.0,4.0,105.0,37.0,12.0,36.0,5.0,14400.0,15.0,31.0,28.0,24.0,45.0,7.0,1.4459976109624422,2.309401076758503,0.6513389472789296,8.887768237438701,5.351295510095067,0.6513389472789296,10.375889885166039,3.579190699111471,1.4770978917519928,0.5149286505444373,758.0919829054088,1.2880570286640687,2.778434265858556,2.6742316936860857,2.412090756622109,3.250874008352495,0.6685579234215215,5.0,8.0,2.0,26.0,16.0,2.0,28.0,11.0,4.0,2011.0,4.0,8.0,8.0,8.0,10.0,2.0,3.247344351272933,2.0823974481907648,1.9300901049979717,0.5948522559369976,0.5723580648983315,1.930090104997972,0.3395971415379713,1.2175973219686487,1.218605760695394,0.38840332498208935,-0.584780781164222,0.9763032370388265,0.8545419077681081,0.9063271590422751,1.49248115565993,0.5346453020521282,0.735202450691636,-7.0,0.0,0.5,1.6666666666666667,0.3333333333333333,9.916666666666666,6.5,0.3333333333333333,8.75,3.0833333333333335,1.0,0.4166666666666667,1200.0,1.25,2.5833333333333335,2.3333333333333335,2.0,3.75,0.5833333333333334,12.0,1.0,319.0,15.0,1.0,,1.0,,1.0,1.0,1.0,27.0,15.0,37.0,8.0,217.0,157.0,8.0,71.0,29.0,75.0,10.0,28800.0,36.0,56.0,49.0,44.0,80.0,13.0,1.3228756555322954,2.1236760581595298,0.7483314773547882,7.075309180523491,4.439594576084622,0.6271629240742259,12.479983974348688,3.077878056930348,1.4047538337136984,0.0,0.5,650.854886540259,1.3564659966250534,2.2781571499789037,2.207562758639793,2.203784623475413,2.516611478423583,0.8225975119502045,5.0,8.0,3.0,26.0,16.0,2.0,28.0,11.0,4.0,3.0,1.0,2011.0,4.0,8.0,8.0,8.0,10.0,3.0,2.4649856935384387,1.8033589909340684,2.623849692533079,0.7564977272266927,0.3380252030521944,1.857683167558082,0.409896362480004,1.0488219712757703,0.8686092248879269,0.434782608695652,-0.6703762683939836,0.7363387862319827,0.9191978871416396,1.0904938495971128,1.3213628110796922,0.8285904647886868,1.639541552051347,-20.0,0.6,1.48,0.32,8.68,6.28,0.32,2.84,1.16,0.4,1152.0,1.44,2.24,1.96,1.76,3.2,0.52,2.0,25.0,27.0,319.0,0.0,,,,,0.0,,,0.0,0.0,0.0,0.0,0.0,0.0,0.0,0.0,0.0,0.0,0.0,0.0,0.0,0.0,0.0,0.0,0.0,,,,,,,,,,,,,,,,,,,,,,,,,,,,,,,,,,,,,,,,,,,,,,,,,,,,,,,,,,,,,,,,,,,,,,,,,,27
28,San Antonio Spurs,26,1.0,0.5293269258141827,23.0,32.0,14.0,178.0,166.0,11.0,-160.0,77.0,30.0,78.0,10.0,28800.0,46.0,54.0,36.0,38.0,66.0,14.0,1.3364706678987932,1.8827148973265668,1.2403473458920844,5.856226141072817,5.477787312971712,0.6433087546786176,10.344824049513099,2.7200113121936713,1.120439474217423,0.4961389383568338,627.6215910391081,1.5312136965869216,1.7417939470115729,1.7905736081361876,2.0828973902863144,2.1209576936991312,0.9891721480417545,5.0,6.0,5.0,21.0,20.0,2.0,14.0,8.0,4.0,1888.0,4.0,6.0,7.0,6.0,8.0,3.0,1.751692220075804,1.3138071563931064,2.6299084774949875,0.4884371402808497,0.7294730607400439,1.2857551532648122,0.06602963729534286,0.5606040071122592,0.7831310843497526,0.5038911092686594,-0.8186345970117535,0.42124304713138083,0.4139957748290457,1.766555576566809,1.0226820840554334,0.5008320086759207,1.630866326314836,-21.0,0.0,0.8846153846153846,1.2307692307692308,0.5384615384615384,6.846153846153846,6.384615384615385,0.4230769230769231,-6.153846153846154,2.9615384615384617,1.1538461538461537,0.38461538461538464,1107.6923076923076,1.7692307692307692,2.076923076923077,1.3846153846153846,1.4615384615384615,2.5384615384615383,0.5384615384615384,13.0,2.0,331.0,15.0,0.0,,,,,,,,0.0,0.0,0.0,0.0,0.0,0.0,0.0,0.0,0.0,0.0,0.0,0.0,0.0,0.0,0.0,0.0,0.0,,,,,,,,,,,,,,,,,,,,,,,,,,,,,,,,,,,,,,,,,,,,,,,,,,,,,,,,,,,,,,,,,,,,,,,,,,,2.0,0.0,1.0,1.0,1.0,2.0,2.0,24.0,38.0,71.0,23.0,399.0,322.0,25.0,159.0,56.0,153.0,20.0,57600.0,77.0,121.0,85.0,85.0,144.0,26.0,1.3090933848263377,1.887627414216577,1.006254947619063,7.262798034787808,5.74974850259881,0.7582228965049219,11.603447763488228,3.4155354416169037,1.2530746499835406,0.49308949989019313,684.6289557554688,1.4334929231720375,2.5136490153856053,2.250925735484551,2.103964511741267,2.8121584759962674,0.8092601317155775,5.0,8.0,5.0,29.0,24.0,3.0,28.0,16.0,4.0,3.0,1.0,2205.0,5.0,12.0,10.0,8.0,13.0,3.0,2.0540449279248345,1.4277922883641516,2.775004056186644,0.9220674620991508,0.9975000845857119,1.4670387164223637,0.019986382575565058,1.57253814253405,0.8872221550105021,0.45527190493482306,-0.5246778651574242,0.8063333765279599,1.595433008990966,1.9023083790440027,1.0643844435789858,1.3783966482483025,1.6167194217120169,-21.0,0.7450980392156863,1.392156862745098,0.45098039215686275,7.823529411764706,6.313725490196078,0.49019607843137253,3.1176470588235294,1.0980392156862746,0.39215686274509803,1129.4117647058824,1.5098039215686274,2.372549019607843,1.6666666666666667,1.6666666666666667,2.823529411764706,0.5098039215686274,3.0,38.0,27.0,331.0,28
29,Phoenix Suns,13,0.0,0.44606428460992686,21.0,28.0,5.0,205.0,171.0,7.0,45.0,87.0,31.0,78.0,10.0,28799.0,30.0,66.0,47.0,34.0,82.0,11.0,1.0205579167977001,1.7417939470115729,0.4914656259988704,6.470406003192831,4.85116956556315,0.533493565673837,9.701784134096954,2.4970752122001882,1.3570329625836144,0.4961389383568338,690.3382905392222,1.120439474217423,2.0244657414887364,1.8551383941739927,1.9548755616505267,2.6029568984876827,0.9868364372306861,3.0,7.0,2.0,21.0,15.0,2.0,21.0,8.0,4.0,2185.0,4.0,6.0,8.0,8.0,8.0,4.0,0.9053176539604192,2.03766274826195,2.6762535457705545,0.36749664484655276,0.12287028514916175,1.9250973078369276,0.2339500036178694,0.27285808089806285,0.9754560265806044,0.5038911092686594,-0.4106002406496838,0.5982858982392665,0.2529121641917699,1.810988036359188,1.9318723515682865,0.42195078604384717,2.801490550900838,-16.0,0.0,0.8076923076923077,1.0769230769230769,0.19230769230769232,7.884615384615385,6.576923076923077,0.2692307692307692,1.7307692307692308,3.3461538461538463,1.1923076923076923,0.38461538461538464,1107.6538461538462,1.1538461538461537,2.5384615384615383,1.8076923076923077,1.3076923076923077,3.1538461538461537,0.4230769230769231,14.0,2.0,347.0,22.0,-1.0,,-1.0,,-1.0,-1.0,1.0,30.0,21.0,29.0,8.0,200.0,169.0,8.0,81.0,31.0,78.0,10.0,28799.0,34.0,60.0,36.0,35.0,78.0,19.0,1.0590271297461937,2.0654669801654655,0.7358929688062399,8.317544016206854,6.8949256703752795,0.5491251783869153,7.299315036357864,3.011005454354715,1.3570329625836144,0.0,0.49613893835683387,785.9887501641581,1.225372784722454,2.54195563720897,1.5251733823253821,2.189836664088127,3.2619012860600183,1.313246124919234,3.0,7.0,3.0,28.0,26.0,2.0,13.0,12.0,4.0,3.0,1.0,2390.0,4.0,10.0,6.0,8.0,11.0,5.0,0.8522976273799859,2.0754984046963125,2.6907630868871624,1.2235360106183697,1.2377939478202014,1.6445452877294524,-0.47132029487412397,1.1469040880097372,0.9754560265806045,0.5038911092686593,-0.033125970474328505,0.4849644961035814,1.5094302613863186,1.2631923189282894,1.9206029995516678,1.1611614370885397,2.264037276621784,-16.0,0.8076923076923077,1.1153846153846154,0.3076923076923077,7.6923076923076925,6.5,0.3076923076923077,3.1153846153846154,1.1923076923076923,0.38461538461538464,1107.6538461538462,1.3076923076923077,2.3076923076923075,1.3846153846153846,1.3461538461538463,3.0,0.7307692307692307,2.0,26.0,28.0,347.0,-1.0,,-1.0,-1.0,-1.0,1.0,1.0,3.0,12.0,29.0,4.0,210.0,168.0,4.0,71.0,24.0,75.0,10.0,28799.0,32.0,59.0,52.0,32.0,80.0,12.0,1.0456258094238746,1.4047538337136984,0.4725815626252608,6.800735254367722,5.6014878975738815,0.4725815626252608,12.332207155790618,2.853068523537421,1.171893055416463,0.5,763.5035734472149,1.2423096769056148,2.196208854670551,2.59679289380831,1.514375558880073,2.7838821814150108,0.8717797887081346,4.0,4.0,2.0,22.0,18.0,2.0,21.0,9.0,4.0,3.0,1.0,2138.0,4.0,8.0,10.0,4.0,10.0,4.0,2.43439533820691,0.9666375321387314,3.143159210967551,0.10315467200705121,0.308218772702484,3.143159210967551,-0.2748508460134466,0.8656158590623899,1.433966931362504,0.434782608695652,-0.4142967650277999,0.4095437527453951,0.7816037183397047,1.7513423500735603,0.8113596580363261,0.49372565494036275,2.9372563638576503,-25.0,0.48,1.16,0.16,8.4,6.72,0.16,2.84,0.96,0.4,1151.96,1.28,2.36,2.08,1.28,3.2,0.48,2.0,25.0,28.0,27.0,29
30,Oklahoma City Thunder,13,0.0,0.1156739625127029,14.0,28.0,4.0,108.0,78.0,4.0,-20.0,38.0,14.0,39.0,5.0,14400.0,26.0,24.0,17.0,33.0,36.0,4.0,1.7541160386140584,3.131723536280351,0.6304251719561152,7.016464154456234,5.180090089306684,0.48038446141526137,4.2937043954955065,3.5463957868409266,1.6052797503622465,0.5063696835418333,936.4688448826784,1.6832508230603465,1.9513309067639728,2.213015114597254,3.619746414124075,2.554533426213293,0.48038446141526137,6.0,11.0,2.0,16.0,12.0,1.0,6.0,11.0,5.0,2535.0,5.0,5.0,8.0,12.0,6.0,1.0,2.161798519065809,2.1407061460187378,2.0514014818793362,-0.3751221686678713,-0.24231683545869287,0.9462118179391509,-0.09903145276828601,1.1610655566449999,1.8536187611364066,0.5385932088581316,-0.12347318630955434,0.12390081553825763,0.5717648787663027,2.647678567826664,1.7878421783220637,0.05537364654920221,0.9462118179391509,-9.0,0.0,1.0769230769230769,2.1538461538461537,0.3076923076923077,8.307692307692308,6.0,0.3076923076923077,-1.5384615384615385,2.923076923076923,1.0769230769230769,0.38461538461538464,1107.6923076923076,2.0,1.8461538461538463,1.3076923076923077,2.5384615384615383,2.769230769230769,0.3076923076923077,13.0,1.0,360.0,24.0,0.0,,,,,,,,0.0,0.0,0.0,0.0,0.0,0.0,0.0,0.0,0.0,0.0,0.0,0.0,0.0,0.0,0.0,0.0,0.0,,,,,,,,,,,,,,,,,,,,,,,,,,,,,,,,,,,,,,,,,,,,,,,,,,,,,,,,,,,,,,,,,,,,,,,,,,,1.0,,1.0,1.0,1.0,1.0,1.0,13.0,24.0,55.0,8.0,220.0,157.0,8.0,74.0,27.0,78.0,10.0,28800.0,50.0,50.0,35.0,63.0,73.0,14.0,1.5472059183722617,2.9438331892540797,0.5491251783869153,8.125174554337988,6.062875682253558,0.4706787243316417,7.177743377970544,3.3668062931188385,1.3994504415882467,0.49613893835683387,922.2555294160408,1.5472059183722617,2.3138379705256273,2.448547450098653,3.336741847048728,2.842804682270392,0.8593378488473195,6.0,11.0,2.0,23.0,17.0,1.0,19.0,11.0,5.0,3.0,1.0,2543.0,5.0,10.0,9.0,12.0,9.0,3.0,1.9634863735431185,1.7120945356551565,1.6445452877294522,0.3551406522903561,0.5010655484906775,0.885246443332081,-0.0914014149119125,1.186416754795868,1.444288186779911,0.5038911092686593,0.010596819830131513,-0.0020768842538008052,1.8431088203833939,2.2560284934495836,1.5370423576150616,0.5955500789012437,1.920083006018229,-20.0,0.9230769230769231,2.1153846153846154,0.3076923076923077,8.461538461538462,6.038461538461538,0.3076923076923077,2.8461538461538463,1.0384615384615385,0.38461538461538464,1107.6923076923076,1.9230769230769231,1.9230769230769231,1.3461538461538463,2.423076923076923,2.8076923076923075,0.5384615384615384,2.0,26.0,13.0,154.0,30
