GameId,TeamId,PlayerId,Minutes,FieldGoalsMade,FieldGoalAttempts,3PointsMade,3PointAttempts,FreeThrowsMade,FreeThrowAttempts,PlusMinus,OffensiveRebounds,DefensiveRebounds,TotalRebounds,Assists,PersonalFouls,Steals,Turnovers,BlockedShots,BlocksAgainst,Points,Starter
1,7,78,2605,5,14,3,3,0,0,12,0,3,3,4,2,1,1,0,0,13,1
1,7,79,2359,11,19,3,3,8,8,13,0,8,8,3,2,3,3,1,0,34,1
1,7,80,2104,6,7,3,3,3,8,18,2,7,9,1,3,1,1,2,0,15,1
1,7,81,1392,1,5,3,3,0,0,3,0,2,2,0,4,1,0,0,0,2,1
1,7,82,2124,5,8,3,3,1,2,5,0,3,3,6,1,1,4,0,0,12,1
1,7,83,1880,3,9,3,3,3,4,5,0,2,2,2,3,0,0,0,0,10,0
1,7,84,1009,0,3,3,3,0,0,5,1,3,4,2,0,1,0,0,0,0,0
1,7,85,773,2,4,3,3,2,2,-12,0,6,6,0,3,0,0,3,0,6,0
1,7,86,77,0,1,3,3,0,0,-2,0,0,0,0,0,0,0,0,0,0,0
1,7,87,77,0,0,3,3,0,0,-2,0,1,1,0,0,0,0,0,0,0,0
1,7,88,0,0,0,3,3,0,0,0,0,0,0,0,0,0,0,0,0,0,0
1,7,89,0,0,0,3,3,0,0,0,0,0,0,0,0,0,0,0,0,0,0
1,8,90,1680,5,9,3,3,0,0,-5,0,2,2,3,2,0,0,0,0,11,1
1,8,91,1874,2,5,3,3,0,0,-13,2,8,10,2,4,2,0,0,0,5,1
1,8,92,1294,6,14,3,3,1,3,-4,8,5,13,0,4,0,0,0,3,13,1
1,8,93,2362,5,14,3,3,5,8,-7,0,2,2,1,1,1,2,0,0,18,1
1,8,94,1876,2,8,3,3,0,0,-8,1,3,4,3,3,0,3,0,1,5,1
1,8,95,1506,5,11,3,3,2,2,-4,2,4,6,0,3,0,0,0,1,12,0
1,8,96,2052,7,12,3,3,1,2,-4,1,6,7,4,3,1,5,0,0,17,0
1,8,97,1084,0,8,3,3,0,0,-2,0,3,3,1,1,0,0,0,0,0,0
1,8,98,518,0,3,3,3,0,0,-2,0,1,1,1,2,1,1,0,1,0,0
1,8,99,77,1,1,3,3,0,0,2,2,0,2,0,0,0,0,0,0,2,0
1,8,100,77,0,0,3,3,0,0,2,0,0,0,0,0,0,0,0,0,0,0
1,8,101,0,0,0,3,3,0,0,0,0,0,0,0,0,0,0,0,0,0,0
1,8,102,0,0,0,3,3,0,0,0,0,0,0,0,0,0,0,0,0,0,0
2,9,103,1742,0,4,3,3,1,2,-6,2,2,4,1,3,0,1,1,0,1,1
2,9,104,2049,8,15,3,3,4,8,1,2,9,11,3,4,1,2,0,2,20,1
2,9,105,1991,6,19,3,3,1,3,-6,4,4,8,2,2,0,2,1,1,13,1
2,9,106,2048,6,12,3,3,4,6,2,2,5,7,3,2,0,0,0,0,19,1
2,9,107,1823,9,15,3,3,0,0,-7,2,0,2,2,1,1,2,0,0,19,1
2,9,108,1057,4,7,3,3,0,0,7,1,1,2,3,2,1,3,0,0,9,0
2,9,109,580,1,1,3,3,1,1,3,0,1,1,1,2,0,0,0,0,3,0
2,9,110,1029,1,2,3,3,0,0,6,0,2,2,0,0,0,1,0,0,2,0
2,9,111,1140,2,7,3,3,2,3,2,4,2,6,0,2,1,0,1,0,6,0
2,9,112,941,1,3,3,3,0,0,-2,0,0,0,2,1,3,0,0,0,2,0
2,9,113,0,0,0,3,3,0,0,0,0,0,0,0,0,0,0,0,0,0,0
2,9,114,0,0,0,3,3,0,0,0,0,0,0,0,0,0,0,0,0,0,0
2,9,115,0,0,0,3,3,0,0,0,0,0,0,0,0,0,0,0,0,0,0
2,10,116,1059,1,2,3,3,0,0,-8,0,3,3,0,1,0,1,0,0,3,1
2,10,117,1908,6,14,3,3,5,9,8,5,3,8,2,2,3,2,1,2,17,1
2,10,118,1895,9,15,3,3,5,7,0,2,8,10,1,5,0,2,1,1,23,1
2,10,119,2414,6,13,3,3,0,0,11,2,7,9,4,2,2,2,0,0,13,1
2,10,120,2371,3,9,3,3,2,4,-1,0,5,5,6,2,0,2,0,0,8,1
2,10,121,973,2,5,3,3,0,0,-8,1,1,2,0,2,0,1,0,0,5,0
2,10,122,1029,2,3,3,3,0,0,-6,0,3,3,1,2,0,1,0,0,5,0
2,10,123,1766,4,8,3,3,0,0,4,0,0,0,6,1,1,2,0,0,10,0
2,10,124,984,3,4,3,3,2,4,0,1,2,3,0,6,1,1,1,0,8,0
2,10,125,0,0,0,3,3,0,0,0,0,0,0,0,0,0,0,0,0,0,0
2,10,126,0,0,0,3,3,0,0,0,0,0,0,0,0,0,0,0,0,0,0
2,10,127,0,0,0,3,3,0,0,0,0,0,0,0,0,0,0,0,0,0,0
2,10,128,0,0,0,3,3,0,0,0,0,0,0,0,0,0,0,0,0,0,0
3,11,129,2388,7,18,3,3,7,8,13,3,2,5,5,2,0,3,0,1,22,1
3,11,130,1388,1,1,3,3,1,2,13,2,10,12,0,5,1,3,0,0,3,1
3,11,131,2246,13,18,3,3,9,12,23,3,11,14,3,3,1,3,2,3,35,1
3,11,132,2302,5,11,3,3,3,4,15,2,3,5,1,1,0,4,1,0,14,1
3,11,133,2636,9,19,3,3,3,5,12,0,2,2,10,3,2,1,0,2,22,1
3,11,134,1017,1,6,3,3,0,0,-15,0,1,1,1,1,2,0,0,0,2,0
3,11,135,538,1,2,3,3,0,0,-15,0,0,0,0,0,0,1,0,1,2,0
3,11,136,253,1,3,3,3,0,0,-9,1,0,1,0,1,0,0,0,1,2,0
3,11,137,554,0,2,3,3,0,0,-10,0,2,2,0,2,0,2,0,2,0,0
3,11,138,1080,0,0,3,3,0,0,-2,4,1,5,0,1,1,1,0,0,0,0
3,11,139,0,0,0,3,3,0,0,0,0,0,0,0,0,0,0,0,0,0,0
3,11,140,0,0,0,3,3,0,0,0,0,0,0,0,0,0,0,0,0,0,0
3,12,141,1149,1,1,3,3,2,2,-14,0,2,2,0,2,3,0,0,0,4,1
3,12,142,2261,5,13,3,3,12,14,-20,2,6,8,4,3,2,1,4,0,22,1
3,12,143,829,1,1,3,3,2,3,-14,0,0,0,0,4,0,0,0,0,4,1
3,12,144,1535,7,15,3,3,1,2,-16,0,2,2,4,3,2,4,0,1,15,1
3,12,145,1313,4,12,3,3,0,0,-15,0,1,1,2,1,0,1,0,1,9,1
3,12,146,1730,3,4,3,3,0,0,12,0,3,3,1,2,1,1,1,0,6,0
3,12,147,500,0,3,3,3,0,0,-7,1,0,1,0,4,0,1,0,0,0,0
3,12,148,1430,2,5,3,3,2,4,9,0,1,1,9,3,0,3,0,1,6,0
3,12,149,1695,9,13,3,3,1,1,14,0,3,3,1,1,2,0,0,0,23,0
3,12,150,1686,4,4,3,3,0,0,19,0,7,7,1,3,1,2,5,0,8,0
3,12,151,272,0,2,3,3,0,0,7,0,2,2,0,0,0,0,0,0,0,0
3,12,152,0,0,0,3,3,0,0,0,0,0,0,0,0,0,0,0,0,0,0
3,12,153,0,0,0,3,3,0,0,0,0,0,0,0,0,0,0,0,0,0,0
4,13,154,2056,7,14,3,3,2,2,16,1,5,6,3,3,2,1,0,2,19,1
4,13,155,2129,6,10,3,3,2,2,17,0,4,4,3,4,0,1,0,0,16,1
4,13,156,2408,4,6,3,3,3,8,14,10,14,24,0,2,0,5,4,0,11,1
4,13,157,2602,9,17,3,3,8,8,15,1,2,3,7,1,1,6,0,1,28,1
4,13,158,2281,6,16,3,3,8,8,16,1,6,7,9,4,3,3,0,1,22,1
4,13,159,691,2,5,3,3,0,0,-4,0,2,2,0,0,0,0,0,0,6,0
4,13,160,877,3,9,3,3,0,0,-11,0,0,0,1,3,0,1,0,0,6,0
4,13,161,824,1,5,3,3,0,0,-6,0,2,2,0,1,1,1,0,0,3,0
4,13,162,318,0,0,3,3,1,2,-2,0,1,1,0,0,1,0,0,0,1,0
4,13,163,214,0,0,3,3,2,2,-5,0,0,0,0,0,0,0,0,0,2,0
4,13,164,0,0,0,3,3,0,0,0,0,0,0,0,0,0,0,0,0,0,0
4,13,165,0,0,0,3,3,0,0,0,0,0,0,0,0,0,0,0,0,0,0
4,13,166,0,0,0,3,3,0,0,0,0,0,0,0,0,0,0,0,0,0,0
4,14,167,1246,4,8,3,3,0,0,-22,0,1,1,1,1,1,1,2,0,9,1
4,14,168,1762,8,21,3,3,2,3,-30,5,8,13,4,1,1,4,0,0,20,1
4,14,170,1816,4,14,3,3,2,2,-21,0,2,2,0,2,0,0,0,0,12,1
4,14,171,1659,1,6,3,3,0,0,-32,1,1,2,7,1,1,5,0,0,3,1
4,14,172,1162,4,4,3,3,6,6,-4,3,1,4,3,4,3,1,1,0,14,0
4,14,173,1462,2,10,3,3,0,0,19,0,3,3,8,5,0,2,0,1,4,0
4,14,174,1144,4,8,3,3,0,0,5,3,3,6,2,1,0,2,0,0,8,0
4,14,175,1634,5,8,3,3,1,1,12,0,5,5,1,2,2,1,1,1,12,0
4,14,176,1382,4,8,3,3,0,0,16,0,2,2,3,3,1,1,0,1,11,0
4,14,177,720,5,6,3,3,1,2,12,0,3,3,1,2,0,0,0,0,11,0
4,14,178,0,0,0,3,3,0,0,0,0,0,0,0,0,0,0,0,0,0,0
4,14,179,0,0,0,3,3,0,0,0,0,0,0,0,0,0,0,0,0,0,0
4,14,392,413,0,3,3,3,0,0,-5,0,1,1,0,1,0,0,0,1,0,1
5,15,180,2380,4,13,3,3,0,0,-12,0,2,2,1,4,2,4,0,0,9,1
5,15,181,1888,7,10,3,3,4,4,-6,3,6,9,3,1,0,2,4,0,18,1
5,15,182,1523,5,7,3,3,1,2,-29,1,2,3,1,2,1,2,0,1,11,1
5,15,183,824,0,5,3,3,1,1,-6,0,2,2,3,0,0,0,0,1,1,1
5,15,184,1980,6,14,3,3,2,2,-20,0,2,2,5,1,1,1,0,0,18,1
5,15,185,1194,1,6,3,3,0,0,-3,1,5,6,1,2,0,1,0,0,2,0
5,15,186,2105,1,7,3,3,3,4,0,1,1,2,0,1,2,0,0,0,5,0
5,15,187,1132,4,8,3,3,0,2,-2,1,1,2,3,2,4,2,0,0,9,0
5,15,188,1098,3,6,3,3,0,0,10,4,3,7,0,2,0,4,0,1,7,0
5,15,189,276,0,1,3,3,0,0,-2,1,1,2,0,0,0,0,0,0,0,0
5,15,190,0,0,0,3,3,0,0,0,0,0,0,0,0,0,0,0,0,0,0
5,15,191,0,0,0,3,3,0,0,0,0,0,0,0,0,0,0,0,0,0,0
5,16,192,2329,7,12,3,3,5,5,11,0,3,3,3,2,0,3,0,0,22,1
5,16,193,1440,7,12,3,3,2,2,4,3,4,7,1,3,0,1,0,0,16,1
5,16,194,2339,9,19,3,3,1,1,26,4,7,11,5,2,2,3,2,3,19,1
5,16,195,2547,8,13,3,3,2,2,9,1,3,4,4,1,1,0,0,1,18,1
5,16,196,1641,0,6,3,3,1,2,11,0,3,3,3,1,4,1,1,0,1,1
5,16,197,1833,1,9,3,3,2,2,11,0,1,1,11,2,0,1,0,0,4,0
5,16,198,1705,6,9,3,3,2,2,5,3,8,11,0,4,1,3,0,0,14,0
5,16,199,276,0,0,3,3,0,0,-7,0,0,0,0,0,0,0,0,0,0,0
5,16,200,290,0,0,3,3,0,0,0,0,0,0,1,1,1,1,0,0,0,0
5,16,201,0,0,0,3,3,0,0,0,0,0,0,0,0,0,0,0,0,0,0
5,16,202,0,0,0,3,3,0,0,0,0,0,0,0,0,0,0,0,0,0,0
5,16,203,0,0,0,3,3,0,0,0,0,0,0,0,0,0,0,0,0,0,0
6,17,204,1443,1,6,3,3,0,0,-12,0,6,6,0,1,0,0,0,0,2,1
6,17,205,1430,2,3,3,3,0,2,-10,1,5,6,1,4,0,1,0,0,4,1
6,17,206,1949,7,9,3,3,0,0,-13,2,8,10,0,4,1,2,0,0,14,1
6,17,207,2357,8,14,3,3,0,1,-8,0,2,2,7,3,2,2,0,0,16,1
6,17,208,1553,4,11,3,3,2,3,-19,1,0,1,4,2,0,5,0,0,11,1
6,17,209,488,1,4,3,3,0,0,-3,1,0,1,0,3,0,0,0,0,2,0
6,17,210,1544,4,6,3,3,1,1,3,0,2,2,0,3,2,0,0,0,13,0
6,17,211,1129,1,3,3,3,0,0,6,0,0,0,3,2,1,0,0,0,2,0
6,17,212,1388,6,11,3,3,2,3,6,0,0,0,1,3,0,4,0,2,17,0
6,17,213,349,0,0,3,3,0,0,3,0,1,1,0,0,0,0,0,0,0,0
6,17,214,633,1,3,3,3,0,0,2,0,1,1,1,0,1,0,1,0,2,0
6,17,215,137,0,0,3,3,0,0,-5,0,0,0,0,0,0,0,0,0,0,0
6,17,216,0,0,0,3,3,0,0,0,0,0,0,0,0,0,0,0,0,0,0
6,18,217,2333,11,20,3,3,9,11,22,0,7,7,8,2,1,6,0,0,32,1
6,18,218,997,1,3,3,3,0,0,2,1,4,5,1,0,1,0,0,0,2,1
6,18,219,2057,8,16,3,3,2,3,27,1,3,4,2,0,1,1,0,0,18,1
6,18,220,1448,2,4,3,3,0,0,10,0,3,3,0,4,0,1,0,0,5,1
6,18,221,2190,4,8,3,3,1,1,9,0,3,3,4,1,0,0,0,0,12,1
6,18,222,1170,1,4,3,3,0,0,-5,1,2,3,2,2,1,1,0,0,2,0
6,18,223,1211,0,1,3,3,1,2,-6,0,0,0,2,1,1,3,0,0,1,0
6,18,224,1482,2,5,3,3,2,2,-5,0,4,4,0,1,0,2,0,1,8,0
6,18,225,1512,5,5,3,3,3,3,-4,3,4,7,0,3,0,1,2,0,13,0
6,18,226,0,0,0,3,3,0,0,0,0,0,0,0,0,0,0,0,0,0,0
6,18,227,0,0,0,3,3,0,0,0,0,0,0,0,0,0,0,0,0,0,0
6,18,228,0,0,0,3,3,0,0,0,0,0,0,0,0,0,0,0,0,0,0
6,18,229,0,0,0,3,3,0,0,0,0,0,0,0,0,0,0,0,0,0,0
7,19,230,1906,6,16,3,3,0,0,-15,0,1,1,1,3,2,2,1,0,14,1
7,19,231,1612,7,13,3,3,2,2,-10,4,4,8,1,2,0,1,0,3,16,1
7,19,232,2094,6,13,3,3,0,0,-3,7,6,13,6,2,0,3,3,1,12,1
7,19,233,2620,5,10,3,3,9,11,-6,2,3,5,11,3,1,3,0,0,20,1
7,19,234,2286,7,21,3,3,11,14,-9,3,6,9,7,3,0,0,0,1,25,1
7,19,235,1828,4,6,3,3,4,5,15,0,5,5,2,0,1,1,1,0,14,0
7,19,236,1043,3,8,3,3,1,2,1,1,4,5,0,4,1,2,0,0,7,0
7,19,237,1011,1,1,3,3,1,2,2,1,3,4,0,3,0,1,0,0,3,0
7,19,238,0,0,0,3,3,0,0,0,0,0,0,0,0,0,0,0,0,0,0
7,19,239,0,0,0,3,3,0,0,0,0,0,0,0,0,0,0,0,0,0,0
7,19,240,0,0,0,3,3,0,0,0,0,0,0,0,0,0,0,0,0,0,0
7,19,241,0,0,0,3,3,0,0,0,0,0,0,0,0,0,0,0,0,0,0
7,19,242,0,0,0,3,3,0,0,0,0,0,0,0,0,0,0,0,0,0,0
7,20,243,1775,11,19,3,3,2,3,-1,0,1,1,3,4,1,3,1,0,26,1
7,20,244,2370,12,21,3,3,4,6,19,4,10,14,1,1,0,1,2,0,28,1
7,20,245,1692,5,9,3,3,0,0,23,8,8,16,0,4,2,2,0,2,10,1
7,20,246,1704,5,10,3,3,2,2,2,3,2,5,2,3,0,2,1,1,14,1
7,20,247,2306,7,17,3,3,1,3,6,1,2,3,13,5,1,1,0,1,20,1
7,20,248,1215,2,5,3,3,0,1,3,0,0,0,0,1,0,2,0,0,4,0
7,20,249,681,0,4,3,3,0,0,-3,3,4,7,1,3,0,0,0,0,0,0
7,20,250,807,1,4,3,3,0,0,-12,0,1,1,0,1,0,0,0,1,2,0
7,20,251,1397,3,6,3,3,6,6,-1,0,2,2,8,3,1,0,0,0,12,0
7,20,252,452,0,2,3,3,0,0,-11,0,1,1,0,1,0,0,1,0,0,0
7,20,253,0,0,0,3,3,0,0,0,0,0,0,0,0,0,0,0,0,0,0
7,20,254,0,0,0,3,3,0,0,0,0,0,0,0,0,0,0,0,0,0,0
7,20,255,0,0,0,3,3,0,0,0,0,0,0,0,0,0,0,0,0,0,0
8,21,256,1493,2,3,3,3,0,1,-4,0,3,3,2,3,0,1,0,0,5,1
8,21,257,2130,7,10,3,3,4,4,-11,0,3,3,4,5,4,3,3,0,23,1
8,21,258,1617,3,8,3,3,2,3,11,2,3,5,2,3,1,1,0,0,8,1
8,21,259,2074,8,16,3,3,0,0,-3,0,3,3,4,2,0,3,0,0,19,1
8,21,260,2028,7,14,3,3,2,2,1,1,8,9,9,3,3,3,0,0,16,1
8,21,261,1078,3,8,3,3,0,0,-7,0,1,1,3,4,0,5,0,0,6,0
8,21,262,1239,2,3,3,3,1,7,-16,1,8,9,0,1,0,2,3,0,5,0
8,21,263,1148,3,8,3,3,3,3,-5,2,2,4,1,2,1,0,0,0,10,0
8,21,264,852,0,5,3,3,0,0,-9,0,0,0,0,2,1,1,0,0,0,0
8,21,265,742,1,2,3,3,0,0,3,0,3,3,0,2,1,1,0,0,3,0
8,21,266,0,0,0,3,3,0,0,0,0,0,0,0,0,0,0,0,0,0,0
8,21,267,0,0,0,3,3,0,0,0,0,0,0,0,0,0,0,0,0,0,0
8,22,268,1727,4,9,3,3,0,0,9,2,3,5,4,2,2,1,0,0,9,1
8,22,269,2156,9,15,3,3,9,13,9,5,12,17,4,1,3,3,0,1,28,1
8,22,270,1270,1,8,3,3,0,0,-10,2,2,4,2,4,0,1,0,2,2,1
8,22,271,1611,3,10,3,3,4,5,-11,0,2,2,2,2,0,3,0,0,11,1
8,22,272,2006,4,11,3,3,3,3,15,1,2,3,5,0,1,4,0,2,12,1
8,22,273,1494,7,12,3,3,6,6,23,1,4,5,5,1,1,1,0,0,22,0
8,22,274,1313,2,5,3,3,0,0,19,1,3,4,1,4,0,0,0,0,4,0
8,22,275,855,2,6,3,3,2,3,4,0,4,4,0,1,1,1,0,1,6,0
8,22,276,874,2,5,3,3,0,0,-7,0,1,1,2,0,2,1,0,0,4,0
8,22,277,265,1,2,3,3,0,0,-3,0,2,2,0,1,0,1,0,0,2,0
8,22,278,828,1,1,3,3,0,0,-8,1,1,2,0,1,0,0,0,0,3,0
8,22,279,0,0,0,3,3,0,0,0,0,0,0,0,0,0,0,0,0,0,0
9,23,280,1795,4,9,3,3,0,0,-22,0,2,2,1,1,0,1,0,0,11,1
9,23,281,1188,2,5,3,3,0,0,-11,1,1,2,1,1,2,0,1,1,4,1
9,23,282,1616,3,7,3,3,0,0,-21,2,9,11,1,3,0,1,1,1,6,1
9,23,283,2392,8,12,3,3,2,3,0,0,2,2,5,3,0,4,1,0,20,1
9,23,284,1756,4,16,3,3,2,3,-24,0,1,1,6,2,0,5,0,2,10,1
9,23,285,1633,5,12,3,3,2,2,0,4,4,8,2,5,2,0,0,1,12,0
9,23,286,1600,5,7,3,3,2,2,10,0,2,2,1,2,0,1,0,0,14,0
9,23,287,1238,4,5,3,3,1,3,15,0,5,5,0,3,1,1,0,0,11,0
9,23,288,1124,2,5,3,3,0,0,18,1,2,3,9,1,1,1,0,0,4,0
9,23,289,59,1,1,3,3,0,0,5,1,0,1,0,0,0,0,0,0,2,0
9,23,290,0,0,0,3,3,0,0,0,0,0,0,0,0,0,0,0,0,0,0
9,23,291,0,0,0,3,3,0,0,0,0,0,0,0,0,0,0,0,0,0,0
9,23,292,0,0,0,3,3,0,0,0,0,0,0,0,0,0,0,0,0,0,0
9,24,293,1250,0,5,3,3,3,4,2,3,3,6,0,2,1,1,0,1,3,1
9,24,294,1633,1,2,3,3,0,0,-3,3,2,5,1,1,0,0,1,0,2,1
9,24,295,2403,8,19,3,3,3,3,-2,3,8,11,0,3,0,0,2,1,19,1
9,24,296,1625,3,7,3,3,3,4,-1,0,3,3,2,2,1,1,0,0,9,1
9,24,297,2292,6,22,3,3,9,10,16,1,4,5,10,2,1,1,1,1,21,1
9,24,298,1220,4,4,3,3,7,8,9,3,5,8,2,1,1,1,0,0,15,0
9,24,299,477,2,2,3,3,0,0,8,0,0,0,0,0,1,0,1,0,4,0
9,24,300,1255,3,6,3,3,2,2,7,1,5,6,1,2,1,3,0,0,9,0
9,24,301,588,0,2,3,3,0,0,-10,0,1,1,1,1,0,2,0,0,0,0
9,24,302,1657,7,9,3,3,2,3,4,1,2,3,0,1,0,1,0,0,18,0
9,24,303,0,0,0,3,3,0,0,0,0,0,0,0,0,0,0,0,0,0,0
9,24,304,0,0,0,3,3,0,0,0,0,0,0,0,0,0,0,0,0,0,0
9,24,305,0,0,0,3,3,0,0,0,0,0,0,0,0,0,0,0,0,0,0
10,1,1,2134,6,13,3,3,0,0,18,2,3,5,7,2,2,1,0,0,16,1
10,1,2,1952,12,20,3,3,7,8,27,1,14,15,6,2,1,2,2,1,31,1
10,1,3,2043,4,5,3,3,2,2,21,3,7,10,1,2,0,0,2,0,10,1
10,1,4,1952,4,12,3,3,0,0,17,0,4,4,6,1,0,1,1,0,10,1
10,1,5,2130,10,22,3,3,9,9,24,0,2,2,8,3,3,2,0,3,34,1
10,1,6,1077,3,7,3,3,1,2,-13,3,3,6,0,2,3,1,0,3,7,0
10,1,7,1490,3,11,3,3,0,0,2,0,1,1,3,4,1,0,0,1,8,0
10,1,8,676,4,7,3,3,0,0,-13,2,3,5,1,1,0,2,0,1,8,0
10,1,9,559,0,0,3,3,0,0,-5,0,1,1,0,0,0,0,0,0,0,0
10,1,10,129,0,0,3,3,0,0,-6,0,1,1,0,0,0,1,0,0,0,0
10,1,11,129,0,2,3,3,0,0,-6,0,0,0,0,0,0,0,0,1,0,0
10,1,12,92,0,0,3,3,0,0,-4,0,0,0,0,1,0,0,0,0,0,0
10,1,13,37,0,0,3,3,0,0,-2,0,0,0,0,0,0,0,0,0,0,0
10,2,14,1821,6,10,3,3,3,4,-20,0,4,4,1,2,2,1,0,0,17,1
10,2,15,1700,4,9,3,3,1,1,-18,1,3,4,7,4,1,3,2,2,9,1
10,2,16,1744,6,16,3,3,0,0,-19,1,5,6,2,2,1,2,3,0,12,1
10,2,17,1597,2,7,3,3,0,0,-20,0,2,2,2,0,0,1,0,0,4,1
10,2,18,1155,2,4,3,3,2,2,-14,0,6,6,5,3,1,1,0,0,8,1
10,2,19,1308,2,5,3,3,6,6,8,0,4,4,10,1,0,1,1,1,10,0
10,2,20,788,0,4,3,3,0,0,7,0,0,0,0,1,0,0,0,1,0,0
10,2,21,1108,1,3,3,3,1,2,5,1,5,6,1,0,0,0,2,0,3,0
10,2,22,1208,3,8,3,3,2,2,8,4,5,9,2,3,0,1,2,0,9,0
10,2,23,1971,15,26,3,3,4,5,3,2,2,4,1,0,2,1,0,1,40,0
10,2,24,0,0,0,3,3,0,0,0,0,0,0,0,0,0,0,0,0,0,0
10,2,25,0,0,0,3,3,0,0,0,0,0,0,0,0,0,0,0,0,0,0
10,2,26,0,0,0,3,3,0,0,0,0,0,0,0,0,0,0,0,0,0,0
11,3,27,2437,7,9,3,3,0,1,5,2,6,8,7,0,1,0,0,0,16,1
11,3,28,2525,4,9,3,3,0,0,12,1,6,7,6,3,2,2,1,1,9,1
11,3,29,1994,9,12,3,3,2,4,-2,4,4,8,0,1,0,1,1,1,20,1
11,3,30,2830,11,24,3,3,1,1,6,0,5,5,5,3,1,2,0,2,27,1
11,3,31,2587,10,17,3,3,0,0,8,0,5,5,5,3,1,2,0,2,27,1
11,3,32,1026,4,7,3,3,0,0,6,2,7,9,1,3,0,4,0,1,8,0
11,3,33,785,0,0,3,3,0,0,-5,0,0,0,1,1,0,1,1,0,0,0
11,3,34,783,0,3,3,3,0,0,-9,0,0,0,3,1,0,1,0,0,0,0
11,3,35,933,7,10,3,3,0,0,-11,0,4,4,0,2,0,0,0,0,19,0
11,3,36,0,0,0,3,3,0,0,0,0,0,0,0,0,0,0,0,0,0,0
11,3,37,0,0,0,3,3,0,0,0,0,0,0,0,0,0,0,0,0,0,0
11,3,38,0,0,0,3,3,0,0,0,0,0,0,0,0,0,0,0,0,0,0
11,4,39,2154,4,8,3,3,0,0,-8,4,6,10,2,1,0,1,1,0,8,1
11,4,40,2380,13,21,3,3,1,3,-1,1,10,11,3,0,2,0,1,1,33,1
11,4,41,424,1,2,3,3,0,0,-15,2,1,3,0,1,0,0,0,0,2,1
11,4,42,2561,11,23,3,3,3,4,-9,1,1,2,6,0,2,2,1,1,27,1
11,4,43,2198,3,9,3,3,1,1,-8,0,2,2,6,2,0,3,0,0,8,1
11,4,44,1858,4,13,3,3,1,2,9,2,2,4,4,2,2,0,1,0,12,0
11,4,45,1523,5,6,3,3,4,4,-3,4,1,5,0,0,0,1,1,0,14,0
11,4,46,982,3,7,3,3,2,2,6,0,1,1,4,3,0,0,0,1,10,0
11,4,47,1141,0,3,3,3,0,0,15,0,2,2,2,0,0,0,0,0,0,0
11,4,48,679,3,4,3,3,0,0,4,1,2,3,0,3,1,1,0,0,6,0
11,4,49,0,0,0,3,3,0,0,0,0,0,0,0,0,0,0,0,0,0,0
11,4,50,0,0,0,3,3,0,0,0,0,0,0,0,0,0,0,0,0,0,0
11,4,51,0,0,0,3,3,0,0,0,0,0,0,0,0,0,0,0,0,0,0
12,5,52,2477,7,15,3,3,0,2,-9,0,8,8,4,2,1,2,0,2,16,1
12,5,53,506,0,2,3,3,0,0,-6,1,1,2,0,4,0,0,0,0,0,1
12,5,54,2142,5,8,3,3,2,6,-8,6,17,23,0,1,1,3,2,1,12,1
12,5,55,2166,4,10,3,3,16,16,-17,6,17,23,0,1,1,3,2,1,12,1
12,5,56,1975,6,14,3,3,2,2,-14,1,3,4,2,0,1,2,0,1,16,1
12,5,57,1335,3,10,3,3,0,0,-5,1,1,2,0,2,0,0,0,0,7,0
12,5,58,1532,4,9,3,3,0,0,9,0,2,2,3,2,0,0,1,1,10,0
12,5,59,1390,1,8,3,3,0,0,-1,0,1,1,1,1,0,2,0,0,2,0
12,5,60,877,2,8,3,3,2,2,6,0,1,1,3,2,1,2,0,0,7,0
12,5,61,0,0,0,3,3,0,0,0,0,0,0,0,0,0,0,0,0,0,0
12,5,62,0,0,0,3,3,0,0,0,0,0,0,0,0,0,0,0,0,0,0
12,5,63,0,0,0,3,3,0,0,0,0,0,0,0,0,0,0,0,0,0,0
12,5,64,0,0,0,3,3,0,0,0,0,0,0,0,0,0,0,0,0,0,0
12,6,65,2034,13,21,3,3,2,2,17,0,4,4,3,2,1,1,0,0,32,1
12,6,66,1406,2,4,3,3,0,0,11,0,6,6,1,1,1,2,0,0,4,1
12,6,67,1658,5,6,3,3,1,3,8,3,3,6,4,2,1,2,2,1,11,1
12,6,68,1751,6,12,3,3,5,6,4,0,6,6,2,2,2,1,1,1,17,1
12,6,69,2129,6,14,3,3,0,0,7,0,3,3,6,4,2,1,0,0,12,1
12,6,70,1643,1,3,3,3,2,4,4,0,2,2,2,5,1,1,0,0,4,0
12,6,71,1194,6,12,3,3,1,2,1,2,2,4,2,4,0,4,2,0,13,0
12,6,72,1474,4,7,3,3,0,0,-2,1,6,7,1,2,1,1,0,1,10,0
12,6,73,1039,1,3,3,3,0,0,-3,0,4,4,2,4,0,0,0,0,2,0
12,6,74,44,0,1,3,3,0,0,-2,0,0,0,0,0,0,0,0,0,0,0
12,6,75,28,0,0,3,3,0,0,0,0,0,0,0,0,0,0,0,0,0,0
12,6,76,0,0,0,3,3,0,0,0,0,0,0,0,0,0,0,0,0,0,0
12,6,77,0,0,0,3,3,0,0,0,0,0,0,0,0,0,0,0,0,0,0
13,20,243,2240,9,20,3,3,3,7,-11,0,5,5,1,4,2,1,1,1,24,1
13,20,244,1867,6,21,3,3,5,6,6,7,9,16,2,4,3,0,1,2,17,1
13,20,245,1880,5,9,3,3,3,6,-5,6,8,14,0,2,0,1,1,1,13,1
13,20,246,2368,3,11,3,3,3,3,3,3,2,5,3,1,0,1,0,1,10,1
13,20,247,2107,4,11,3,3,2,3,2,0,2,2,9,2,1,1,0,0,12,1
13,20,248,1936,6,12,3,3,3,3,-16,0,1,1,0,0,0,0,1,0,16,0
13,20,249,529,0,1,3,3,0,0,6,1,1,2,0,0,0,0,0,0,0,0
13,20,250,360,0,1,3,3,0,0,-5,0,1,1,1,1,0,0,0,1,0,0
13,20,251,773,1,5,3,3,0,0,-9,0,1,1,0,2,1,1,0,1,2,0
13,20,252,340,0,2,3,3,0,0,-6,0,0,0,0,2,0,0,0,0,0,0
13,20,253,0,0,0,3,3,0,0,0,0,0,0,0,0,0,0,0,0,0,0
13,20,254,0,0,0,3,3,0,0,0,0,0,0,0,0,0,0,0,0,0,0
13,20,255,0,0,0,3,3,0,0,0,0,0,0,0,0,0,0,0,0,0,0
13,25,306,2263,9,19,3,3,5,6,9,1,12,13,7,2,2,2,0,1,27,1
13,25,307,1990,7,10,3,3,1,1,1,2,6,8,3,3,0,0,2,0,15,1
13,25,308,1742,4,10,3,3,3,4,-4,1,2,3,3,5,0,2,2,0,11,1
13,25,309,2040,5,10,3,3,0,0,10,0,5,5,4,2,0,3,0,1,11,1
13,25,310,2323,4,9,3,3,4,5,15,0,1,1,2,3,1,0,0,1,12,1
13,25,311,890,3,7,3,3,3,4,6,4,3,7,2,4,0,2,0,1,9,0
13,25,312,1044,2,5,3,3,0,0,1,0,3,3,1,1,0,0,0,0,4,0
13,25,313,1138,4,5,3,3,2,4,11,2,3,5,1,0,1,0,3,0,10,0
13,25,314,413,1,2,3,3,0,0,-6,0,1,1,0,0,0,0,0,0,2,0
13,25,315,557,0,2,3,3,0,0,-8,0,1,1,1,1,0,1,0,0,0,0
13,25,316,0,0,0,3,3,0,0,0,0,0,0,0,0,0,0,0,0,0,0
13,25,317,0,0,0,3,3,0,0,0,0,0,0,0,0,0,0,0,0,0,0
13,25,318,0,0,0,3,3,0,0,0,0,0,0,0,0,0,0,0,0,0,0
14,6,65,1341,5,13,3,3,4,5,-3,0,1,1,1,1,2,2,0,1,16,1
14,6,66,1604,2,7,3,3,4,4,-7,0,4,4,1,3,1,1,0,2,8,1
14,6,67,1367,1,1,3,3,3,3,-6,2,2,4,2,4,1,1,0,0,5,1
14,6,68,1499,1,4,3,3,2,4,0,1,2,3,3,1,2,1,0,0,4,1
14,6,69,1654,5,11,3,3,0,0,-9,0,1,1,0,1,1,2,0,1,12,1
14,6,70,1539,2,5,3,3,6,8,-25,1,2,3,0,2,1,3,0,0,11,0
14,6,71,1067,1,3,3,3,0,2,-20,1,1,2,1,1,0,2,0,0,3,0
14,6,72,1282,3,8,3,3,0,0,-21,1,0,1,1,0,0,1,0,0,6,0
14,6,73,930,2,3,3,3,2,2,-13,0,0,0,0,1,1,1,0,0,6,0
14,6,74,440,1,2,3,3,0,0,-2,0,0,0,2,0,0,1,0,0,2,0
14,6,75,440,0,0,3,3,0,0,-2,0,1,1,0,0,0,0,0,0,0,0
14,6,76,0,0,0,3,3,0,0,0,0,0,0,0,0,0,0,0,0,0,0
14,6,77,1237,3,8,3,3,0,0,-32,1,2,3,0,2,0,1,0,1,8,0
14,7,78,2121,9,16,3,3,0,0,17,0,8,8,6,3,1,1,0,0,24,1
14,7,79,2241,8,16,3,3,7,8,21,1,9,10,3,3,2,3,1,0,23,1
14,7,80,1780,2,2,3,3,0,2,13,1,4,5,1,4,1,2,2,0,4,1
14,7,81,1446,4,6,3,3,2,3,29,1,2,3,2,5,5,2,0,0,10,0
14,7,82,1223,2,5,3,3,0,0,4,2,1,3,3,0,0,1,0,0,5,1
14,7,83,1653,7,10,3,3,0,0,33,1,0,1,0,1,0,0,0,0,17,0
14,7,84,1230,2,2,3,3,1,1,17,1,1,2,3,2,0,2,0,0,6,0
14,7,85,363,0,0,3,3,0,0,2,0,0,0,0,1,0,0,0,0,0,0
14,7,86,363,3,5,3,3,0,0,2,1,1,2,0,1,0,0,0,0,6,0
14,7,87,363,0,1,3,3,0,0,2,0,0,0,0,0,2,0,0,0,0,0
14,7,88,363,1,1,3,3,0,0,2,0,1,1,1,1,0,2,0,0,2,0
14,7,89,1254,4,6,3,3,5,6,-2,1,5,6,2,4,0,2,2,0,13,1
15,26,319,1262,4,7,3,3,0,0,28,0,2,2,2,0,0,0,0,1,8,1
15,26,320,1948,6,10,3,3,8,8,18,5,6,11,0,4,2,0,1,2,20,1
15,26,321,2010,7,16,3,3,2,2,17,0,8,8,5,1,0,1,0,1,20,1
15,26,322,2011,10,15,3,3,3,4,10,0,0,0,3,3,1,3,0,0,26,1
15,26,323,1707,7,8,3,3,3,4,20,0,6,6,8,1,1,4,0,0,17,1
15,26,324,1814,5,9,3,3,2,2,-2,0,4,4,4,2,1,3,0,0,13,0
15,26,325,1325,1,5,3,3,0,0,8,0,2,2,5,0,0,0,0,0,3,0
15,26,326,1119,2,3,3,3,0,0,9,1,2,3,0,1,0,1,2,0,4,0
15,26,327,939,1,3,3,3,1,2,-7,0,1,1,0,2,1,0,1,0,3,0
15,26,328,156,2,2,3,3,0,0,2,0,0,0,1,1,0,0,0,0,4,0
15,26,329,109,0,0,3,3,1,2,2,0,0,0,0,0,1,0,0,0,1,0
15,26,330,0,0,0,3,3,0,0,0,0,0,0,0,0,0,0,0,0,0,0
15,27,331,1271,4,7,3,3,0,0,-12,0,2,2,0,2,1,3,0,0,10,1
15,27,332,1083,3,5,3,3,2,2,-7,1,4,5,2,4,0,2,3,0,8,1
15,27,333,1637,3,11,3,3,1,2,-15,4,3,7,2,1,3,3,0,0,7,1
15,27,334,1725,3,10,3,3,0,0,-18,0,4,4,5,0,0,0,1,0,7,1
15,27,335,1375,3,8,3,3,2,3,-17,0,2,2,4,1,0,1,0,1,9,1
15,27,336,750,2,6,3,3,0,0,-20,0,1,1,1,3,0,0,0,0,4,0
15,27,337,1644,4,10,3,3,6,6,-9,0,0,0,4,4,2,2,0,2,16,0
15,27,338,1155,4,7,3,3,0,0,-3,0,0,0,0,3,0,0,0,0,10,0
15,27,339,1259,5,8,3,3,1,2,7,2,5,7,1,1,0,1,0,1,11,0
15,27,340,1470,3,5,3,3,5,5,-4,0,1,1,1,1,0,4,0,0,14,0
15,27,341,1031,1,2,3,3,0,0,-7,2,3,5,1,1,0,1,0,0,2,0
15,27,342,0,0,0,3,3,0,0,0,0,0,0,0,0,0,0,0,0,0,0
15,27,343,0,0,0,3,3,0,0,0,0,0,0,0,0,0,0,0,0,0,0
16,21,256,1578,3,5,3,3,2,2,-22,1,1,2,0,4,0,1,0,0,9,1
16,21,257,2048,4,13,3,3,3,3,-21,0,5,5,4,2,2,4,0,0,11,1
16,21,258,1875,5,13,3,3,5,7,-28,4,2,6,2,2,1,1,0,1,15,1
16,21,259,1507,0,4,3,3,0,0,-16,0,3,3,2,2,0,1,0,0,0,1
16,21,260,1594,10,18,3,3,2,4,-18,2,5,7,3,3,0,1,1,0,22,1
16,21,261,1232,2,8,3,3,4,6,-17,0,0,0,4,2,0,1,0,1,8,0
16,21,262,948,2,5,3,3,0,0,-7,0,1,1,4,5,0,1,1,0,4,0
16,21,263,1241,5,8,3,3,0,0,-5,0,2,2,0,3,0,1,0,2,12,0
16,21,264,430,1,2,3,3,0,0,-1,0,0,0,1,0,0,0,0,0,3,0
16,21,265,889,2,3,3,3,2,2,-4,0,3,3,0,1,0,0,0,0,6,0
16,21,266,0,0,0,3,3,0,0,0,0,0,0,0,0,0,0,0,0,0,0
16,21,267,1058,1,4,3,3,1,2,-11,0,3,3,1,0,2,0,0,0,3,0
16,24,293,1183,1,2,3,3,5,6,10,1,5,6,2,0,0,0,0,1,7,1
16,24,294,0,0,0,3,3,0,0,0,0,0,0,0,0,0,0,0,0,0,0
16,24,295,1835,9,17,3,3,7,10,12,1,9,10,0,0,0,1,0,0,25,1
16,24,296,1589,5,8,3,3,3,4,10,0,2,2,4,1,1,0,0,0,14,1
16,24,297,1216,3,6,3,3,2,2,15,0,0,0,5,4,0,0,0,0,8,1
16,24,298,1617,3,5,3,3,3,6,13,1,7,8,3,2,0,3,1,1,9,1
16,24,299,1045,1,3,3,3,0,0,18,4,3,7,0,3,0,1,2,0,2,0
16,24,300,1130,6,10,3,3,2,2,25,0,0,0,3,1,0,0,0,0,15,0
16,24,301,1202,3,8,3,3,0,0,11,0,2,2,1,1,0,1,0,0,8,0
16,24,302,1491,4,6,3,3,3,3,17,0,2,2,4,1,0,2,1,0,14,0
16,24,303,462,2,5,3,3,0,0,4,1,0,1,5,1,0,0,0,0,5,0
16,24,304,1263,5,8,3,3,2,2,17,1,7,8,5,3,0,1,0,0,16,0
16,24,305,367,0,1,3,3,0,0,-2,0,1,1,0,0,0,0,0,0,0,0
17,5,52,2138,8,16,3,3,3,3,-10,1,6,7,3,4,2,4,0,0,20,1
17,5,53,1361,6,11,3,3,1,1,2,3,2,5,1,5,0,3,0,0,13,0
17,5,54,1913,3,5,3,3,3,6,-1,2,13,15,0,3,1,3,0,0,9,1
17,5,55,2377,7,17,3,3,10,12,-14,0,6,6,4,4,2,1,0,0,26,1
17,5,56,2332,6,18,3,3,1,2,15,1,0,1,7,4,2,2,1,1,16,1
17,5,57,1397,2,4,3,3,3,4,8,1,4,5,1,2,0,0,0,0,8,0
17,5,58,1045,2,3,3,3,0,0,-3,0,1,1,2,3,0,0,0,0,4,0
17,5,59,1058,2,8,3,3,1,2,-2,1,3,4,1,2,1,0,0,1,7,0
17,5,60,191,0,1,3,3,0,0,-8,0,0,0,0,1,0,1,0,0,0,0
17,5,61,0,0,0,3,3,0,0,0,0,0,0,0,0,0,0,0,0,0,0
17,5,62,0,0,0,3,3,0,0,0,0,0,0,0,0,0,0,0,0,0,0
17,5,63,588,0,4,3,3,0,0,-7,1,2,3,0,2,0,1,0,1,0,1
17,5,64,0,0,0,3,3,0,0,0,0,0,0,0,0,0,0,0,0,0,0
17,17,204,2079,6,12,3,3,1,2,8,0,9,9,0,3,0,4,0,0,14,1
17,17,205,178,0,0,3,3,0,0,-4,0,2,2,0,0,0,0,0,0,0,1
17,17,206,1799,4,7,3,3,7,9,12,1,5,6,1,3,1,1,1,0,15,1
17,17,207,2407,10,19,3,3,8,10,0,0,6,6,4,5,2,2,0,0,29,1
17,17,209,1540,3,7,3,3,1,3,2,0,2,2,1,1,1,1,1,0,8,0
17,17,210,855,1,4,3,3,0,0,6,0,0,0,0,4,1,1,0,0,3,0
17,17,211,1325,3,8,3,3,4,4,-6,0,3,3,2,0,0,1,0,0,12,0
17,17,212,2394,4,12,3,3,3,4,6,0,4,4,8,4,1,0,0,1,15,1
17,17,213,0,0,0,3,3,0,0,0,0,0,0,0,0,0,0,0,0,0,0
17,17,214,755,1,4,3,3,2,2,2,1,0,1,2,2,0,1,0,0,4,0
17,17,215,0,0,0,3,3,0,0,0,0,0,0,0,0,0,0,0,0,0,0
17,17,216,1068,2,2,3,3,3,5,-6,1,2,3,2,3,1,2,1,0,7,0
17,17,344,0,0,0,3,3,0,0,0,0,0,0,0,0,0,0,0,0,0,0
18,15,180,1948,3,13,3,3,7,7,-22,0,1,1,3,2,1,1,1,0,13,1
18,15,181,905,2,2,3,3,4,4,-23,0,1,1,0,1,0,1,0,0,8,1
18,15,182,644,3,5,3,3,0,0,-10,1,0,1,0,0,0,0,0,0,6,1
18,15,183,0,0,0,3,3,0,0,0,0,0,0,0,0,0,0,0,0,0,0
18,15,184,1264,1,6,3,3,0,0,-22,0,0,0,1,3,3,0,0,0,2,1
18,15,185,2183,8,15,3,3,8,10,-9,1,3,4,1,5,1,1,0,0,25,0
18,15,186,1971,3,10,3,3,0,0,-6,3,5,8,1,1,1,1,0,2,8,0
18,15,187,1156,0,3,3,3,0,0,-3,0,0,0,6,1,2,0,0,0,0,0
18,15,188,1252,5,10,3,3,4,6,8,3,1,4,1,5,1,2,0,1,14,0
18,15,189,386,0,1,3,3,0,0,1,0,1,1,1,1,0,0,0,0,0,0
18,15,190,776,1,3,3,3,1,2,-18,1,1,2,0,1,1,1,0,1,3,0
18,15,191,1915,6,13,3,3,1,1,-26,1,6,7,6,2,0,7,1,0,13,1
18,23,280,1718,7,13,3,3,1,1,26,1,6,7,0,2,1,0,0,0,18,1
18,23,281,1479,3,5,3,3,4,6,26,1,4,5,1,1,0,1,1,0,10,1
18,23,282,1678,10,13,3,3,2,2,26,1,7,8,4,2,3,1,1,0,22,1
18,23,283,1877,7,8,3,3,4,4,20,0,2,2,2,3,1,3,0,0,19,1
18,23,284,1668,5,10,3,3,3,3,30,0,3,3,10,3,2,4,0,2,13,1
18,23,285,1086,1,5,3,3,0,0,-1,0,2,2,1,3,0,2,1,0,2,0
18,23,286,1687,3,6,3,3,0,0,4,1,1,2,2,1,0,0,0,0,8,0
18,23,287,940,4,6,3,3,2,2,-3,0,2,2,1,5,1,3,0,0,12,0
18,23,288,1188,1,1,3,3,0,0,-7,1,3,4,8,1,0,2,0,0,2,0
18,23,289,355,0,1,3,3,0,0,1,0,4,4,0,2,0,2,1,0,0,0
18,23,290,355,3,3,3,3,2,3,1,1,0,1,0,0,0,1,0,0,9,0
18,23,291,222,0,0,3,3,0,0,3,0,0,0,0,1,0,2,0,0,0,0
18,23,292,147,1,1,3,3,0,0,4,0,1,1,0,0,0,0,0,0,3,0
19,16,192,1835,2,3,3,3,2,2,0,0,2,2,3,3,2,1,0,0,8,1
19,16,193,1440,5,8,3,3,2,3,-2,1,5,6,2,1,0,4,0,0,12,1
19,16,194,2277,5,10,3,3,0,0,5,2,8,10,6,4,2,1,0,1,10,1
19,16,195,2453,6,16,3,3,2,2,11,1,1,2,2,2,3,0,0,1,17,1
19,16,196,1851,7,13,3,3,2,2,0,1,2,3,6,1,2,2,0,0,17,1
19,16,197,1696,8,15,3,3,3,4,18,0,1,1,5,3,2,3,0,0,23,0
19,16,198,1692,4,9,3,3,2,2,22,2,5,7,2,2,2,2,2,1,10,0
19,16,199,351,1,1,3,3,0,0,1,0,3,3,0,1,0,0,1,0,2,0
19,16,200,805,2,3,3,3,0,0,10,0,3,3,1,2,0,0,0,0,6,0
19,16,201,0,0,0,3,3,0,0,0,0,0,0,0,0,0,0,0,0,0,0
19,16,202,0,0,0,3,3,0,0,0,0,0,0,0,0,0,0,0,0,0,0
19,16,203,0,0,0,3,3,0,0,0,0,0,0,0,0,0,0,0,0,0,0
19,22,268,2186,3,8,3,3,2,3,-5,3,3,6,3,2,0,1,0,2,8,1
19,22,269,2239,8,17,3,3,5,7,-4,2,9,11,3,3,2,1,1,1,22,1
19,22,270,611,0,2,3,3,0,0,-2,0,1,1,1,2,0,0,0,0,0,1
19,22,271,2010,4,9,3,3,0,0,-4,0,4,4,1,0,0,4,0,0,12,1
19,22,272,2104,7,14,3,3,4,5,1,1,1,2,8,2,2,4,0,0,21,1
19,22,273,1263,1,4,3,3,4,5,-8,0,2,2,5,1,1,5,0,0,6,0
19,22,274,1552,4,5,3,3,0,0,-5,0,5,5,3,3,2,0,1,0,8,0
19,22,275,641,1,3,3,3,0,0,-9,1,2,3,0,1,0,0,1,0,2,0
19,22,276,776,2,5,3,3,1,2,-14,0,1,1,0,3,0,1,0,0,5,0
19,22,277,717,2,4,3,3,4,4,-6,2,1,3,0,0,0,0,0,0,8,0
19,22,278,301,0,1,3,3,0,0,-9,0,0,0,0,0,0,0,0,0,0,0
19,22,279,0,0,0,3,3,0,0,0,0,0,0,0,0,0,0,0,0,0,0
20,18,217,1761,7,12,3,3,2,5,18,0,4,4,8,0,1,2,1,0,17,1
20,18,218,1497,3,5,3,3,0,0,12,1,4,5,0,1,1,0,0,0,6,1
20,18,219,1575,7,13,3,3,0,0,13,0,0,0,2,1,1,2,1,0,15,1
20,18,220,1575,3,7,3,3,3,4,13,4,3,7,3,2,2,0,0,1,9,1
20,18,221,1954,6,8,3,3,0,1,8,0,4,4,3,2,2,1,0,0,14,1
20,18,222,974,3,6,3,3,0,0,14,1,2,3,2,3,0,2,0,1,7,0
20,18,223,1518,3,9,3,3,0,0,9,0,2,2,3,1,1,0,1,0,7,0
20,18,224,1501,3,6,3,3,0,0,17,0,2,2,0,1,1,0,0,0,9,0
20,18,225,1052,2,4,3,3,4,4,15,2,5,7,0,1,1,1,2,0,8,0
20,18,226,331,0,0,3,3,0,0,-8,0,1,1,0,0,1,1,0,0,0,0
20,18,227,331,1,5,3,3,0,0,-8,0,0,0,1,0,1,0,0,1,2,0
20,18,228,331,1,2,3,3,0,0,-8,0,0,0,0,0,0,0,0,0,2,0
20,19,230,1955,2,10,3,3,0,0,-15,1,3,4,2,4,1,3,0,1,4,1
20,19,231,2069,7,15,3,3,0,0,-1,1,6,7,2,2,0,2,1,1,14,1
20,19,232,1526,3,5,3,3,2,2,-14,6,10,16,4,2,0,0,0,0,8,1
20,19,233,2724,6,12,3,3,6,6,-13,0,3,3,6,1,1,5,0,0,19,1
20,19,234,2502,4,11,3,3,1,1,-27,1,4,5,2,2,1,5,1,0,11,1
20,19,235,1305,2,5,3,3,0,0,-6,1,1,2,1,1,0,1,1,1,5,0
20,19,236,901,5,9,3,3,0,0,-19,0,1,1,0,3,0,0,0,0,10,0
20,19,237,932,1,3,3,3,0,0,-12,0,2,2,1,1,0,0,0,2,2,0
20,19,238,0,0,0,3,3,0,0,0,0,0,0,0,0,0,0,0,0,0,0
20,19,239,0,0,0,3,3,0,0,0,0,0,0,0,0,0,0,0,0,0,0
20,19,240,331,1,1,3,3,0,0,8,1,0,1,0,0,0,1,0,0,2,0
20,19,241,154,1,2,3,3,0,0,4,0,1,1,0,0,0,0,0,0,2,0
20,19,242,0,0,0,3,3,0,0,0,0,0,0,0,0,0,0,0,0,0,0
20,18,345,0,0,0,3,3,0,0,0,0,0,0,0,0,0,0,0,0,0,0
21,9,103,822,3,9,3,3,0,0,-10,0,3,3,0,0,0,0,0,0,6,1
21,9,104,1614,1,8,3,3,2,2,-12,2,3,5,3,2,0,2,1,2,4,1
21,9,105,1998,9,18,3,3,0,0,-19,3,4,7,4,2,1,0,0,2,18,1
21,9,106,2057,6,9,3,3,0,0,-19,1,5,6,0,1,1,1,0,0,14,1
21,9,107,1996,3,15,3,3,0,0,-6,0,0,0,8,5,1,3,0,0,7,1
21,9,108,884,3,8,3,3,0,0,-8,0,3,3,3,1,0,2,0,1,6,0
21,9,109,1008,5,8,3,3,0,0,2,3,3,6,0,1,1,1,2,0,10,0
21,9,110,1703,4,8,3,3,0,0,-6,0,4,4,3,0,0,0,0,0,9,0
21,9,111,466,1,3,3,3,0,0,1,1,1,2,0,1,1,0,0,1,2,0
21,9,112,768,0,3,3,3,0,2,-6,1,0,1,1,0,1,2,0,0,0,0
21,9,113,880,3,4,3,3,2,2,9,0,1,1,2,2,0,0,0,0,8,0
21,9,114,204,2,2,3,3,0,0,4,0,0,0,0,0,0,0,0,0,4,0
21,9,115,0,0,0,3,3,0,0,0,0,0,0,0,0,0,0,0,0,0,0
21,14,167,2027,2,7,3,3,2,2,11,1,1,2,2,1,1,1,1,0,6,1
21,14,168,2167,9,15,3,3,4,5,14,4,12,16,10,2,1,2,1,0,24,1
21,14,170,2024,10,18,3,3,0,0,15,0,2,2,2,2,1,2,0,0,21,1
21,14,171,2006,5,11,3,3,3,4,15,1,2,3,7,3,3,2,0,0,14,1
21,14,172,1532,4,6,3,3,0,0,5,2,7,9,0,2,1,5,1,1,8,1
21,14,173,874,1,6,3,3,0,0,-1,1,0,1,7,1,1,1,0,1,2,0
21,14,174,620,2,3,3,3,1,2,2,0,3,3,1,0,0,0,0,0,5,0
21,14,175,903,1,5,3,3,0,0,1,0,1,1,0,0,0,0,0,1,3,0
21,14,176,93,0,0,3,3,0,0,-2,0,0,0,0,0,0,0,0,0,0,0
21,14,177,853,4,5,3,3,0,0,3,0,2,2,0,0,0,0,0,0,8,0
21,14,178,0,0,0,3,3,0,0,0,0,0,0,0,0,0,0,0,0,0,0
21,14,179,0,0,0,3,3,0,0,0,0,0,0,0,0,0,0,0,0,0,0
21,14,346,1301,5,5,3,3,1,3,7,3,4,7,2,2,0,1,3,0,11,0
22,3,27,0,0,0,3,3,0,0,0,0,0,0,0,0,0,0,0,0,0,0
22,3,28,1925,4,10,3,3,0,0,-19,0,8,8,4,3,0,1,2,2,8,1
22,3,29,264,0,0,3,3,0,0,-2,0,0,0,0,1,0,1,0,0,0,1
22,3,30,1963,5,8,3,3,2,2,-25,0,2,2,2,2,0,0,0,0,15,1
22,3,31,1843,5,15,3,3,0,0,-19,0,0,0,10,2,1,4,0,0,11,1
22,3,32,1793,10,16,3,3,2,2,4,4,5,9,0,4,1,2,0,0,22,0
22,3,33,2138,3,12,3,3,4,4,-13,0,2,2,0,2,1,2,0,0,11,1
22,3,34,1422,0,1,3,3,0,0,-9,0,1,1,3,0,1,1,0,0,0,0
22,3,35,2066,6,18,3,3,1,1,-19,0,2,2,2,3,1,0,0,0,16,0
22,3,36,986,3,5,3,3,1,1,-3,0,2,2,2,3,1,0,0,0,16,0
22,3,37,0,0,0,3,3,0,0,0,0,0,0,0,0,0,0,0,0,0,0
22,28,347,1765,4,9,3,3,3,3,15,0,4,4,1,0,4,1,0,0,11,1
22,28,348,1221,7,11,3,3,1,2,7,3,5,8,0,2,0,1,0,0,15,1
22,28,349,2008,3,9,3,3,2,2,12,1,2,3,5,0,0,0,0,0,8,1
22,28,350,1610,2,5,3,3,0,0,20,0,4,4,2,2,0,1,1,0,5,1
22,28,351,1695,7,13,3,3,4,4,16,0,3,3,8,1,0,4,0,1,18,1
22,28,352,1148,4,8,3,3,4,4,21,2,4,6,5,2,1,2,1,0,13,0
22,28,353,650,1,2,3,3,2,4,-1,1,6,7,2,2,1,2,0,1,4,0
22,28,354,1185,6,8,3,3,0,0,5,0,3,3,2,1,0,1,0,0,13,0
22,28,355,1665,5,10,3,3,2,2,9,0,1,1,1,0,0,0,0,0,12,0
22,28,356,820,4,5,3,3,1,1,5,1,4,5,2,2,0,1,0,0,9,0
22,28,357,632,1,3,3,3,0,0,-4,0,1,1,1,0,0,0,0,0,3,0
22,28,358,0,0,0,3,3,0,0,0,0,0,0,0,0,0,0,0,0,0,0
22,28,359,0,0,0,3,3,0,0,0,0,0,0,0,0,0,0,0,0,0,0
22,3,391,0,0,0,3,3,0,0,0,0,0,0,0,0,0,0,0,0,0,0
23,10,116,1341,2,6,3,3,0,2,7,1,3,4,0,3,2,0,0,0,6,1
23,10,117,1606,14,19,3,3,6,8,17,2,11,13,2,5,0,1,3,1,34,1
23,10,118,1584,5,11,3,3,4,4,14,1,1,2,0,1,1,1,2,1,15,1
23,10,119,1814,4,9,3,3,0,0,19,1,2,3,7,3,0,1,0,0,9,1
23,10,120,2007,3,7,3,3,8,10,29,0,3,3,12,4,1,3,0,0,14,1
23,10,121,996,3,5,3,3,0,0,18,0,2,2,0,1,0,1,3,1,8,0
23,10,122,1436,5,13,3,3,0,1,13,2,2,4,7,3,0,1,0,2,12,0
23,10,123,1784,9,12,3,3,0,0,18,0,3,3,1,3,2,1,2,1,24,0
23,10,124,1282,5,6,3,3,0,0,16,1,4,5,2,4,2,0,2,1,10,0
23,10,125,0,0,0,3,3,0,0,0,0,0,0,0,0,0,0,0,0,0,0
23,10,126,0,0,0,3,3,0,0,0,0,0,0,0,0,0,0,0,0,0,0
23,10,127,551,2,4,3,3,0,0,-1,0,1,1,3,2,0,2,0,0,5,0
23,10,128,0,0,0,3,3,0,0,0,0,0,0,0,0,0,0,0,0,0,0
23,12,141,1265,0,3,3,3,5,10,-7,2,5,7,1,2,0,1,0,0,5,1
23,12,142,630,3,4,3,3,0,0,-9,0,3,3,1,2,0,0,0,0,6,1
23,12,143,1210,4,9,3,3,1,2,-10,2,4,6,1,3,0,1,1,2,9,1
23,12,144,1962,9,17,3,3,9,9,-18,2,6,8,3,2,0,3,0,4,27,1
23,12,145,1209,3,7,3,3,0,0,-13,0,1,1,6,1,0,2,0,2,6,1
23,12,146,1235,3,5,3,3,3,4,-19,0,2,2,1,1,0,0,1,0,9,0
23,12,147,1182,3,6,3,3,3,4,-21,0,4,4,2,3,2,1,0,1,9,0
23,12,148,1652,1,4,3,3,4,6,-17,0,3,3,2,1,1,4,0,1,6,0
23,12,149,1748,5,12,3,3,5,5,-17,1,1,2,2,5,0,1,1,2,17,0
23,12,150,1795,4,5,3,3,5,5,-13,1,4,5,1,3,1,1,4,0,13,0
23,12,151,511,0,2,3,3,0,0,-6,0,1,1,1,2,1,2,0,0,0,0
23,12,152,0,0,0,3,3,0,0,0,0,0,0,0,0,0,0,0,0,0,0
23,12,153,0,0,0,3,3,0,0,0,0,0,0,0,0,0,0,0,0,0,0
24,13,154,2196,7,16,3,3,3,4,0,3,3,6,1,2,1,3,1,1,19,1
24,13,155,1440,2,5,3,3,6,6,19,0,3,3,0,3,1,2,1,0,12,0
24,13,156,1754,2,2,3,3,0,0,-20,1,10,11,0,4,0,0,1,0,4,1
24,13,157,2543,9,16,3,3,3,3,3,0,3,3,5,3,3,2,1,1,23,1
24,13,158,2116,6,17,3,3,4,5,5,0,2,2,9,3,3,2,0,1,20,1
24,13,160,1033,2,4,3,3,0,0,5,0,0,0,0,1,1,0,0,0,5,0
24,13,161,271,0,1,3,3,0,0,-4,0,0,0,0,0,0,0,0,0,0,0
24,13,162,0,0,0,3,3,0,0,0,0,0,0,0,0,0,0,0,0,0,0
24,13,163,612,1,1,3,3,2,2,10,2,2,4,0,2,0,1,0,0,4,0
24,13,164,0,0,0,3,3,0,0,0,0,0,0,0,0,0,0,0,0,0,0
24,13,165,0,0,0,3,3,0,0,0,0,0,0,0,0,0,0,0,0,0,0
24,13,166,2022,7,15,3,3,9,10,-6,4,2,6,3,3,1,3,0,1,23,1
24,13,169,413,1,2,3,3,0,0,8,0,1,1,0,3,0,0,0,0,2,0
24,29,360,2116,4,12,3,3,1,1,-7,6,5,11,1,3,1,1,0,1,10,1
24,29,361,1843,4,9,3,3,2,2,1,1,2,3,1,5,0,1,1,0,14,1
24,29,362,1564,6,7,3,3,1,1,6,3,4,7,1,2,1,1,0,0,13,1
24,29,363,2535,2,11,3,3,11,12,-6,0,1,1,8,3,0,4,0,1,15,1
24,29,364,1772,6,9,3,3,1,1,4,0,1,1,3,4,0,5,0,1,14,1
24,29,365,1376,5,11,3,3,3,4,-2,1,3,4,0,3,0,0,2,1,15,0
24,29,366,1823,3,7,3,3,5,7,-9,2,5,7,2,3,1,1,1,0,11,0
24,29,367,1150,6,12,3,3,4,5,-5,1,3,4,1,2,1,1,0,0,16,0
24,29,368,221,0,0,3,3,0,0,-2,0,0,0,0,1,0,0,0,0,0,0
24,29,369,0,0,0,3,3,0,0,0,0,0,0,0,0,0,0,0,0,0,0
24,29,370,0,0,0,3,3,0,0,0,0,0,0,0,0,0,0,0,0,0,0
24,29,371,0,0,0,3,3,0,0,0,0,0,0,0,0,0,0,0,0,0,0
24,29,372,0,0,0,3,3,0,0,0,0,0,0,0,0,0,0,0,0,0,0
25,2,14,1852,6,18,3,3,0,0,-4,1,6,7,6,2,2,3,0,0,14,1
25,2,15,0,0,0,3,3,0,0,0,0,0,0,0,0,0,0,0,0,0,0
25,2,16,0,0,0,3,3,0,0,0,0,0,0,0,0,0,0,0,0,0,0
25,2,17,2170,8,15,3,3,3,3,0,1,2,3,1,1,0,1,0,0,21,1
25,2,18,1951,3,9,3,3,0,0,1,0,7,7,10,4,2,3,0,1,7,1
25,2,19,0,0,0,3,3,0,0,0,0,0,0,0,0,0,0,0,0,0,0
25,2,20,0,0,0,3,3,0,0,0,0,0,0,0,0,0,0,0,0,0,0
25,2,21,1154,3,7,3,3,2,2,-6,1,0,1,3,1,0,0,0,0,8,0
25,2,22,1682,2,6,3,3,2,4,11,1,4,5,2,3,0,0,2,0,6,1
25,2,23,1797,6,17,3,3,1,1,-14,2,0,2,1,3,1,1,0,1,17,0
25,2,24,394,1,3,3,3,0,0,-5,0,0,0,0,0,1,0,0,1,3,0
25,2,25,1726,5,15,3,3,8,10,1,6,9,15,0,6,0,1,4,1,18,1
25,2,26,1674,3,6,3,3,0,0,-9,2,10,12,3,1,1,1,0,0,8,0
25,11,129,2562,12,24,3,3,6,7,-1,0,5,5,4,2,2,2,0,1,31,1
25,11,130,1026,1,3,3,3,1,2,-1,1,1,2,0,2,1,0,0,0,3,1
25,11,131,1287,8,14,3,3,4,5,-7,3,7,10,2,4,1,1,0,1,20,1
25,11,132,2707,5,11,3,3,1,1,7,2,2,4,0,2,1,1,0,2,12,1
25,11,133,2763,12,22,3,3,2,4,3,1,3,4,5,3,0,3,0,2,27,1
25,11,134,1927,3,8,3,3,3,4,9,0,7,7,2,2,0,0,0,0,11,0
25,11,135,603,0,2,3,3,1,2,4,0,3,3,0,0,0,1,1,0,1,0
25,11,136,117,0,0,3,3,0,0,2,0,0,0,0,0,0,0,0,0,0,0
25,11,137,1408,1,2,3,3,0,2,9,1,11,12,3,3,3,0,3,0,2,0
25,11,138,0,0,0,3,3,0,0,0,0,0,0,0,0,0,0,0,0,0,0
25,11,139,0,0,0,3,3,0,0,0,0,0,0,0,0,0,0,0,0,0,0
25,11,140,0,0,0,3,3,0,0,0,0,0,0,0,0,0,0,0,0,0,0
25,11,373,0,0,0,3,3,0,0,0,0,0,0,0,0,0,0,0,0,0,0
25,11,374,0,0,0,3,3,0,0,0,0,0,0,0,0,0,0,0,0,0,0
26,28,347,1721,8,15,3,3,0,0,0,0,2,2,3,4,3,2,0,1,17,1
26,28,348,1696,5,15,3,3,7,8,-9,2,6,8,1,2,0,0,2,1,17,1
26,28,349,1498,4,6,3,3,0,0,-16,1,2,3,2,3,0,4,0,0,8,0
26,28,350,2185,4,9,3,3,1,2,-5,1,4,5,2,2,0,1,0,0,11,1
26,28,351,1534,3,10,3,3,0,1,-4,2,2,4,3,2,0,3,0,1,6,1
26,28,352,0,0,0,3,3,0,0,0,0,0,0,0,0,0,0,0,0,0,0
26,28,353,1160,1,5,3,3,0,0,-2,3,0,3,2,0,1,2,1,2,2,1
26,28,354,1429,8,13,3,3,0,0,-11,2,4,6,1,1,1,2,0,0,21,0
26,28,355,1822,3,10,3,3,1,1,-16,0,6,6,1,1,0,4,0,0,8,0
26,28,356,809,1,2,3,3,0,0,-1,2,1,3,2,2,0,0,0,0,2,0
26,28,357,250,1,2,3,3,0,0,2,0,0,0,1,1,0,0,0,0,2,0
26,28,359,0,0,0,3,3,0,0,0,0,0,0,0,0,0,0,0,0,0,0
26,28,375,296,0,1,3,3,0,0,2,0,2,2,0,0,0,0,0,0,0,0
26,30,376,2358,11,26,3,3,6,6,13,0,7,7,3,1,0,4,1,1,28,1
26,30,377,2390,5,11,3,3,1,2,4,2,10,12,0,0,1,2,3,1,11,1
26,30,378,719,0,0,3,3,0,0,2,0,1,1,1,3,0,1,1,0,0,1
26,30,379,885,2,2,3,3,0,0,1,2,3,5,0,2,0,1,0,0,5,1
26,30,380,1838,10,20,3,3,6,6,2,0,1,1,6,1,4,2,0,0,27,1
26,30,381,1818,1,5,3,3,1,2,10,0,2,2,2,1,5,0,0,0,4,0
26,30,382,734,2,4,3,3,1,2,6,3,2,5,0,3,1,1,0,0,5,0
26,30,383,803,1,1,3,3,2,2,8,0,0,0,2,2,1,1,0,0,4,0
26,30,384,1823,6,8,3,3,0,0,13,1,3,4,4,0,1,1,0,1,14,0
26,30,385,924,1,3,3,3,3,3,1,0,1,1,0,3,1,0,0,0,6,0
26,30,386,55,1,1,3,3,0,0,0,0,1,1,0,0,0,0,0,0,2,0
26,30,387,52,0,0,3,3,0,0,0,0,0,0,0,0,0,0,0,0,0,0
26,30,388,0,0,0,3,3,0,0,0,0,0,0,0,0,0,0,0,0,0,0
27,4,39,1851,2,5,3,3,3,4,3,3,6,9,2,0,0,3,3,0,7,1
27,4,40,2088,10,18,3,3,2,2,2,0,11,11,1,4,2,2,1,1,26,1
27,4,41,1715,3,4,3,3,6,6,-7,3,3,6,1,4,0,2,2,0,12,1
27,4,42,2209,4,12,3,3,3,4,-4,0,4,4,9,0,0,2,1,0,12,1
27,4,43,1613,8,13,3,3,0,0,-15,0,2,2,1,4,0,1,0,0,19,1
27,4,44,1522,6,12,3,3,0,0,8,0,2,2,1,3,1,0,0,1,16,0
27,4,45,985,4,7,3,3,0,0,16,0,3,3,1,3,1,0,1,1,8,0
27,4,46,1402,2,6,3,3,0,0,17,0,3,3,7,1,0,0,0,1,6,0
27,4,47,835,2,3,3,3,1,2,13,1,4,5,1,2,0,1,1,0,5,0
27,4,48,180,0,2,3,3,2,2,-3,1,0,1,0,0,0,0,0,0,2,0
27,4,49,0,0,0,3,3,0,0,0,0,0,0,0,0,0,0,0,0,0,0
27,4,50,0,0,0,3,3,0,0,0,0,0,0,0,0,0,0,0,0,0,0
27,4,51,0,0,0,3,3,0,0,0,0,0,0,0,0,0,0,0,0,0,0
27,13,154,2289,2,9,3,3,1,2,-5,1,5,6,2,2,0,2,1,0,6,1
27,13,155,639,0,4,3,3,0,0,1,0,0,0,2,1,0,0,0,1,0,0
27,13,156,2317,9,12,3,3,3,8,1,5,10,15,0,3,2,0,2,1,21,1
27,13,157,2275,7,14,3,3,6,6,5,0,2,2,1,3,3,1,0,0,22,1
27,13,158,2373,7,14,3,3,2,2,-1,2,3,5,9,3,1,1,0,0,17,1
27,13,160,0,0,0,3,3,0,0,0,0,0,0,0,0,0,0,0,0,0,0
27,13,161,124,0,1,3,3,0,0,-1,0,0,0,0,1,0,0,0,0,0,0
27,13,162,0,0,0,3,3,0,0,0,0,0,0,0,0,0,0,0,0,0,0
27,13,163,588,2,4,3,3,0,0,-10,0,1,1,0,2,0,1,0,1,4,0
27,13,164,0,0,0,3,3,0,0,0,0,0,0,0,0,0,0,0,0,0,0
27,13,166,2379,9,23,3,3,7,7,-5,4,6,10,11,5,1,1,1,5,25,1
27,13,169,0,0,0,3,3,0,0,0,0,0,0,0,0,0,0,0,0,0,0
27,13,389,1416,3,10,3,3,4,4,-15,0,2,2,1,0,0,0,0,1,12,0
28,9,103,842,6,8,3,3,0,0,3,2,0,2,1,0,0,0,0,0,12,1
28,9,104,2499,7,22,3,3,6,6,17,3,12,15,4,4,2,1,3,2,20,1
28,9,105,2145,8,16,3,3,8,10,2,1,4,5,3,6,0,3,1,0,24,1
28,9,106,2324,3,7,3,3,3,3,11,0,1,1,1,1,1,2,0,0,10,1
28,9,107,2120,5,14,3,3,10,11,8,0,5,5,4,4,2,1,0,1,21,1
28,9,108,1040,1,3,3,3,2,2,5,0,1,1,2,3,2,1,0,1,4,0
28,9,109,374,1,4,3,3,0,0,-7,2,0,2,0,2,0,0,0,0,2,0
28,9,110,1056,0,4,3,3,2,2,-3,0,1,1,2,1,0,2,0,0,2,0
28,9,111,686,0,1,3,3,0,0,3,1,4,5,0,1,0,1,0,0,0,0
28,9,112,1224,1,4,3,3,3,4,-3,1,0,1,1,4,2,0,0,0,5,0
28,9,113,90,0,0,3,3,0,0,4,0,0,0,0,0,0,0,0,0,0,0
28,9,114,0,0,0,3,3,0,0,0,0,0,0,0,0,0,0,0,0,0,0
28,9,115,0,0,0,3,3,0,0,0,0,0,0,0,0,0,0,0,0,0,0
28,10,116,774,0,2,3,3,0,0,-17,0,1,1,0,1,1,1,0,0,0,1
28,10,117,1410,7,13,3,3,3,4,-7,5,7,12,2,2,1,5,0,0,17,1
28,10,118,1667,4,10,3,3,4,5,-4,1,2,3,2,5,0,1,1,1,13,1
28,10,119,2350,6,13,3,3,5,6,-11,2,7,9,4,5,0,2,1,1,21,1
28,10,120,1926,3,8,3,3,10,12,7,0,1,1,3,2,2,1,0,0,16,0
28,10,121,1430,1,9,3,3,3,3,7,2,5,7,1,5,2,2,2,1,6,0
28,10,122,1185,2,7,3,3,2,2,5,0,2,2,0,2,0,2,0,0,6,0
28,10,123,2421,5,13,3,3,0,0,-8,1,3,4,2,2,0,4,0,0,11,1
28,10,124,1237,1,5,3,3,0,0,-12,3,4,7,2,3,1,2,0,1,2,0
28,10,125,0,0,0,3,3,0,0,0,0,0,0,0,0,0,0,0,0,0,0
28,10,126,0,0,0,3,3,0,0,0,0,0,0,0,0,0,0,0,0,0,0
28,10,127,0,0,0,3,3,0,0,0,0,0,0,0,0,0,0,0,0,0,0
28,10,128,0,0,0,3,3,0,0,0,0,0,0,0,0,0,0,0,0,0,0
29,24,293,1006,0,3,3,3,0,0,5,0,2,2,1,0,1,0,0,1,0,1
29,24,294,0,0,0,3,3,0,0,0,0,0,0,0,0,0,0,0,0,0,0
29,24,295,2205,13,24,3,3,3,3,7,4,12,16,0,1,0,2,1,3,29,1
29,24,296,1373,2,7,3,3,3,3,15,0,3,3,2,5,1,3,2,1,7,1
29,24,297,2089,5,15,3,3,2,2,20,2,8,10,10,2,1,4,0,2,13,1
29,24,298,1487,2,4,3,3,4,6,11,1,3,4,0,2,0,2,2,0,8,1
29,24,299,675,1,1,3,3,0,0,4,1,1,2,1,1,0,0,0,0,13,0
29,24,300,1507,4,10,3,3,3,3,-4,0,3,3,2,1,0,2,0,1,12,0
29,24,301,791,1,2,3,3,0,0,-9,0,0,0,1,2,1,0,0,0,2,0
29,24,302,1874,1,5,3,3,3,4,6,0,3,3,3,1,1,1,0,2,5,0
29,24,303,0,0,0,3,3,0,0,0,0,0,0,0,0,0,0,0,0,0,0
29,24,304,1393,4,7,3,3,1,2,0,1,1,2,1,1,0,0,0,0,13,0
29,24,305,0,0,0,3,3,0,0,0,0,0,0,0,0,0,0,0,0,0,0
29,27,331,1855,1,3,3,3,0,0,-21,0,3,3,1,1,2,1,3,0,2,1
29,27,332,1778,5,20,3,3,0,0,-6,2,4,6,1,4,3,2,5,1,10,1
29,27,333,0,0,0,3,3,0,0,0,0,0,0,0,0,0,0,0,0,0,0
29,27,334,1386,2,10,3,3,4,4,-21,1,2,3,0,1,0,1,0,2,8,1
29,27,335,1287,5,11,3,3,0,0,-20,1,1,2,7,1,0,1,0,0,11,1
29,27,336,791,0,1,3,3,0,0,-18,1,2,3,0,4,0,0,0,0,0,1
29,27,337,1822,8,18,3,3,4,4,7,2,4,6,2,4,2,2,0,1,21,0
29,27,338,1236,3,7,3,3,0,0,8,0,2,2,2,1,0,2,1,1,6,0
29,27,339,1888,5,12,3,3,4,5,7,2,6,8,1,3,1,2,1,1,15,0
29,27,340,1255,0,0,3,3,0,0,14,0,2,2,1,2,0,1,0,0,0,0
29,27,341,1102,2,5,3,3,3,5,-5,5,3,8,0,4,0,1,0,1,7,0
29,27,342,0,0,0,3,3,0,0,0,0,0,0,0,0,0,0,0,0,0,0
29,27,343,0,0,0,3,3,0,0,0,0,0,0,0,0,0,0,0,0,0,0
30,17,204,1989,8,17,3,3,3,4,-2,2,3,5,1,2,1,0,0,2,24,1
30,17,206,2022,10,14,3,3,2,3,11,3,6,9,0,3,0,3,1,0,22,1
30,17,207,2375,8,19,3,3,4,5,9,0,4,4,9,3,0,3,1,1,20,1
30,17,209,1526,2,5,3,3,0,0,7,1,6,7,2,3,2,0,0,0,5,1
30,17,210,0,0,0,3,3,0,0,0,0,0,0,0,0,0,0,0,0,0,0
30,17,211,941,0,1,3,3,0,0,2,0,2,2,1,2,0,1,1,0,0,0
30,17,212,1963,4,12,3,3,0,0,7,0,5,5,3,3,1,2,0,0,10,1
30,17,213,1031,3,4,3,3,0,0,1,0,3,3,2,0,0,0,2,0,6,0
30,17,214,1373,3,8,3,3,2,2,10,0,2,2,5,1,2,2,0,0,10,0
30,17,215,0,0,0,3,3,0,0,0,0,0,0,0,0,0,0,0,0,0,0
30,17,216,1180,2,4,3,3,1,2,-5,3,2,5,0,3,0,0,0,0,5,0
30,25,306,2416,7,17,3,3,9,10,-4,1,5,6,3,3,0,3,0,0,26,1
30,25,307,2061,9,16,3,3,3,3,-5,1,6,7,4,1,2,0,0,0,21,1
30,25,308,1911,5,13,3,3,2,3,-2,1,1,2,0,4,1,1,1,1,12,1
30,25,309,1693,2,5,3,3,1,2,-13,0,3,3,1,4,1,2,0,0,6,1
30,25,310,2106,2,5,3,3,3,4,-3,0,4,4,5,1,1,1,0,0,8,1
30,25,311,819,3,7,3,3,0,2,-3,1,4,5,1,1,0,0,0,0,6,0
30,25,312,1188,1,8,3,3,0,0,3,3,2,5,1,2,1,1,0,4,2,0
30,25,313,968,1,2,3,3,2,2,-4,1,2,3,0,3,0,2,1,0,4,0
30,25,314,464,0,1,3,3,0,0,-4,0,3,3,1,0,0,0,1,0,0,0
30,25,315,774,3,4,3,3,2,2,-5,0,1,1,3,0,0,0,0,0,9,0
30,25,316,0,0,0,3,3,0,0,0,0,0,0,0,0,0,0,0,0,0,0
30,25,317,0,0,0,3,3,0,0,0,0,0,0,0,0,0,0,0,0,0,0
30,25,318,0,0,0,3,3,0,0,0,0,0,0,0,0,0,0,0,0,0,0
30,17,344,0,0,0,3,3,0,0,0,0,0,0,0,0,0,0,0,0,0,0
30,17,390,0,0,0,3,3,0,0,0,0,0,0,0,0,0,0,0,0,0,0
