TeamId,TeamName,nb_rows_in_Actions,nb_rows_in_Game,random_value,SUM(Actions.TotalRebounds),SUM(Actions.OffensiveRebounds),SUM(Actions.Assists),SUM(Actions.PersonalFouls),SUM(Actions.Turnovers),SUM(Actions.3PointsMade),SUM(Actions.FieldGoalsMade),SUM(Actions.FreeThrowsMade),SUM(Actions.FreeThrowAttempts),SUM(Actions.BlocksAgainst),SUM(Actions.PlusMinus),SUM(Actions.Steals),SUM(Actions.Starter),SUM(Actions.Minutes),SUM(Actions.DefensiveRebounds),SUM(Actions.Points),SUM(Actions.BlockedShots),SUM(Actions.FieldGoalAttempts),STD(Actions.TotalRebounds),STD(Actions.OffensiveRebounds),STD(Actions.Assists),STD(Actions.PersonalFouls),STD(Actions.Turnovers),STD(Actions.FieldGoalsMade),STD(Actions.FreeThrowsMade),STD(Actions.FreeThrowAttempts),STD(Actions.BlocksAgainst),STD(Actions.PlusMinus),STD(Actions.Steals),STD(Actions.Starter),STD(Actions.Minutes),STD(Actions.DefensiveRebounds),STD(Actions.Points),STD(Actions.BlockedShots),STD(Actions.FieldGoalAttempts),MAX(Actions.TotalRebounds),MAX(Actions.OffensiveRebounds),MAX(Actions.Assists),MAX(Actions.PersonalFouls),MAX(Actions.Turnovers),MAX(Actions.FieldGoalsMade),MAX(Actions.FreeThrowsMade),MAX(Actions.FreeThrowAttempts),MAX(Actions.BlocksAgainst),MAX(Actions.PlusMinus),MAX(Actions.Steals),MAX(Actions.Minutes),MAX(Actions.DefensiveRebounds),MAX(Actions.Points),MAX(Actions.BlockedShots),MAX(Actions.FieldGoalAttempts),SKEW(Actions.TotalRebounds),SKEW(Actions.OffensiveRebounds),SKEW(Actions.Assists),SKEW(Actions.PersonalFouls),SKEW(Actions.Turnovers),SKEW(Actions.FieldGoalsMade),SKEW(Actions.FreeThrowsMade),SKEW(Actions.FreeThrowAttempts),SKEW(Actions.BlocksAgainst),SKEW(Actions.PlusMinus),SKEW(Actions.Steals),SKEW(Actions.Starter),SKEW(Actions.Minutes),SKEW(Actions.DefensiveRebounds),SKEW(Actions.Points),SKEW(Actions.BlockedShots),SKEW(Actions.FieldGoalAttempts),MIN(Actions.PlusMinus),MIN(Actions.Minutes),MEAN(Actions.TotalRebounds),MEAN(Actions.OffensiveRebounds),MEAN(Actions.Assists),MEAN(Actions.PersonalFouls),MEAN(Actions.Turnovers),MEAN(Actions.FieldGoalsMade),MEAN(Actions.FreeThrowsMade),MEAN(Actions.FreeThrowAttempts),MEAN(Actions.BlocksAgainst),MEAN(Actions.PlusMinus),MEAN(Actions.Steals),MEAN(Actions.Starter),MEAN(Actions.Minutes),MEAN(Actions.DefensiveRebounds),MEAN(Actions.Points),MEAN(Actions.BlockedShots),MEAN(Actions.FieldGoalAttempts),NUM_UNIQUE(Actions.GameId),NUM_UNIQUE(Actions.PlayerId),MODE(Actions.GameId),MODE(Actions.PlayerId),SUM(Game[Team1Id].ResultOfTeam1),STD(Game[Team1Id].ResultOfTeam1),MAX(Game[Team1Id].ResultOfTeam1),SKEW(Game[Team1Id].ResultOfTeam1),MIN(Game[Team1Id].ResultOfTeam1),MEAN(Game[Team1Id].ResultOfTeam1),NUM_UNIQUE(Game[Team1Id].Team2Id),MODE(Game[Team1Id].Team2Id),SUM(Game[Team1Id].Actions.TotalRebounds),SUM(Game[Team1Id].Actions.OffensiveRebounds),SUM(Game[Team1Id].Actions.Assists),SUM(Game[Team1Id].Actions.PersonalFouls),SUM(Game[Team1Id].Actions.Turnovers),SUM(Game[Team1Id].Actions.3PointsMade),SUM(Game[Team1Id].Actions.FieldGoalsMade),SUM(Game[Team1Id].Actions.FreeThrowsMade),SUM(Game[Team1Id].Actions.FreeThrowAttempts),SUM(Game[Team1Id].Actions.BlocksAgainst),SUM(Game[Team1Id].Actions.Steals),SUM(Game[Team1Id].Actions.Starter),SUM(Game[Team1Id].Actions.Minutes),SUM(Game[Team1Id].Actions.DefensiveRebounds),SUM(Game[Team1Id].Actions.Points),SUM(Game[Team1Id].Actions.BlockedShots),SUM(Game[Team1Id].Actions.FieldGoalAttempts),STD(Game[Team1Id].Actions.TotalRebounds),STD(Game[Team1Id].Actions.OffensiveRebounds),STD(Game[Team1Id].Actions.Assists),STD(Game[Team1Id].Actions.PersonalFouls),STD(Game[Team1Id].Actions.Turnovers),STD(Game[Team1Id].Actions.3PointsMade),STD(Game[Team1Id].Actions.FieldGoalsMade),STD(Game[Team1Id].Actions.FreeThrowsMade),STD(Game[Team1Id].Actions.FreeThrowAttempts),STD(Game[Team1Id].Actions.BlocksAgainst),STD(Game[Team1Id].Actions.PlusMinus),STD(Game[Team1Id].Actions.Steals),STD(Game[Team1Id].Actions.Starter),STD(Game[Team1Id].Actions.Minutes),STD(Game[Team1Id].Actions.DefensiveRebounds),STD(Game[Team1Id].Actions.Points),STD(Game[Team1Id].Actions.BlockedShots),STD(Game[Team1Id].Actions.FieldGoalAttempts),MAX(Game[Team1Id].Actions.TotalRebounds),MAX(Game[Team1Id].Actions.OffensiveRebounds),MAX(Game[Team1Id].Actions.Assists),MAX(Game[Team1Id].Actions.PersonalFouls),MAX(Game[Team1Id].Actions.Turnovers),MAX(Game[Team1Id].Actions.3PointsMade),MAX(Game[Team1Id].Actions.FieldGoalsMade),MAX(Game[Team1Id].Actions.FreeThrowsMade),MAX(Game[Team1Id].Actions.FreeThrowAttempts),MAX(Game[Team1Id].Actions.BlocksAgainst),MAX(Game[Team1Id].Actions.PlusMinus),MAX(Game[Team1Id].Actions.Steals),MAX(Game[Team1Id].Actions.Starter),MAX(Game[Team1Id].Actions.Minutes),MAX(Game[Team1Id].Actions.DefensiveRebounds),MAX(Game[Team1Id].Actions.Points),MAX(Game[Team1Id].Actions.BlockedShots),MAX(Game[Team1Id].Actions.FieldGoalAttempts),SKEW(Game[Team1Id].Actions.TotalRebounds),SKEW(Game[Team1Id].Actions.OffensiveRebounds),SKEW(Game[Team1Id].Actions.Assists),SKEW(Game[Team1Id].Actions.PersonalFouls),SKEW(Game[Team1Id].Actions.Turnovers),SKEW(Game[Team1Id].Actions.FieldGoalsMade),SKEW(Game[Team1Id].Actions.FreeThrowsMade),SKEW(Game[Team1Id].Actions.FreeThrowAttempts),SKEW(Game[Team1Id].Actions.BlocksAgainst),SKEW(Game[Team1Id].Actions.PlusMinus),SKEW(Game[Team1Id].Actions.Steals),SKEW(Game[Team1Id].Actions.Starter),SKEW(Game[Team1Id].Actions.Minutes),SKEW(Game[Team1Id].Actions.DefensiveRebounds),SKEW(Game[Team1Id].Actions.Points),SKEW(Game[Team1Id].Actions.BlockedShots),SKEW(Game[Team1Id].Actions.FieldGoalAttempts),MIN(Game[Team1Id].Actions.PlusMinus),MEAN(Game[Team1Id].Actions.TotalRebounds),MEAN(Game[Team1Id].Actions.OffensiveRebounds),MEAN(Game[Team1Id].Actions.Assists),MEAN(Game[Team1Id].Actions.PersonalFouls),MEAN(Game[Team1Id].Actions.Turnovers),MEAN(Game[Team1Id].Actions.FieldGoalsMade),MEAN(Game[Team1Id].Actions.FreeThrowsMade),MEAN(Game[Team1Id].Actions.FreeThrowAttempts),MEAN(Game[Team1Id].Actions.BlocksAgainst),MEAN(Game[Team1Id].Actions.Steals),MEAN(Game[Team1Id].Actions.Starter),MEAN(Game[Team1Id].Actions.Minutes),MEAN(Game[Team1Id].Actions.DefensiveRebounds),MEAN(Game[Team1Id].Actions.Points),MEAN(Game[Team1Id].Actions.BlockedShots),MEAN(Game[Team1Id].Actions.FieldGoalAttempts),NUM_UNIQUE(Game[Team1Id].Actions.TeamId),NUM_UNIQUE(Game[Team1Id].Actions.PlayerId),MODE(Game[Team1Id].Actions.TeamId),MODE(Game[Team1Id].Actions.PlayerId),SUM(Game[Team2Id].ResultOfTeam1),STD(Game[Team2Id].ResultOfTeam1),MAX(Game[Team2Id].ResultOfTeam1),MIN(Game[Team2Id].ResultOfTeam1),MEAN(Game[Team2Id].ResultOfTeam1),COUNT(Game[Team2Id]),NUM_UNIQUE(Game[Team2Id].Team1Id),MODE(Game[Team2Id].Team1Id),SUM(Game[Team2Id].Actions.TotalRebounds),SUM(Game[Team2Id].Actions.OffensiveRebounds),SUM(Game[Team2Id].Actions.Assists),SUM(Game[Team2Id].Actions.PersonalFouls),SUM(Game[Team2Id].Actions.Turnovers),SUM(Game[Team2Id].Actions.3PointsMade),SUM(Game[Team2Id].Actions.FieldGoalsMade),SUM(Game[Team2Id].Actions.FreeThrowsMade),SUM(Game[Team2Id].Actions.FreeThrowAttempts),SUM(Game[Team2Id].Actions.BlocksAgainst),SUM(Game[Team2Id].Actions.Steals),SUM(Game[Team2Id].Actions.Starter),SUM(Game[Team2Id].Actions.Minutes),SUM(Game[Team2Id].Actions.DefensiveRebounds),SUM(Game[Team2Id].Actions.Points),SUM(Game[Team2Id].Actions.BlockedShots),SUM(Game[Team2Id].Actions.FieldGoalAttempts),STD(Game[Team2Id].Actions.TotalRebounds),STD(Game[Team2Id].Actions.OffensiveRebounds),STD(Game[Team2Id].Actions.Assists),STD(Game[Team2Id].Actions.PersonalFouls),STD(Game[Team2Id].Actions.Turnovers),STD(Game[Team2Id].Actions.FieldGoalsMade),STD(Game[Team2Id].Actions.FreeThrowsMade),STD(Game[Team2Id].Actions.FreeThrowAttempts),STD(Game[Team2Id].Actions.BlocksAgainst),STD(Game[Team2Id].Actions.PlusMinus),STD(Game[Team2Id].Actions.Steals),STD(Game[Team2Id].Actions.Starter),STD(Game[Team2Id].Actions.Minutes),STD(Game[Team2Id].Actions.DefensiveRebounds),STD(Game[Team2Id].Actions.Points),STD(Game[Team2Id].Actions.BlockedShots),STD(Game[Team2Id].Actions.FieldGoalAttempts),MAX(Game[Team2Id].Actions.TotalRebounds),MAX(Game[Team2Id].Actions.OffensiveRebounds),MAX(Game[Team2Id].Actions.Assists),MAX(Game[Team2Id].Actions.PersonalFouls),MAX(Game[Team2Id].Actions.Turnovers),MAX(Game[Team2Id].Actions.3PointsMade),MAX(Game[Team2Id].Actions.FieldGoalsMade),MAX(Game[Team2Id].Actions.FreeThrowsMade),MAX(Game[Team2Id].Actions.FreeThrowAttempts),MAX(Game[Team2Id].Actions.BlocksAgainst),MAX(Game[Team2Id].Actions.PlusMinus),MAX(Game[Team2Id].Actions.Steals),MAX(Game[Team2Id].Actions.Starter),MAX(Game[Team2Id].Actions.Minutes),MAX(Game[Team2Id].Actions.DefensiveRebounds),MAX(Game[Team2Id].Actions.Points),MAX(Game[Team2Id].Actions.BlockedShots),MAX(Game[Team2Id].Actions.FieldGoalAttempts),SKEW(Game[Team2Id].Actions.TotalRebounds),SKEW(Game[Team2Id].Actions.OffensiveRebounds),SKEW(Game[Team2Id].Actions.Assists),SKEW(Game[Team2Id].Actions.PersonalFouls),SKEW(Game[Team2Id].Actions.Turnovers),SKEW(Game[Team2Id].Actions.FieldGoalsMade),SKEW(Game[Team2Id].Actions.FreeThrowsMade),SKEW(Game[Team2Id].Actions.FreeThrowAttempts),SKEW(Game[Team2Id].Actions.BlocksAgainst),SKEW(Game[Team2Id].Actions.PlusMinus),SKEW(Game[Team2Id].Actions.Steals),SKEW(Game[Team2Id].Actions.Starter),SKEW(Game[Team2Id].Actions.Minutes),SKEW(Game[Team2Id].Actions.DefensiveRebounds),SKEW(Game[Team2Id].Actions.Points),SKEW(Game[Team2Id].Actions.BlockedShots),SKEW(Game[Team2Id].Actions.FieldGoalAttempts),MIN(Game[Team2Id].Actions.PlusMinus),MEAN(Game[Team2Id].Actions.TotalRebounds),MEAN(Game[Team2Id].Actions.OffensiveRebounds),MEAN(Game[Team2Id].Actions.Assists),MEAN(Game[Team2Id].Actions.PersonalFouls),MEAN(Game[Team2Id].Actions.Turnovers),MEAN(Game[Team2Id].Actions.FieldGoalsMade),MEAN(Game[Team2Id].Actions.FreeThrowsMade),MEAN(Game[Team2Id].Actions.FreeThrowAttempts),MEAN(Game[Team2Id].Actions.BlocksAgainst),MEAN(Game[Team2Id].Actions.Steals),MEAN(Game[Team2Id].Actions.Starter),MEAN(Game[Team2Id].Actions.Minutes),MEAN(Game[Team2Id].Actions.DefensiveRebounds),MEAN(Game[Team2Id].Actions.Points),MEAN(Game[Team2Id].Actions.BlockedShots),MEAN(Game[Team2Id].Actions.FieldGoalAttempts),NUM_UNIQUE(Game[Team2Id].Actions.TeamId),NUM_UNIQUE(Game[Team2Id].Actions.PlayerId),MODE(Game[Team2Id].Actions.TeamId),MODE(Game[Team2Id].Actions.PlayerId),add_numerical
1,Portland Trail Blazers,13,1.0,0.03235237875490771,,,,,,,,,,,,,,,,,,,,,,,,,,,,,,,,,,,,,,,,,,,,,,,,,,,,,,,,,,,,,,,,,,,,,,,,,,,,,,,,,,,,,,,,,,,,,,,,,,,,,,,,,,,,,,,,,,,,,,,,,,,,,,,,,,,,,,,,,,,,,,,,,,,,,,,,,,,,,,,,,,,,,,,,,,,,,,,,,,,,,,,,,,,,,,,,,,,,,,,,,,,,,,,,,,,,,,,,,,,,,,,,,,,,,,,,,,,,,,,,,,,,,,,,,,,,,,,,,,,,,,,,,,,,,,,,,,,,,,,,,,,,,,,,,1
2,Los Angeles Lakers,26,1.0,0.39704304795024814,50.0,11.0,32.0,18.0,10.0,39.0,46.0,19.0,21.0,10.0,60.0,10.0,5.0,14400.0,39.0,124.0,5.0,99.0,4.48787540391059,1.214231845389905,3.1255768698323143,1.2608503439122305,0.8320502943378436,3.9075863098888513,2.989297147474208,3.1500915737605033,1.0919284281983377,14.551852468205217,1.1657505560686465,0.5063696835418333,872.1212057024513,3.8514066694304474,11.428147885924654,0.7679476477883045,7.5887906539674415,15.0,3.0,8.0,4.0,2.0,12.0,9.0,9.0,3.0,27.0,3.0,2134.0,14.0,34.0,2.0,22.0,1.511856592297929,1.0019509825351087,0.826991218530926,0.6018142102452134,0.4977360346600118,1.1042267831775454,2.1024531420146566,1.9695837815692734,1.4422008054588202,0.38466952710943214,1.2712751460334997,0.5385932088581316,-0.02501738326438904,2.223826990841902,1.348016282632417,1.760248449252519,0.7195635119214461,-13.0,37.0,3.8461538461538463,0.8461538461538461,2.4615384615384617,1.3846153846153846,0.7692307692307693,3.5384615384615383,1.4615384615384615,1.6153846153846154,0.7692307692307693,4.615384615384615,0.7692307692307693,0.38461538461538464,1107.6923076923076,3.0,9.538461538461538,0.38461538461538464,7.615384615384615,1.0,13.0,10.0,1.0,1.0,,1.0,,1.0,1.0,1.0,2.0,95.0,20.0,63.0,34.0,21.0,78.0,87.0,38.0,43.0,15.0,17.0,10.0,28800.0,75.0,236.0,15.0,191.0,3.7088252338691587,1.1766968108291043,3.0485810066071974,1.3196736193235288,0.8494342008292705,0.0,3.94909921569269,2.4532552941880184,2.622095462675724,0.9021342216356467,13.725887949418793,0.9774377808252631,0.49613893835683387,780.0503455152505,3.0896850723259552,10.939554202701597,0.9454343731037886,7.304477025453953,15.0,4.0,10.0,4.0,3.0,3.0,15.0,9.0,9.0,3.0,27.0,3.0,1.0,2134.0,14.0,40.0,3.0,26.0,1.2904016127799889,1.4437779326450684,1.1503285351300343,0.623213308579856,0.8195597095439283,1.565546828707436,1.952040954347963,1.7224143112984776,1.6993937805226227,0.31138178624079293,1.3402222858977095,0.5038911092686594,-0.2447145278233482,1.9329477597351676,1.633320168935417,1.2989321230420858,1.0623638981984231,-20.0,3.6538461538461537,0.7692307692307693,2.423076923076923,1.3076923076923077,0.8076923076923077,3.3461538461538463,1.4615384615384615,1.6538461538461537,0.5769230769230769,0.6538461538461539,0.38461538461538464,1107.6923076923076,2.8846153846153846,9.076923076923077,0.5769230769230769,7.346153846153846,2.0,26.0,1.0,1.0,0.0,,,,,0.0,,,0.0,0.0,0.0,0.0,0.0,0.0,0.0,0.0,0.0,0.0,0.0,0.0,0.0,0.0,0.0,0.0,0.0,,,,,,,,,,,,,,,,,,,,,,,,,,,,,,,,,,,,,,,,,,,,,,,,,,,,,,,,,,,,,,,,,,,,,,,,,,2
3,Golden State Warriors,24,2.0,0.028364124398368773,97.0,23.0,57.0,37.0,21.0,78.0,78.0,35.0,42.0,9.0,-85.0,14.0,10.0,28800.0,74.0,214.0,16.0,188.0,4.005573040729052,1.4234303095528935,2.993582880352315,1.6534346536365305,0.9805806756909201,3.4292856398964493,2.058005008590751,2.467013142679594,0.5615911461059686,9.145743019821593,0.7605665904189709,0.4961389383568338,785.0067907594567,3.0684498717405533,9.153393653974213,1.1340872303988994,6.947273953473792,15.0,6.0,10.0,6.0,3.0,15.0,8.0,10.0,2.0,11.0,2.0,2170.0,10.0,40.0,4.0,26.0,1.180958414768024,2.382568272529661,1.6598021713105513,1.0955860992302997,1.243344918194465,1.8632031429454974,1.9386878362770807,1.9713091992074765,1.4028085797138383,-0.6255649853740212,1.0420562794544668,0.5038911092686594,-0.46276088271144766,0.7690540892656156,1.7992740670025789,1.7403283959313254,0.976797975278002,-20.0,0.0,3.730769230769231,0.8846153846153846,2.1923076923076925,1.4230769230769231,0.8076923076923077,3.0,1.3461538461538463,1.6153846153846154,0.34615384615384615,-3.269230769230769,0.5384615384615384,0.38461538461538464,1107.6923076923076,2.8461538461538463,8.23076923076923,0.6153846153846154,7.230769230769231,2.0,13.0,10.0,14.0,-1.0,,-1.0,,-1.0,-1.0,1.0,11.0,99.0,22.0,42.0,39.0,18.0,81.0,79.0,34.0,47.0,10.0,15.0,10.0,28800.0,77.0,209.0,10.0,182.0,4.411523371981436,1.3311948663061213,2.4231786710424124,1.6486202467362574,0.9999999999999999,0.0,3.668220339052775,2.030395804395567,2.535783790112917,0.6292943635623919,5.43492976389406,0.8473185457363234,0.49210287762341137,977.8280484357625,3.5809721896939974,9.247006137508642,1.005681863909264,7.608662030326874,15.0,6.0,10.0,6.0,3.0,3.0,12.0,8.0,10.0,2.0,11.0,3.0,1.0,2763.0,11.0,31.0,4.0,24.0,1.1669760892999261,2.584386125943206,2.0375272510529623,0.9956868097501108,1.4953846153846162,1.2907448186661754,2.0602844054641194,1.7972681278246625,1.5314629575554655,-0.25615556418939167,1.4516382371061227,0.5689867154450456,0.2130547599857576,0.9826184021819928,1.0916000742051002,2.8345984228759176,0.8883503372043693,-14.0,3.6666666666666665,0.8148148148148148,1.5555555555555556,1.4444444444444444,0.6666666666666666,2.925925925925926,1.2592592592592593,1.7407407407407407,0.37037037037037035,0.5555555555555556,0.37037037037037035,1066.6666666666667,2.8518518518518516,7.7407407407407405,0.37037037037037035,6.7407407407407405,2.0,27.0,11.0,14.0,1.0,,1.0,1.0,1.0,1.0,1.0,1.0,95.0,20.0,63.0,34.0,21.0,78.0,87.0,38.0,43.0,15.0,17.0,10.0,28800.0,75.0,236.0,15.0,191.0,3.7088252338691587,1.1766968108291043,3.0485810066071974,1.3196736193235288,0.8494342008292705,3.94909921569269,2.4532552941880184,2.622095462675724,0.9021342216356467,13.725887949418793,0.9774377808252631,0.49613893835683387,780.0503455152505,3.0896850723259552,10.939554202701597,0.9454343731037886,7.304477025453953,15.0,4.0,10.0,4.0,3.0,3.0,15.0,9.0,9.0,3.0,27.0,3.0,1.0,2134.0,14.0,40.0,3.0,26.0,1.2904016127799889,1.4437779326450684,1.1503285351300343,0.623213308579856,0.8195597095439283,1.565546828707436,1.952040954347963,1.7224143112984776,1.6993937805226227,0.31138178624079293,1.3402222858977095,0.5038911092686594,-0.2447145278233482,1.9329477597351676,1.633320168935417,1.2989321230420858,1.0623638981984231,-20.0,3.6538461538461537,0.7692307692307693,2.423076923076923,1.3076923076923077,0.8076923076923077,3.3461538461538463,1.4615384615384615,1.6538461538461537,0.5769230769230769,0.6538461538461539,0.38461538461538464,1107.6923076923076,2.8846153846153846,9.076923076923077,0.5769230769230769,7.346153846153846,2.0,26.0,1.0,1.0,3
4,Dallas Mavericks,26,1.0,0.5710513216803501,72.0,13.0,51.0,37.0,24.0,72.0,88.0,13.0,16.0,9.0,-95.0,11.0,10.0,30300.0,59.0,225.0,5.0,176.0,3.4262414443209646,1.2150922908825974,2.75542942285732,1.3506573815438319,1.2158375177486576,3.7840243894179832,1.0206207261596574,1.203858530857692,0.7109393663377318,9.66157412085389,0.5882299658752717,0.5036101551853348,977.2342516555053,2.6699481621195935,9.412353122590961,0.5089773777040515,7.154607312571491,9.0,4.0,10.0,4.0,4.0,11.0,4.0,4.0,2.0,12.0,2.0,2830.0,8.0,27.0,2.0,24.0,0.7146270594978764,2.2737824691092254,1.3817971501631567,0.1348151024522658,1.266704579673971,0.5709453442956876,2.1527626216890323,2.0177544510651906,1.6705830914605295,-0.6054023825470127,0.8730683556696732,0.36102961774325276,-0.0501325744215292,0.6410645445272015,0.4475047657163348,2.5392775681297146,0.5951992008911177,-25.0,0.0,3.0,0.5416666666666666,2.125,1.5416666666666667,1.0,3.6666666666666665,0.5416666666666666,0.6666666666666666,0.375,-3.9583333333333335,0.4583333333333333,0.4166666666666667,1262.5,2.4583333333333335,9.375,0.20833333333333334,7.333333333333333,2.0,13.0,11.0,27.0,0.0,1.4142135623730951,1.0,,-1.0,0.0,2.0,4.0,160.0,36.0,107.0,61.0,45.0,150.0,179.0,44.0,54.0,14.0,24.0,20.0,60599.0,124.0,456.0,12.0,355.0,3.200765214629726,1.2295677023628577,2.5072140812023997,1.233710183279092,1.1293848786315641,0.0,3.5230436748206624,1.2719902451172609,1.4685825458167312,0.5728553615932406,10.08939633314833,0.814160391358572,0.4948716593053935,883.3881780175826,2.5009385993164686,8.761325032581007,0.4763809143009449,6.528587058437058,11.0,4.0,10.0,4.0,4.0,3.0,13.0,4.0,4.0,2.0,21.0,4.0,1.0,2830.0,10.0,33.0,2.0,24.0,0.798956107322759,1.7305551936091745,1.194384754213695,0.44429902336970395,1.3547197496161334,0.8512703940917964,1.3493200153554956,1.0645632039207975,1.9671032990033002,-0.23906672051521694,2.1940763370719543,0.420984571284102,-0.0171740830119502,0.9419851562813035,0.7767141460597246,1.8292145036426652,0.7945571318504469,-25.0,3.2,0.72,2.14,1.22,0.9,3.58,0.88,1.08,0.28,0.48,0.4,1211.98,2.48,9.12,0.24,7.1,3.0,39.0,3.0,27.0,0.0,,,,,0.0,,,0.0,0.0,0.0,0.0,0.0,0.0,0.0,0.0,0.0,0.0,0.0,0.0,0.0,0.0,0.0,0.0,0.0,,,,,,,,,,,,,,,,,,,,,,,,,,,,,,,,,,,,,,,,,,,,,,,,,,,,,,,,,,,,,,,,,,,,,,,,,,4
5,Houston Rockets,26,2.0,0.7691494304943693,89.0,23.0,51.0,33.0,19.0,78.0,88.0,29.0,36.0,7.0,20.0,11.0,10.0,30300.0,66.0,233.0,14.0,178.0,3.4313038562398046,1.3061982415214952,2.5374123705975618,1.5114944209673367,1.0023050357128733,3.6340272214382003,1.583083651028538,1.7905736081361876,0.45234432086120485,8.663983805652881,0.7575263387144726,0.49613893835683387,877.5456718335782,2.9152120915057855,9.158518523127062,0.7605665904189707,6.631393866705899,11.0,4.0,9.0,4.0,3.0,13.0,6.0,6.0,1.0,17.0,2.0,2561.0,11.0,33.0,3.0,23.0,1.1470969403698386,1.3962008220796938,1.4471134368967096,0.7072626628283605,1.1099988402906873,1.272756836912692,1.5648488804332175,1.0419247696741132,1.105352663758583,0.18853030530659745,1.4775762793424807,0.5038911092686594,-0.09681176166602452,1.7153894660126126,1.153161573145689,1.6330210822323352,1.0207818575072736,-15.0,0.0,3.423076923076923,0.8846153846153846,1.9615384615384615,1.2692307692307692,0.7307692307692307,3.3846153846153846,1.1153846153846154,1.3846153846153846,0.2692307692307692,0.7692307692307693,0.4230769230769231,0.38461538461538464,1165.3846153846155,2.5384615384615383,8.961538461538462,0.5384615384615384,6.846153846153846,2.0,13.0,11.0,39.0,1.0,,1.0,,1.0,1.0,1.0,13.0,87.0,20.0,50.0,41.0,17.0,78.0,80.0,40.0,49.0,13.0,11.0,10.0,28800.0,67.0,220.0,13.0,173.0,4.049121462167394,1.4228898005873065,3.199038317033129,1.6534346536365307,0.891843380524078,0.0,3.3695468766358116,2.158346945804019,2.5349859656719693,1.0295630140987,7.730459236035075,0.8086075400626399,0.4961389383568338,941.0190548221972,3.0354317903464993,8.79195436398879,0.8124038404635959,6.474209188417117,15.0,5.0,11.0,5.0,3.0,3.0,10.0,7.0,8.0,5.0,17.0,3.0,1.0,2379.0,11.0,26.0,3.0,23.0,1.4231490886740155,1.885691146271952,1.9894734144999737,0.5149492911262641,1.1440455802415859,0.811549132760147,1.3524649097497685,1.1615282232982314,3.5735989275408784,0.3230497112238206,1.9903496875396525,0.5038911092686593,0.03775379110702095,1.4429952125502183,0.6911689173528316,1.6971705574423153,0.7876049345988954,-15.0,3.3461538461538463,0.7692307692307693,1.9230769230769231,1.5769230769230769,0.6538461538461539,3.076923076923077,1.5384615384615385,1.8846153846153846,0.5,0.4230769230769231,0.38461538461538464,1107.6923076923076,2.576923076923077,8.461538461538462,0.5,6.653846153846154,2.0,26.0,4.0,39.0,1.0,,1.0,1.0,1.0,1.0,1.0,3.0,89.0,24.0,55.0,29.0,21.0,75.0,99.0,15.0,22.0,10.0,12.0,10.0,31800.0,65.0,246.0,8.0,187.0,3.5364765892999586,1.3686976778431872,2.4664414311581235,1.2476644848141933,1.106044001535804,4.1581245772583575,1.0801234497346435,1.4236104336041748,0.6454972243679028,7.466592261534039,0.7702813338860894,0.5,1001.4101307656117,2.8136571693556887,10.458967444255672,0.47609522856952335,7.439310003846683,11.0,4.0,7.0,3.0,4.0,3.0,13.0,4.0,4.0,2.0,15.0,2.0,1.0,2830.0,10.0,33.0,1.0,24.0,0.6915308454682644,1.3494397768530302,0.6375032801577041,0.5121943050233355,1.3454200969213037,0.7904635409942576,1.9839002137983242,1.4528499407382005,1.4144808742670565,-0.018278598991136576,1.261442812803142,0.434782608695652,0.0766666577792026,0.9832720272916377,0.8147565831017264,0.8219035275816574,0.9403649060733984,-15.0,3.56,0.96,2.2,1.16,0.84,3.96,0.6,0.88,0.4,0.48,0.4,1272.0,2.6,9.84,0.32,7.48,2.0,25.0,4.0,27.0,5
6,Brooklyn Nets,26,1.0,0.9005015300977147,113.0,25.0,32.0,45.0,29.0,78.0,68.0,44.0,58.0,9.0,-65.0,13.0,10.0,28800.0,88.0,185.0,6.0,171.0,6.474209188417117,1.6608616855299958,1.7957214106356767,1.56352658583581,1.3061982415214952,2.714065925167229,3.5974349836429935,3.942666024990626,0.5615911461059686,7.3824115301167,0.7071067811865475,0.49613893835683376,899.2743638837159,5.044418087961567,7.4743664511551655,0.5870395085642742,5.981124154692508,23.0,6.0,7.0,5.0,4.0,8.0,16.0,16.0,2.0,15.0,2.0,2477.0,17.0,26.0,2.0,18.0,2.142280546544441,2.392605587730806,1.6902985761232125,0.48602428711943096,0.7037956677924584,0.5981555454884061,3.197581297490349,2.4737241323573698,1.4028085797138388,0.17124759007660656,1.1030865786510142,0.5038911092686594,0.03002820537172394,1.9061978687714165,0.7969517894539546,2.509565820054145,0.46865783131796696,-17.0,0.0,4.346153846153846,0.9615384615384616,1.2307692307692308,1.7307692307692308,1.1153846153846154,2.6153846153846154,1.6923076923076923,2.230769230769231,0.34615384615384615,-2.5,0.5,0.38461538461538464,1107.6923076923076,3.3846153846153846,7.115384615384615,0.23076923076923078,6.576923076923077,2.0,13.0,12.0,52.0,-2.0,0.0,-1.0,,-1.0,-1.0,2.0,6.0,191.0,34.0,75.0,96.0,55.0,156.0,146.0,84.0,114.0,13.0,29.0,20.0,57600.0,157.0,397.0,14.0,329.0,4.953593086291512,1.3118556739217175,1.9036956992213294,1.6613792449272724,1.2112780730021273,0.0,3.0295179292853245,2.9714579913349737,3.4072498342330055,0.47999182999582923,6.9648979835722375,0.6977122711211273,0.49125075078907465,861.3888816497833,3.972900282109244,8.085399201111056,0.5978846572278103,5.989275231435636,23.0,6.0,8.0,5.0,4.0,3.0,13.0,16.0,16.0,2.0,17.0,2.0,1.0,2477.0,17.0,32.0,2.0,21.0,2.576907630976599,2.9563329912619545,1.653011958039071,0.36090890096757955,0.9872518726531891,1.132677747164997,3.053416458305993,2.2136963741520095,1.7287528290841185,0.020641677594867895,0.8671473756098338,0.4885488716597348,-0.04579739177924794,2.0885661428860094,1.0796980935839093,2.123943811519589,0.6882300058877505,-17.0,3.673076923076923,0.6538461538461539,1.4423076923076923,1.8461538461538463,1.0576923076923077,2.8076923076923075,1.6153846153846154,2.1923076923076925,0.25,0.5576923076923077,0.38461538461538464,1107.6923076923076,3.019230769230769,7.634615384615385,0.2692307692307692,6.326923076923077,3.0,39.0,5.0,52.0,0.0,,,,,0.0,,,0.0,0.0,0.0,0.0,0.0,0.0,0.0,0.0,0.0,0.0,0.0,0.0,0.0,0.0,0.0,0.0,0.0,,,,,,,,,,,,,,,,,,,,,,,,,,,,,,,,,,,,,,,,,,,,,,,,,,,,,,,,,,,,,,,,,,,,,,,,,,6
7,New York Knicks,24,1.0,0.44686399757850415,65.0,13.0,34.0,42.0,29.0,78.0,70.0,32.0,45.0,8.0,-95.0,18.0,10.0,28800.0,52.0,186.0,5.0,148.0,2.2135943621178655,0.812403840463596,1.4904826270501985,1.5511782122483049,0.9930527912220207,2.963366069445093,1.7957214106356767,2.272579016143418,0.5491251783869154,11.07769762249289,0.7358929688062399,0.49613893835683387,666.1941920629911,1.979898987322333,7.286657986716862,0.5670436151994497,5.416783036225326,7.0,3.0,6.0,5.0,4.0,13.0,6.0,8.0,2.0,17.0,2.0,2129.0,6.0,32.0,2.0,21.0,0.4554417388114226,1.6971705574423153,1.465438433615655,0.7069125300494329,1.0808316963658273,1.8240729659637598,1.3759912489377746,1.202836879785875,1.6445452877294515,-0.8638576933506487,0.5713528505872315,0.5038911092686594,-0.6089712785903709,0.8374989208659911,1.6690145246191581,2.8942188596579146,1.0807298795934224,-32.0,0.0,2.5,0.5,1.3076923076923077,1.6153846153846154,1.1153846153846154,2.6923076923076925,1.2307692307692308,1.7307692307692308,0.3076923076923077,-3.6538461538461537,0.6923076923076923,0.38461538461538464,1107.6923076923076,2.0,7.153846153846154,0.19230769230769232,5.6923076923076925,2.0,13.0,12.0,65.0,-1.0,,-1.0,,-1.0,-1.0,1.0,7.0,64.0,16.0,32.0,41.0,31.0,75.0,68.0,36.0,48.0,5.0,20.0,10.0,28800.0,48.0,191.0,5.0,135.0,2.5508168626278653,0.6377042156569663,1.4866068747318506,1.4966629547095764,0.9255628917943215,0.0,2.47521042876493,2.1617893822787946,2.580697580112788,0.5,15.806116959371563,1.1547005383792515,0.49999999999999994,598.5529077143751,2.3965252624024918,6.756971708292603,0.5773502691896257,4.769696007084728,10.0,2.0,6.0,5.0,3.0,3.0,9.0,7.0,8.0,2.0,33.0,5.0,1.0,2241.0,9.0,24.0,2.0,16.0,1.4387607357803789,0.47278469419668034,1.4598177435713797,0.7595832171394945,0.16285864248125545,1.1738863537158477,1.3664794708860521,1.2500023547214794,2.608695652173912,0.14354593938438567,2.188596808476977,0.43478260869565194,-0.2717711643965571,1.879155841959943,1.0719188435443616,2.823995881905777,0.9421040505847718,-32.0,2.56,0.64,1.28,1.64,1.24,2.72,1.44,1.92,0.2,0.8,0.4,1152.0,1.92,7.64,0.2,5.4,2.0,25.0,6.0,65.0,-1.0,,-1.0,-1.0,-1.0,1.0,1.0,5.0,108.0,21.0,36.0,41.0,27.0,78.0,76.0,33.0,45.0,9.0,14.0,10.0,28800.0,87.0,187.0,10.0,167.0,6.070863580692999,1.69750948790823,1.6511068548564158,1.553655738523227,1.1825656592602114,3.2115177336963523,3.2318130182012985,3.4357845369893885,0.5615911461059686,7.435052118176443,0.6468860320501119,0.49613893835683387,856.5617207991854,4.621188658276635,7.848664756602773,0.7524319545007682,5.900325936238282,23.0,6.0,6.0,5.0,4.0,3.0,13.0,16.0,16.0,2.0,17.0,2.0,1.0,2477.0,17.0,32.0,2.0,21.0,2.4806989602507863,2.5048473460085834,1.115607055087979,0.7113303780868775,0.863759350033486,1.2840678534355159,4.128044028492847,3.196590677261135,1.4028085797138388,-0.11702887355867528,0.8070336932069818,0.5038911092686594,-0.18632482475568451,2.1469687071043158,1.3006844430908104,1.6468338796227238,0.6055229407761217,-17.0,4.153846153846154,0.8076923076923077,1.3846153846153846,1.5769230769230769,1.0384615384615385,2.923076923076923,1.2692307692307692,1.7307692307692308,0.34615384615384615,0.5384615384615384,0.38461538461538464,1107.6923076923076,3.3461538461538463,7.1923076923076925,0.38461538461538464,6.423076923076923,2.0,26.0,5.0,52.0,7
8,Utah Jazz,13,0.0,0.396693310237729,79.0,12.0,39.0,43.0,24.0,72.0,75.0,32.0,44.0,0.0,185.0,19.0,10.0,28800.0,67.0,202.0,11.0,140.0,3.0713142161772953,0.659380473395787,1.8606333657491823,1.5874279625330667,1.2158375177486576,3.1939140496453153,2.315668119696713,2.8386565509925203,0.0,10.634149939112962,1.2150922908825974,0.5036101551853348,845.6872173358289,2.8889469522221454,9.121959489470242,0.883627241233132,5.6311761584535995,10.0,2.0,6.0,5.0,4.0,11.0,8.0,8.0,0.0,33.0,5.0,2605.0,9.0,34.0,3.0,19.0,0.848969308920564,0.9926673308576576,1.0886324624589088,0.37279889239168024,0.9500284347554784,0.9680377347018484,1.9166517000331353,1.4531233959170409,0.0,0.7483389116889363,2.179596155034936,0.36102961774325276,-0.025627612598113973,0.946584729135427,1.2450082658572554,1.787181999559589,1.0010687743792457,-12.0,0.0,3.2916666666666665,0.5,1.625,1.7916666666666667,1.0,3.125,1.3333333333333333,1.8333333333333333,0.0,7.708333333333333,0.7916666666666666,0.4166666666666667,1200.0,2.7916666666666665,8.416666666666666,0.4583333333333333,5.833333333333333,2.0,12.0,1.0,78.0,1.0,,1.0,,1.0,1.0,1.0,8.0,88.0,19.0,33.0,41.0,20.0,75.0,66.0,26.0,39.0,6.0,13.0,10.0,28800.0,69.0,175.0,6.0,155.0,3.57211421989835,1.6901676445449625,1.6763054614240207,1.4966629547095764,1.4433756729740645,0.0,2.99833287011299,1.9467922333931784,2.6783079235467553,0.6633249580710799,7.199537022151724,0.7702813338860895,0.5,918.6071884470895,2.6025628394590847,8.440971508067067,0.7234178138070235,5.560275772537426,13.0,8.0,6.0,4.0,5.0,3.0,11.0,8.0,8.0,3.0,18.0,3.0,1.0,2605.0,8.0,34.0,3.0,19.0,1.1324907740003212,3.5617402362752144,1.2349129299600279,0.19219776810666425,1.825430938063895,1.0336385163257145,2.4435203810379598,1.7877498156314524,3.4217962376241253,0.6123989947853867,1.7114144948965702,0.434782608695652,-0.05488368901286306,0.7332197978768131,1.4761279814179669,3.183448242693966,0.5526301942612447,-13.0,3.52,0.76,1.32,1.64,0.8,2.64,1.04,1.56,0.24,0.52,0.4,1152.0,2.76,7.0,0.24,6.2,2.0,25.0,8.0,78.0,-1.0,,-1.0,-1.0,-1.0,1.0,1.0,6.0,64.0,16.0,32.0,41.0,31.0,75.0,68.0,36.0,48.0,5.0,20.0,10.0,28800.0,48.0,191.0,5.0,135.0,2.5508168626278653,0.6377042156569663,1.4866068747318506,1.4966629547095764,0.9255628917943215,2.47521042876493,2.1617893822787946,2.580697580112788,0.5,15.806116959371563,1.1547005383792515,0.49999999999999994,598.5529077143751,2.3965252624024918,6.756971708292603,0.5773502691896257,4.769696007084728,10.0,2.0,6.0,5.0,3.0,3.0,9.0,7.0,8.0,2.0,33.0,5.0,1.0,2241.0,9.0,24.0,2.0,16.0,1.4387607357803789,0.47278469419668034,1.4598177435713797,0.7595832171394945,0.16285864248125545,1.1738863537158477,1.3664794708860521,1.2500023547214794,2.608695652173912,0.14354593938438567,2.188596808476977,0.43478260869565194,-0.2717711643965571,1.879155841959943,1.0719188435443616,2.823995881905777,0.9421040505847718,-32.0,2.56,0.64,1.28,1.64,1.24,2.72,1.44,1.92,0.2,0.8,0.4,1152.0,1.92,7.64,0.2,5.4,2.0,25.0,6.0,65.0,8
9,Memphis Grizzlies,39,3.0,0.7176866492844823,50.0,16.0,15.0,23.0,11.0,39.0,33.0,9.0,15.0,6.0,-45.0,5.0,5.0,14400.0,34.0,83.0,0.0,85.0,4.079341324408346,2.2043081361221617,1.4051188470584879,1.5358952955766088,1.5730095277394143,2.6650636207348044,1.4366984945013914,2.3038429433649132,0.8770580193070292,4.235079389562543,0.6504436355879909,0.5063696835418333,870.3610730242349,2.5670495884855025,6.89853198802061,0.0,5.363695626080098,13.0,8.0,4.0,4.0,5.0,7.0,5.0,8.0,3.0,2.0,2.0,2362.0,8.0,18.0,0.0,14.0,1.2015485919644444,2.7444675704067083,0.9591343533751411,0.12931649791657765,1.9673608384492087,0.46456791595883495,2.6316688935827495,2.533431003959928,2.326994390315966,-0.7710633090997869,1.5755298881560342,0.5385932088581316,-0.1698507986223839,0.7858566000203425,0.5811683516017444,0.0,0.03018184725341262,-13.0,0.0,3.8461538461538463,1.2307692307692308,1.1538461538461537,1.7692307692307692,0.8461538461538461,2.5384615384615383,0.6923076923076923,1.1538461538461537,0.46153846153846156,-3.4615384615384617,0.38461538461538464,0.38461538461538464,1107.6923076923076,2.6153846153846154,6.384615384615385,0.0,6.538461538461538,1.0,13.0,1.0,90.0,0.0,,,,,,,,0.0,0.0,0.0,0.0,0.0,0.0,0.0,0.0,0.0,0.0,0.0,0.0,0.0,0.0,0.0,0.0,0.0,,,,,,,,,,,,,,,,,,,,,,,,,,,,,,,,,,,,,,,,,,,,,,,,,,,,,,,,,,,,,,,,,,,,,,,,,,,1.0,,1.0,1.0,1.0,1.0,1.0,7.0,88.0,19.0,33.0,41.0,20.0,75.0,66.0,26.0,39.0,6.0,13.0,10.0,28800.0,69.0,175.0,6.0,155.0,3.57211421989835,1.6901676445449625,1.6763054614240207,1.4966629547095764,1.4433756729740645,2.99833287011299,1.9467922333931784,2.6783079235467553,0.6633249580710799,7.199537022151724,0.7702813338860895,0.5,918.6071884470895,2.6025628394590847,8.440971508067067,0.7234178138070235,5.560275772537426,13.0,8.0,6.0,4.0,5.0,3.0,11.0,8.0,8.0,3.0,18.0,3.0,1.0,2605.0,8.0,34.0,3.0,19.0,1.1324907740003212,3.5617402362752144,1.2349129299600279,0.19219776810666425,1.825430938063895,1.0336385163257145,2.4435203810379598,1.7877498156314524,3.4217962376241253,0.6123989947853867,1.7114144948965702,0.434782608695652,-0.05488368901286306,0.7332197978768131,1.4761279814179669,3.183448242693966,0.5526301942612447,-13.0,3.52,0.76,1.32,1.64,0.8,2.64,1.04,1.56,0.24,0.52,0.4,1152.0,2.76,7.0,0.24,6.2,2.0,25.0,8.0,78.0,9
10,Denver Nuggets,39,1.0,0.3427956391101147,119.0,38.0,59.0,60.0,33.0,117.0,110.0,51.0,67.0,13.0,-30.0,22.0,15.0,43200.0,81.0,282.0,10.0,263.0,3.379105440238335,1.2244693692238042,1.7452460974374882,1.5868896065831994,1.0140710433552769,2.8825408644731514,2.3300536040123303,2.8557303236670424,0.6622661785325218,7.342957737865646,0.7878976621655148,0.4928640580901443,780.2237585208002,2.6495741006772686,7.289002308675066,0.6373443553217201,6.116061463659473,15.0,4.0,8.0,6.0,3.0,9.0,10.0,11.0,2.0,17.0,3.0,2499.0,12.0,24.0,3.0,22.0,1.5882439398941492,1.0483117766163297,1.4958788318525644,1.0296085032069906,0.8027080397286579,0.7866416645959832,2.3164378109641652,1.9939215304913858,1.8037982812917135,-0.3942916222925781,1.3087976261536562,0.49353009060107716,0.07520416466437856,1.9079379745673568,0.8674571377604272,2.943039401676853,0.8254442667755709,-19.0,0.0,3.051282051282051,0.9743589743589743,1.5128205128205128,1.5384615384615385,0.8461538461538461,2.8205128205128207,1.3076923076923077,1.7179487179487178,0.3333333333333333,-0.7692307692307693,0.5641025641025641,0.38461538461538464,1107.6923076923076,2.076923076923077,7.230769230769231,0.2564102564102564,6.743589743589744,3.0,13.0,2.0,103.0,1.0,1.1547005383792517,1.0,-1.732050807568877,-1.0,0.3333333333333333,2.0,10.0,254.0,75.0,126.0,123.0,81.0,234.0,218.0,103.0,139.0,23.0,44.0,30.0,86399.0,179.0,568.0,23.0,497.0,3.680188791867822,1.3136872633066918,2.1273162730244244,1.6318201992980605,1.1781816023482492,0.0,2.852927293008733,2.247616860539525,2.863325810772274,0.5835176436859819,7.30059595503691,0.8152721414771048,0.4896531831411287,808.0788262563805,2.7544956139456978,7.282602353300435,0.646849996842327,5.723292518828411,16.0,5.0,10.0,6.0,5.0,3.0,10.0,10.0,12.0,2.0,17.0,3.0,1.0,2499.0,12.0,24.0,3.0,22.0,1.431848163228333,1.377703299618941,1.7590241491393142,1.0280397592237012,1.2441896266954802,0.8462867439417099,2.1721528786304596,1.8467393412963735,1.86546937517527,-0.22155693885256753,1.4115551662557715,0.4836935884778978,0.012669660911390844,1.5970983090653648,0.8175398991733277,2.5854499095982684,0.7065460020272942,-19.0,3.2564102564102564,0.9615384615384616,1.6153846153846154,1.5769230769230769,1.0384615384615385,2.7948717948717947,1.3205128205128205,1.7820512820512822,0.2948717948717949,0.5641025641025641,0.38461538461538464,1107.679487179487,2.2948717948717947,7.282051282051282,0.2948717948717949,6.371794871794871,3.0,39.0,9.0,103.0,0.0,,,,,0.0,,,0.0,0.0,0.0,0.0,0.0,0.0,0.0,0.0,0.0,0.0,0.0,0.0,0.0,0.0,0.0,0.0,0.0,,,,,,,,,,,,,,,,,,,,,,,,,,,,,,,,,,,,,,,,,,,,,,,,,,,,,,,,,,,,,,,,,,,,,,,,,,10
11,Sacramento Kings,26,1.0,0.25228296442792286,129.0,33.0,70.0,79.0,45.0,117.0,117.0,59.0,81.0,14.0,110.0,22.0,15.0,43200.0,96.0,321.0,19.0,245.0,3.592051504098621,1.2883784491911066,2.667341345151002,1.7989350575911571,1.1593660141024793,3.1622776601683795,2.553344503028743,3.295807667042731,0.58432054501381,9.829793045076883,0.8520832611550475,0.4928640580901443,825.0991696009114,2.664050673673989,8.250874079570181,0.8847180601095135,5.423868875281583,13.0,5.0,12.0,6.0,5.0,14.0,10.0,12.0,2.0,29.0,3.0,2421.0,11.0,34.0,3.0,19.0,1.179173873925006,1.9358699760258369,2.056120177177473,0.560038250964604,1.2866484765362856,1.3946859011880597,1.748933677808759,1.574197551508687,1.4214349704937763,0.5211884655346046,1.2692811317551778,0.49353009060107716,-0.14773902058223579,1.34786717328991,1.0740640067638134,1.723159938009468,0.3755329559556681,-17.0,0.0,3.3076923076923075,0.8461538461538461,1.794871794871795,2.0256410256410255,1.1538461538461537,3.0,1.5128205128205128,2.076923076923077,0.358974358974359,2.8205128205128207,0.5641025641025641,0.38461538461538464,1107.6923076923076,2.4615384615384617,8.23076923076923,0.48717948717948717,6.282051282051282,3.0,13.0,2.0,116.0,1.0,,1.0,,1.0,1.0,1.0,12.0,82.0,16.0,55.0,54.0,27.0,78.0,87.0,53.0,70.0,19.0,13.0,10.0,28800.0,66.0,244.0,19.0,166.0,2.9757998278420237,0.8038369524685003,2.8750919717730503,1.5211331808379416,1.076318511622623,0.0,3.333974297349129,2.821074536140713,3.461435895916384,1.0023050357128735,14.308039698015934,0.7615773105863908,0.49613893835683387,676.7577273577757,2.403843076921108,8.662918321567728,1.185164707800306,5.185185999185935,13.0,2.0,12.0,5.0,4.0,3.0,14.0,9.0,10.0,4.0,29.0,2.0,1.0,2007.0,11.0,34.0,4.0,19.0,1.5946332136092356,0.8441655070566307,2.139550746345241,0.22947967563489677,1.1696947788515883,1.531055075605959,1.1156741592667816,1.0336207649290559,1.6264194982648823,0.27729622918268343,1.1772300877078574,0.5038911092686594,-0.5922586650601799,1.7924793976764815,1.2664172512602758,1.5063924017261012,0.7798706391055233,-21.0,3.1538461538461537,0.6153846153846154,2.1153846153846154,2.076923076923077,1.0384615384615385,3.3461538461538463,2.0384615384615383,2.6923076923076925,0.7307692307692307,0.5,0.38461538461538464,1107.6923076923076,2.5384615384615383,9.384615384615385,0.7307692307692307,6.384615384615385,2.0,26.0,10.0,116.0,2.0,0.0,1.0,1.0,1.0,2.0,1.0,9.0,170.0,52.0,71.0,95.0,56.0,156.0,135.0,88.0,117.0,14.0,30.0,20.0,57599.0,118.0,378.0,14.0,321.0,3.7317681485227365,1.3719886811400708,1.6091508679539976,1.757015672211887,1.152085131763084,2.8440485874935626,2.5708658916561253,3.271235300640549,0.5641368425071229,6.268502025768104,0.8710181971974928,0.49125075078907476,848.3941398405797,2.801367905466861,7.687819203295829,0.5978846572278104,5.986000510492284,15.0,5.0,6.0,6.0,5.0,3.0,9.0,10.0,12.0,2.0,17.0,3.0,1.0,2499.0,12.0,24.0,3.0,22.0,1.246759024869788,1.421294524368542,1.1633660286707599,0.8158926049888867,1.1249168696558707,0.8263516140104707,1.788975062938975,1.477838169984888,2.0303634815119045,-0.08146422870018256,1.3283966486560086,0.48854887165973493,0.024045264169877477,1.4708884554804973,0.7643264516778208,2.6964262742736738,0.7320421516373301,-17.0,3.269230769230769,1.0,1.3653846153846154,1.8269230769230769,1.0769230769230769,2.5961538461538463,1.6923076923076923,2.25,0.2692307692307692,0.5769230769230769,0.38461538461538464,1107.673076923077,2.269230769230769,7.269230769230769,0.2692307692307692,6.173076923076923,2.0,26.0,9.0,103.0,11
12,New Orleans Pelicans,26,0.0,0.7439134837384649,94.0,23.0,36.0,37.0,26.0,78.0,80.0,41.0,58.0,16.0,50.0,15.0,10.0,28802.0,71.0,209.0,7.0,166.0,4.2339288900681655,1.2434443478313963,2.4012817090366236,1.4470128381759968,1.2649110640673515,4.3351869802635,2.4685716829466697,3.1152231677065103,0.8978607053178383,9.09031606457367,0.856648208920181,0.4961389383568338,1023.4137113676876,3.5615467685565187,11.133663437452272,0.7243033788512825,7.9552595084103865,14.0,4.0,10.0,5.0,4.0,13.0,9.0,12.0,3.0,23.0,3.0,2763.0,11.0,35.0,3.0,24.0,1.2187196976802466,1.1815198898269712,2.247665706296735,0.7235763355058421,1.0277402395547235,1.2900632388799618,1.7926956131893328,1.6422208989804028,1.2412881087154433,0.15164695671345538,1.396158608673295,0.5038911092686594,0.3861885176975559,1.4019944064047782,1.2338771921602651,2.953591340518287,1.0453340128263924,-15.0,0.0,3.6153846153846154,0.8846153846153846,1.3846153846153846,1.4230769230769231,1.0,3.076923076923077,1.5769230769230769,2.230769230769231,0.6153846153846154,1.9230769230769231,0.5769230769230769,0.38461538461538464,1107.7692307692307,2.730769230769231,8.038461538461538,0.2692307692307692,6.384615384615385,2.0,14.0,25.0,129.0,1.0,,1.0,,1.0,1.0,1.0,12.0,77.0,18.0,42.0,45.0,31.0,75.0,74.0,43.0,57.0,13.0,18.0,10.0,28802.0,59.0,199.0,13.0,153.0,3.7296112397943038,1.2083045973594573,2.7796882319185845,1.4719601443879744,1.3625955623979797,0.0,3.5995370072644985,3.1160872901765764,3.8353617821530213,0.8225975119502044,12.948616399703356,0.9363047936792093,0.5,838.5830270959061,3.0397368307141326,9.816992071573315,1.2948616399703352,6.540387348366048,14.0,4.0,10.0,5.0,4.0,3.0,13.0,12.0,14.0,3.0,23.0,3.0,1.0,2636.0,11.0,35.0,5.0,19.0,1.7336446703285384,1.51423781404793,2.0429862505063436,0.37490109157295987,0.8158127435694902,1.31128373120971,2.3220338713055804,2.0694149586682697,1.6395415520513463,0.08924247693553479,0.9502609046867891,0.434782608695652,0.12784019246805733,1.8129584653279274,1.2979803575025344,2.7684443223715762,0.8614174887798968,-20.0,3.08,0.72,1.68,1.8,1.24,2.96,1.72,2.28,0.52,0.72,0.4,1152.08,2.36,7.96,0.52,6.12,2.0,25.0,12.0,129.0,-1.0,,-1.0,-1.0,-1.0,1.0,1.0,2.0,99.0,22.0,42.0,39.0,18.0,81.0,79.0,34.0,47.0,10.0,15.0,10.0,28800.0,77.0,209.0,10.0,182.0,4.411523371981436,1.3311948663061213,2.4231786710424124,1.6486202467362574,0.9999999999999999,3.668220339052775,2.030395804395567,2.535783790112917,0.6292943635623919,5.43492976389406,0.8473185457363234,0.49210287762341137,977.8280484357625,3.5809721896939974,9.247006137508642,1.005681863909264,7.608662030326874,15.0,6.0,10.0,6.0,3.0,3.0,12.0,8.0,10.0,2.0,11.0,3.0,1.0,2763.0,11.0,31.0,4.0,24.0,1.1669760892999261,2.584386125943206,2.0375272510529623,0.9956868097501108,1.4953846153846162,1.2907448186661754,2.0602844054641194,1.7972681278246625,1.5314629575554655,-0.25615556418939167,1.4516382371061227,0.5689867154450456,0.2130547599857576,0.9826184021819928,1.0916000742051002,2.8345984228759176,0.8883503372043693,-14.0,3.6666666666666665,0.8148148148148148,1.5555555555555556,1.4444444444444444,0.6666666666666666,2.925925925925926,1.2592592592592593,1.7407407407407407,0.37037037037037035,0.5555555555555556,0.37037037037037035,1066.6666666666667,2.8518518518518516,7.7407407407407405,0.37037037037037035,6.7407407407407405,2.0,27.0,11.0,14.0,12
13,Los Angeles Clippers,39,2.0,0.8270015439712011,72.0,11.0,43.0,51.0,29.0,78.0,71.0,55.0,71.0,15.0,-175.0,16.0,10.0,28799.0,61.0,204.0,17.0,147.0,2.566050542100717,0.7575263387144725,2.115510485765697,1.3994504415882465,1.2434443478313961,2.7064026649069395,3.0505989323662073,3.683017157795411,0.9868364372306861,11.45969525705703,0.8978607053178383,0.49613893835683387,673.506997279624,2.077350383393378,7.614156855186567,1.4125808349912634,5.0670883765121575,8.0,2.0,9.0,5.0,4.0,9.0,12.0,14.0,4.0,19.0,3.0,2261.0,7.0,27.0,5.0,17.0,0.8932232772351971,1.4775762793424807,2.143233202585016,0.16839737894829915,1.1175025574963535,0.9255592193685342,1.9147488394631675,1.626697133591914,2.0683004524365036,0.7734874825284805,1.2412881087154433,0.5038911092686594,-0.41340515215885093,0.685862719640642,1.0865923733151945,2.3350032771553386,0.8469024614221008,-21.0,0.0,2.769230769230769,0.4230769230769231,1.6538461538461537,1.9615384615384615,1.1153846153846154,2.730769230769231,2.1153846153846154,2.730769230769231,0.5769230769230769,-6.730769230769231,0.6153846153846154,0.38461538461538464,1107.6538461538462,2.3461538461538463,7.846153846153846,0.6538461538461539,5.653846153846154,2.0,13.0,3.0,141.0,0.0,,,,,,,,0.0,0.0,0.0,0.0,0.0,0.0,0.0,0.0,0.0,0.0,0.0,0.0,0.0,0.0,0.0,0.0,0.0,,,,,,,,,,,,,,,,,,,,,,,,,,,,,,,,,,,,,,,,,,,,,,,,,,,,,,,,,,,,,,,,,,,,,,,,,,,2.0,0.0,1.0,1.0,1.0,2.0,2.0,10.0,159.0,34.0,97.0,99.0,58.0,153.0,161.0,96.0,127.0,32.0,31.0,20.0,57602.0,125.0,443.0,32.0,319.0,3.332548927313923,1.0132456102380443,2.808949283705808,1.4887815784174971,1.216874814319653,3.437281187331684,2.9437870766991927,3.618687878331635,0.9156589826725994,13.521834195108296,0.8503747732041212,0.49308949989019313,753.0265948484287,2.7078679841542943,9.181481789076162,1.2322464739446486,5.830413835243264,14.0,4.0,12.0,5.0,4.0,3.0,14.0,12.0,14.0,4.0,29.0,3.0,1.0,2636.0,11.0,35.0,5.0,19.0,1.6546530390335115,1.4452092955152636,2.020361256161894,0.2937607807838251,0.9747944957198399,1.35002745891437,1.7209316659556484,1.5489924909061712,1.6401764188114514,0.19383862586130812,1.0701429605346764,0.45527190493482306,-0.10595197147182793,1.7574077913588573,1.2103829920831,2.0970123659630984,0.806238019605873,-21.0,3.1176470588235294,0.6666666666666666,1.9019607843137254,1.9411764705882353,1.1372549019607843,3.156862745098039,1.8823529411764706,2.4901960784313726,0.6274509803921569,0.6078431372549019,0.39215686274509803,1129.450980392157,2.450980392156863,8.686274509803921,0.6274509803921569,6.254901960784314,3.0,38.0,12.0,141.0,13
14,Minnesota Timberwolves,26,0.0,0.7539166226230551,126.0,35.0,67.0,62.0,37.0,117.0,114.0,76.0,91.0,17.0,40.0,25.0,15.0,43200.0,91.0,333.0,12.0,252.0,4.906824133482172,1.970771580062673,3.0860357635878186,1.534136971822624,1.431758542358569,3.263712895208183,2.6749197523498665,3.0722298890590967,0.911761504909786,8.619095017481701,0.9864124120740052,0.4928640580901441,990.6360305073055,3.214550253664318,9.329766042777033,0.7661883152417266,6.758410564646385,24.0,10.0,11.0,5.0,6.0,9.0,9.0,10.0,5.0,19.0,3.0,2602.0,14.0,28.0,4.0,23.0,2.5665053240247757,3.1725165567825715,1.910326175740255,0.37464597688443474,1.965673160977818,0.7375910062344433,1.3446772621657626,1.1028224794404509,3.603266196947496,0.20013448037755804,1.491913747859572,0.49353009060107716,0.21070373791231492,2.0215918814910125,0.6826321486411967,3.470296044323085,0.6926884590015121,-20.0,0.0,3.230769230769231,0.8974358974358975,1.7179487179487178,1.5897435897435896,0.9487179487179487,2.923076923076923,1.9487179487179487,2.3333333333333335,0.4358974358974359,1.0256410256410255,0.6410256410256411,0.38461538461538464,1107.6923076923076,2.3333333333333335,8.538461538461538,0.3076923076923077,6.461538461538462,3.0,15.0,4.0,154.0,2.0,0.0,1.0,,1.0,1.0,2.0,14.0,165.0,49.0,88.0,91.0,62.0,156.0,152.0,93.0,109.0,16.0,31.0,20.0,57600.0,116.0,438.0,16.0,335.0,4.301031129657229,1.8933678007611925,2.6237113478434355,1.5323313008896848,1.5970372267010808,0.0,2.7783910836263965,2.6666902336816833,3.0179828049810666,0.5063696835418333,11.31717417788332,0.8913443335576374,0.4912507507890746,871.5438755441357,2.748371243977233,7.934403010385956,0.7286426149573088,5.952140697586141,24.0,10.0,9.0,5.0,6.0,3.0,9.0,11.0,12.0,2.0,19.0,3.0,1.0,2602.0,14.0,28.0,4.0,21.0,2.715444175785426,2.9342596242881664,1.704405016656609,0.33793528182855814,1.5048267507146025,0.5104542369661857,1.8233989658064438,1.586774105381833,1.321517642817082,-0.6841533105647469,1.598604936058074,0.48854887165973493,0.05465764637303381,2.200966661867106,0.5464333980951074,3.2413945236466293,0.5462779071131968,-32.0,3.173076923076923,0.9423076923076923,1.6923076923076923,1.75,1.1923076923076923,2.923076923076923,1.7884615384615385,2.0961538461538463,0.3076923076923077,0.5961538461538461,0.38461538461538464,1107.6923076923076,2.230769230769231,8.423076923076923,0.3076923076923077,6.4423076923076925,3.0,40.0,13.0,154.0,1.0,,1.0,1.0,1.0,1.0,1.0,4.0,87.0,20.0,50.0,41.0,17.0,78.0,80.0,40.0,49.0,13.0,11.0,10.0,28800.0,67.0,220.0,13.0,173.0,4.049121462167394,1.4228898005873065,3.199038317033129,1.6534346536365307,0.891843380524078,3.3695468766358116,2.158346945804019,2.5349859656719693,1.0295630140987,7.730459236035075,0.8086075400626399,0.4961389383568338,941.0190548221972,3.0354317903464993,8.79195436398879,0.8124038404635959,6.474209188417117,15.0,5.0,11.0,5.0,3.0,3.0,10.0,7.0,8.0,5.0,17.0,3.0,1.0,2379.0,11.0,26.0,3.0,23.0,1.4231490886740155,1.885691146271952,1.9894734144999737,0.5149492911262641,1.1440455802415859,0.811549132760147,1.3524649097497685,1.1615282232982314,3.5735989275408784,0.3230497112238206,1.9903496875396525,0.5038911092686593,0.03775379110702095,1.4429952125502183,0.6911689173528316,1.6971705574423153,0.7876049345988954,-15.0,3.3461538461538463,0.7692307692307693,1.9230769230769231,1.5769230769230769,0.6538461538461539,3.076923076923077,1.5384615384615385,1.8846153846153846,0.5,0.4230769230769231,0.38461538461538464,1107.6923076923076,2.576923076923077,8.461538461538462,0.5,6.653846153846154,2.0,26.0,4.0,39.0,14
15,Boston Celtics,24,2.0,0.07065226595747964,88.0,24.0,61.0,36.0,31.0,78.0,84.0,23.0,30.0,7.0,20.0,17.0,10.0,28800.0,64.0,206.0,10.0,177.0,3.9907585552315545,1.4675987714106853,2.979158373666062,1.3289672103381056,1.4971768304173232,2.8327752089806535,1.5053749852292109,1.7593705167998623,0.45234432086120485,13.659597921777033,0.891843380524078,0.49613893835683387,708.1194684080233,2.8457796011746126,6.927759100448438,0.7524319545007683,5.513759013734501,16.0,5.0,10.0,5.0,5.0,10.0,6.0,6.0,1.0,19.0,3.0,2167.0,12.0,24.0,3.0,21.0,1.9629731600084945,1.5413905361670743,1.3069940996697669,0.9890837938576187,1.504089159139206,0.7525841915490153,2.1168770926843137,1.4655973840734169,1.105352663758583,-1.1015183543017175,1.5105739272763312,0.5038911092686594,-0.3012326250001627,1.9613243970764727,0.6911258769784397,2.257173628868865,0.9217639875177425,-32.0,0.0,3.3846153846153846,0.9230769230769231,2.3461538461538463,1.3846153846153846,1.1923076923076923,3.230769230769231,0.8846153846153846,1.1538461538461537,0.2692307692307692,0.7692307692307693,0.6538461538461539,0.38461538461538464,1107.6923076923076,2.4615384615384617,7.923076923076923,0.38461538461538464,6.8076923076923075,2.0,14.0,4.0,167.0,0.0,,,,,,,,0.0,0.0,0.0,0.0,0.0,0.0,0.0,0.0,0.0,0.0,0.0,0.0,0.0,0.0,0.0,0.0,0.0,,,,,,,,,,,,,,,,,,,,,,,,,,,,,,,,,,,,,,,,,,,,,,,,,,,,,,,,,,,,,,,,,,,,,,,,,,,0.0,1.4142135623730951,1.0,-1.0,0.0,2.0,2.0,9.0,175.0,48.0,108.0,69.0,60.0,156.0,162.0,53.0,68.0,17.0,31.0,20.0,57600.0,127.0,408.0,17.0,354.0,4.401554298350447,1.7695258459420744,2.806478177123902,1.3963699976859305,1.5388385661693091,2.798135556807153,1.8837840996081932,2.1831660903327728,0.5848128189279914,12.000000000000002,0.8227075191960869,0.4912507507890747,780.2347192957836,2.90647324553289,7.201265181283175,0.8097725133508682,5.54496224827921,24.0,10.0,10.0,5.0,6.0,3.0,10.0,8.0,8.0,2.0,19.0,3.0,1.0,2602.0,14.0,28.0,4.0,21.0,2.7480075375840913,3.190430445474705,1.40157206879568,1.001015249738504,1.6120686278168317,0.7145743926943198,2.4970053289370244,1.9874051096023664,1.6390623147733006,-0.6293954248366013,1.5470895776617937,0.4885488716597348,0.058573174685469326,2.1169197481983995,0.8990722327283159,3.010237789499219,0.6754410403906058,-32.0,3.3653846153846154,0.9230769230769231,2.076923076923077,1.3269230769230769,1.1538461538461537,3.1153846153846154,1.0192307692307692,1.3076923076923077,0.3269230769230769,0.5961538461538461,0.38461538461538464,1107.6923076923076,2.4423076923076925,7.846153846153846,0.3269230769230769,6.8076923076923075,3.0,40.0,14.0,167.0,15
16,Chicago Bulls,24,1.0,0.020597041193598176,66.0,22.0,37.0,37.0,30.0,72.0,63.0,36.0,45.0,7.0,-200.0,20.0,10.0,28800.0,44.0,172.0,6.0,158.0,2.7226904852114338,1.176459931750543,1.9105921382756132,1.4738050920238275,1.7003835884370582,2.5162515254104534,2.3219182474467286,2.6915730005688685,0.5500329370901873,10.825359384200667,1.090140264874869,0.5036101551853348,740.3419304031371,1.9034674690672027,6.9574274772683955,0.8469895538599198,4.808657651132704,9.0,4.0,6.0,5.0,7.0,8.0,8.0,10.0,2.0,10.0,4.0,2380.0,6.0,25.0,4.0,15.0,1.0627827075777292,1.3973948565723127,1.3380710392895594,1.1557249845438864,2.0621779287558115,0.607614706429766,1.6936648497303817,1.677243775148013,1.8002584001415087,-0.39817528648028705,1.456310898433779,0.36102961774325276,-0.1671314606229224,1.1676298600651247,0.8727939562545182,4.156676007372649,0.2211878029898931,-29.0,0.0,2.75,0.9166666666666666,1.5416666666666667,1.5416666666666667,1.25,2.625,1.5,1.875,0.2916666666666667,-8.333333333333334,0.8333333333333334,0.4166666666666667,1200.0,1.8333333333333333,7.166666666666667,0.25,6.583333333333333,2.0,12.0,5.0,180.0,-2.0,0.0,-1.0,,-1.0,-1.0,2.0,16.0,147.0,39.0,94.0,77.0,64.0,147.0,146.0,69.0,82.0,13.0,37.0,20.0,57600.0,108.0,384.0,13.0,310.0,3.0069364254447857,1.1361409800419189,2.6365755464702496,1.3994046353122223,1.4748457777093884,0.0,2.975523734840413,1.9248199845152054,2.230356427999428,0.6382107216038195,13.69458530466208,1.0710316725183318,0.49658699082414787,776.4281229463811,2.1982909255140184,7.525918932749204,0.7004614611121739,5.129115238445292,11.0,4.0,11.0,5.0,7.0,3.0,10.0,8.0,10.0,3.0,30.0,4.0,1.0,2547.0,8.0,25.0,4.0,19.0,1.1360144168040789,1.5750727232191586,1.8697023729620217,0.9170943951402256,1.5552338937628813,0.6538086105999289,1.6352612284627344,1.710216205669247,2.717490033550075,0.14999127884212224,1.57645894044464,0.38561091055632996,-0.1261016378685826,0.9927759668808269,0.5737329117487697,3.750194576305089,0.3701035609394336,-29.0,3.0,0.7959183673469388,1.9183673469387754,1.5714285714285714,1.3061224489795917,2.979591836734694,1.4081632653061225,1.6734693877551021,0.2653061224489796,0.7551020408163265,0.40816326530612246,1175.5102040816328,2.204081632653061,7.836734693877551,0.2653061224489796,6.326530612244898,3.0,37.0,15.0,180.0,0.0,,,,,0.0,,,0.0,0.0,0.0,0.0,0.0,0.0,0.0,0.0,0.0,0.0,0.0,0.0,0.0,0.0,0.0,0.0,0.0,,,,,,,,,,,,,,,,,,,,,,,,,,,,,,,,,,,,,,,,,,,,,,,,,,,,,,,,,,,,,,,,,,,,,,,,,,16
17,Toronto Raptors,39,2.0,0.10625447340450833,77.0,18.0,55.0,35.0,26.0,72.0,78.0,28.0,31.0,7.0,135.0,22.0,10.0,28800.0,59.0,199.0,6.0,158.0,3.611324780003408,1.1887150534341147,2.758058022952203,1.2846642825425558,1.282547284209001,3.300197622541124,1.307725096316589,1.4288690166235203,0.6902530516863498,8.101596729362514,1.176459931750543,0.5036101551853348,946.2859205748867,2.5872457517039518,8.190552174764301,0.6079187588743288,6.2200004660049215,11.0,4.0,11.0,4.0,4.0,9.0,5.0,5.0,3.0,26.0,4.0,2547.0,8.0,23.0,2.0,19.0,1.1090989149278518,1.5460073736368287,1.5674068299021515,0.503277214161946,0.9111573017037498,0.36915689018844583,1.0651414249803288,0.8993609304619506,3.00215021280229,1.0102949541057014,1.0478438559705532,0.36102961774325276,-0.15325703346381456,0.9393715458262273,0.40038842313303313,2.3750710868886955,0.34059650925523066,-7.0,0.0,3.2083333333333335,0.75,2.2916666666666665,1.4583333333333333,1.0833333333333333,3.25,1.1666666666666667,1.2916666666666667,0.2916666666666667,5.625,0.9166666666666666,0.4166666666666667,1200.0,2.4583333333333335,8.291666666666666,0.25,6.583333333333333,2.0,12.0,5.0,192.0,1.0,,1.0,,1.0,1.0,1.0,22.0,75.0,16.0,51.0,36.0,29.0,72.0,72.0,33.0,41.0,6.0,20.0,10.0,28800.0,59.0,197.0,6.0,150.0,3.040487661114793,0.9168313422570846,2.3648237364226166,1.2510864843424487,1.6145847942957392,0.0,2.7346409032202414,1.6368713529434609,2.0742555849952673,0.531609533071195,8.350995775042794,1.0494995356656043,0.5036101551853348,841.1442517035429,2.466808652396094,7.413144416840099,0.5316095330711949,5.526615443548571,11.0,3.0,8.0,4.0,5.0,3.0,8.0,5.0,7.0,2.0,22.0,3.0,1.0,2453.0,9.0,23.0,2.0,17.0,1.2473948969416984,1.1214856198228484,0.9996099786674669,0.21799234196875997,1.1867076824870488,0.5427197996877183,0.8263156261369715,1.0001305194963268,2.131013577432246,1.1087450124997598,0.6063496121130222,0.36102961774325276,-0.11814903886644698,1.2962812811668676,0.6497563073453847,2.131013577432246,0.630740860501391,-14.0,3.125,0.6666666666666666,2.125,1.5,1.2083333333333333,3.0,1.375,1.7083333333333333,0.25,0.8333333333333334,0.4166666666666667,1200.0,2.4583333333333335,8.208333333333334,0.25,6.25,2.0,24.0,16.0,192.0,-1.0,,-1.0,-1.0,-1.0,1.0,1.0,15.0,77.0,23.0,45.0,31.0,29.0,72.0,69.0,26.0,31.0,7.0,19.0,10.0,28800.0,54.0,174.0,7.0,157.0,3.4763695038842224,1.3666578295932037,2.5760181608865627,1.2328534123049195,1.3506573815438319,3.193914049645316,1.4116492564331997,1.4884823513044847,0.6902530516863499,11.001976107085015,1.2150922908825974,0.5036101551853348,898.8823011408934,2.3265948246871155,7.764187574733893,0.9078961186825509,5.571504883482259,11.0,4.0,11.0,4.0,4.0,3.0,9.0,5.0,5.0,3.0,26.0,4.0,1.0,2547.0,8.0,22.0,4.0,19.0,1.1504884716166475,1.307610271194054,2.131739820308786,0.7547017818511932,0.8577502279474127,0.5692493150206415,1.3577694360984016,1.0041172917869332,3.0021502128022894,-0.40773524440205694,1.7037074102385281,0.36102961774325276,-0.12832477290275765,1.093127147866296,0.5950318662348368,3.537616414143108,0.31620868453708767,-29.0,3.2083333333333335,0.9583333333333334,1.875,1.2916666666666667,1.2083333333333333,2.875,1.0833333333333333,1.2916666666666667,0.2916666666666667,0.7916666666666666,0.4166666666666667,1200.0,2.25,7.25,0.2916666666666667,6.541666666666667,2.0,24.0,15.0,180.0,17
18,Miami Heat,26,1.0,0.7456365436099026,108.0,17.0,60.0,70.0,38.0,117.0,109.0,46.0,65.0,6.0,10.0,20.0,15.0,43200.0,91.0,292.0,9.0,229.0,2.8970178719861717,0.8206182455888076,2.315237328361755,1.5757953243310296,1.3472619306770128,3.0190577754577594,1.9313452479907813,2.4530682541766184,0.48873960015649803,6.8314980584054394,0.7208107595944295,0.4928640580901442,814.0635612661805,2.537438963054692,7.933512512294037,0.48458003855419196,5.731627339317789,10.0,3.0,9.0,5.0,5.0,10.0,8.0,10.0,2.0,12.0,2.0,2407.0,9.0,29.0,2.0,19.0,0.9403648998555895,2.023156816996064,1.912936052421831,0.10210649818306061,1.4099917837309637,1.029663075378775,2.0886230649794637,1.8736736341149107,3.247670601737151,-0.652939306966441,1.0639904534267637,0.49353009060107716,-0.0393970189515707,0.928520664213935,0.9321742511935481,2.0338322704703415,0.8080523922014595,-19.0,0.0,2.769230769230769,0.4358974358974359,1.5384615384615385,1.794871794871795,0.9743589743589743,2.7948717948717947,1.1794871794871795,1.6666666666666667,0.15384615384615385,0.2564102564102564,0.5128205128205128,0.38461538461538464,1107.6923076923076,2.3333333333333335,7.487179487179487,0.23076923076923078,5.871794871794871,3.0,15.0,6.0,204.0,0.0,1.4142135623730951,1.0,,-1.0,0.0,2.0,18.0,147.0,28.0,78.0,78.0,50.0,156.0,142.0,57.0,76.0,11.0,24.0,20.0,57600.0,119.0,372.0,11.0,298.0,2.6987372053926886,0.8957752357603487,2.173819264814449,1.4484609817617713,1.4136801987628098,0.0,3.1003819158504857,1.9429068114112045,2.296301702367445,0.69554713860465,7.918704588058653,0.6704268017695295,0.49125075078907465,808.0262211446577,2.234634140880727,8.170690362232259,0.4984894225297638,5.854830030906055,10.0,3.0,9.0,4.0,6.0,3.0,11.0,9.0,11.0,4.0,27.0,2.0,1.0,2416.0,8.0,32.0,2.0,20.0,0.6890282164707225,1.752587869542405,1.8342766377390325,0.3422259493497128,1.7161469906638898,1.1036820504541682,2.7954678532258574,2.537200788422461,4.051202097032898,0.8432027103019707,1.1604347784542388,0.4885488716597348,-0.09231755934843726,0.6640228230353747,1.1848657553537656,2.381337028492751,0.9426056975901128,-19.0,2.826923076923077,0.5384615384615384,1.5,1.5,0.9615384615384616,2.730769230769231,1.0961538461538463,1.4615384615384615,0.21153846153846154,0.46153846153846156,0.38461538461538464,1107.6923076923076,2.2884615384615383,7.153846153846154,0.21153846153846154,5.730769230769231,3.0,41.0,17.0,204.0,-1.0,,-1.0,-1.0,-1.0,1.0,1.0,5.0,83.0,13.0,39.0,55.0,28.0,78.0,70.0,51.0,69.0,4.0,15.0,10.0,28800.0,70.0,210.0,4.0,162.0,3.5667265751019475,0.7615773105863909,2.1587033144922905,1.7510436448455091,1.262476199318686,2.8950886793910926,2.7052655208798893,3.3816245526942543,0.3679464844031199,6.609084656743322,0.7575263387144725,0.4961389383568338,883.1552873297321,3.259070183585875,8.447120583598068,0.36794648440311994,6.1923029144749835,15.0,3.0,8.0,5.0,4.0,3.0,10.0,10.0,12.0,1.0,15.0,2.0,1.0,2407.0,13.0,29.0,1.0,19.0,1.6057057344314325,1.765845131561786,1.8738398882913518,0.051864990793435324,1.1369150452917702,0.9753720382925944,1.7380985497836259,1.473526689427813,2.038339899392284,0.21795396265751515,0.914858606491093,0.5038911092686593,0.07969505468201289,1.5896450466567629,0.9454372564787884,2.038339899392284,0.8041042258222788,-14.0,3.1923076923076925,0.5,1.5,2.1153846153846154,1.0769230769230769,2.6923076923076925,1.9615384615384615,2.6538461538461537,0.15384615384615385,0.5769230769230769,0.38461538461538464,1107.6923076923076,2.6923076923076925,8.076923076923077,0.15384615384615385,6.230769230769231,2.0,26.0,5.0,52.0,18
19,Milwaukee Bucks,26,1.0,0.558402916113398,71.0,14.0,41.0,26.0,24.0,78.0,73.0,27.0,36.0,4.0,145.0,17.0,10.0,28800.0,57.0,189.0,7.0,143.0,2.5386247033808256,1.0288155998338762,2.2657992307012007,1.131370849898476,1.3541957590563316,2.9396493773132977,2.009592381171251,2.499230650851147,0.36794648440311994,10.088302441632395,0.6287961636211017,0.49613893835683387,749.4047114466666,1.9802874694191401,7.650138259182992,0.6038339048243189,5.194227565288221,7.0,4.0,8.0,4.0,6.0,11.0,9.0,11.0,1.0,27.0,2.0,2333.0,7.0,32.0,2.0,20.0,0.40693797003738186,2.275985869401626,1.8696008844608578,1.077232986963881,2.3485298238808627,1.1971891573896865,2.8264438366797164,2.604742469260191,2.038339899392284,0.30178245343792465,0.4084142896841021,0.5038911092686594,-0.2887926378460252,0.4143427976030084,1.471612276707156,2.190643485829828,1.181815991642816,-8.0,0.0,2.730769230769231,0.5384615384615384,1.5769230769230769,1.0,0.9230769230769231,2.8076923076923075,1.0384615384615385,1.3846153846153846,0.15384615384615385,5.576923076923077,0.6538461538461539,0.38461538461538464,1107.6923076923076,2.1923076923076925,7.269230769230769,0.2692307692307692,5.5,2.0,14.0,6.0,217.0,1.0,,1.0,,1.0,1.0,1.0,19.0,77.0,19.0,40.0,28.0,26.0,78.0,71.0,18.0,23.0,8.0,15.0,10.0,28799.0,58.0,173.0,8.0,150.0,3.526820315590452,1.4016473824094935,2.044128552332641,1.1286479317511526,1.469693845669907,0.0,2.341925571963248,1.5170822197687446,1.7737400728838049,0.5491251783869153,12.319090875547595,0.6433087546786177,0.4961389383568338,819.5591469714773,2.388433667618882,5.7337060105471584,0.5491251783869153,4.554625712900609,16.0,6.0,8.0,4.0,5.0,3.0,7.0,6.0,6.0,2.0,18.0,2.0,1.0,2724.0,10.0,19.0,2.0,15.0,2.1918268164367456,2.7881388141404706,1.7208668430303555,0.9234682508865565,1.7199349274172007,0.635108688725538,2.430873011721859,1.9588958834821217,1.6445452877294517,-0.3137447493584152,0.667436944728476,0.5038911092686594,0.12562178851988737,1.4978017871085252,0.5778398688320503,1.6445452877294522,0.34092885350777663,-27.0,2.9615384615384617,0.7307692307692307,1.5384615384615385,1.0769230769230769,1.0,2.730769230769231,0.6923076923076923,0.8846153846153846,0.3076923076923077,0.5769230769230769,0.38461538461538464,1107.6538461538462,2.230769230769231,6.653846153846154,0.3076923076923077,5.769230769230769,2.0,26.0,18.0,217.0,-1.0,,-1.0,-1.0,-1.0,1.0,1.0,17.0,66.0,11.0,36.0,39.0,29.0,78.0,69.0,23.0,32.0,3.0,12.0,10.0,28800.0,55.0,176.0,3.0,136.0,2.817527557711111,0.7575263387144726,2.192294196989502,1.4764823060233399,1.6811168448843308,3.1105280283875625,1.8831234282844675,2.303175065993765,0.4314554973040048,9.931767214348108,0.646886032050112,0.49613893835683387,780.6364976981678,2.422014419063984,8.076175789605832,0.43145549730400484,5.4207578238301135,10.0,3.0,8.0,4.0,6.0,3.0,11.0,9.0,11.0,2.0,27.0,2.0,1.0,2357.0,8.0,32.0,2.0,20.0,1.0371812739533304,2.075685000800875,1.9324758983721344,0.40388582565237396,1.71927983311163,1.222823052205458,3.4893797486587705,3.291003142759344,3.9650527397209125,0.8662513065756309,1.1139338300603407,0.5038911092686594,-0.14219758428212304,0.9704778757049155,1.4295020561611098,3.9650527397209125,1.217976569976598,-19.0,2.5384615384615383,0.4230769230769231,1.3846153846153846,1.5,1.1153846153846154,2.6538461538461537,0.8846153846153846,1.2307692307692308,0.11538461538461539,0.46153846153846156,0.38461538461538464,1107.6923076923076,2.1153846153846154,6.769230769230769,0.11538461538461539,5.230769230769231,2.0,26.0,17.0,204.0,19
20,Detroit Pistons,26,1.0,0.9015624650359365,92.0,29.0,46.0,36.0,30.0,78.0,71.0,37.0,45.0,10.0,-120.0,8.0,10.0,28799.0,63.0,188.0,8.0,161.0,4.2259272992399595,1.8831234282844678,2.8043921595624575,1.4163876044903267,1.5412282813991625,2.6314663943541796,2.9144203804266393,3.5615467685565196,0.7524319545007682,9.095391901735397,0.5491251783869153,0.49613893835683387,977.4868159646018,2.625613481426037,7.511632005404377,0.6793662204867575,6.241917851232782,16.0,7.0,11.0,4.0,5.0,7.0,11.0,14.0,3.0,15.0,2.0,2724.0,10.0,25.0,3.0,21.0,1.5277681371940521,2.1561537744419272,2.0009692040692872,0.4369319730791767,1.3552376342666055,0.4312226203037642,2.411358504814777,2.558781542298192,2.2571736288688653,-0.40301390868551273,1.6445452877294517,0.5038911092686594,0.15562075471583095,1.106722148283079,0.770590229097674,2.845789612483417,0.6523072981173469,-27.0,0.0,3.5384615384615383,1.1153846153846154,1.7692307692307692,1.3846153846153846,1.1538461538461537,2.730769230769231,1.4230769230769231,1.7307692307692308,0.38461538461538464,-4.615384615384615,0.3076923076923077,0.38461538461538464,1107.6538461538462,2.423076923076923,7.230769230769231,0.3076923076923077,6.1923076923076925,2.0,13.0,7.0,230.0,-1.0,,-1.0,,-1.0,-1.0,1.0,20.0,100.0,37.0,56.0,46.0,24.0,78.0,85.0,43.0,57.0,10.0,10.0,10.0,28799.0,63.0,227.0,10.0,185.0,4.7471448909196585,2.24807610054601,3.684478879758251,1.6323649667324351,1.0926326710501357,0.0,3.5839385296926323,2.924958908324118,3.6002136688727884,0.7524319545007682,8.708616422830895,0.6373020054525531,0.49613893835683387,913.3987493885764,2.75931987160716,9.408752063085485,0.7524319545007683,7.179565017893066,16.0,8.0,13.0,5.0,3.0,3.0,12.0,11.0,14.0,3.0,23.0,2.0,1.0,2620.0,10.0,28.0,3.0,21.0,1.314078543748153,1.757024104095002,1.9001384385903322,0.2833135610386619,0.7607182075303053,0.9085029382888674,2.1683670307901752,2.1487020109477033,2.2571736288688653,0.9333776888751634,1.4740169203247189,0.5038911092686594,0.015505877004439467,1.2157771773374584,0.6820188410198,2.2571736288688653,0.684390324465169,-15.0,3.8461538461538463,1.4230769230769231,2.1538461538461537,1.7692307692307692,0.9230769230769231,3.269230769230769,1.6538461538461537,2.1923076923076925,0.38461538461538464,0.38461538461538464,0.38461538461538464,1107.6538461538462,2.423076923076923,8.73076923076923,0.38461538461538464,7.115384615384615,2.0,26.0,19.0,230.0,1.0,,1.0,1.0,1.0,1.0,1.0,18.0,77.0,19.0,40.0,28.0,26.0,78.0,71.0,18.0,23.0,8.0,15.0,10.0,28799.0,58.0,173.0,8.0,150.0,3.526820315590452,1.4016473824094935,2.044128552332641,1.1286479317511526,1.469693845669907,2.341925571963248,1.5170822197687446,1.7737400728838049,0.5491251783869153,12.319090875547595,0.6433087546786177,0.4961389383568338,819.5591469714773,2.388433667618882,5.7337060105471584,0.5491251783869153,4.554625712900609,16.0,6.0,8.0,4.0,5.0,3.0,7.0,6.0,6.0,2.0,18.0,2.0,1.0,2724.0,10.0,19.0,2.0,15.0,2.1918268164367456,2.7881388141404706,1.7208668430303555,0.9234682508865565,1.7199349274172007,0.635108688725538,2.430873011721859,1.9588958834821217,1.6445452877294517,-0.3137447493584152,0.667436944728476,0.5038911092686594,0.12562178851988737,1.4978017871085252,0.5778398688320503,1.6445452877294522,0.34092885350777663,-27.0,2.9615384615384617,0.7307692307692307,1.5384615384615385,1.0769230769230769,1.0,2.730769230769231,0.6923076923076923,0.8846153846153846,0.3076923076923077,0.5769230769230769,0.38461538461538464,1107.6538461538462,2.230769230769231,6.653846153846154,0.3076923076923077,5.769230769230769,2.0,26.0,18.0,217.0,20
21,Philadelphia 76ers,24,2.0,0.21988336657649754,97.0,36.0,44.0,44.0,16.0,78.0,80.0,34.0,49.0,12.0,-10.0,12.0,10.0,28799.0,61.0,210.0,9.0,190.0,5.265416924101583,2.401281709036623,3.283525310019471,1.5942203302989402,0.8521466107154603,3.6652211602911704,1.8059729957943618,2.454822569179664,0.646886032050112,8.579402884009694,0.8114564304148055,0.49613893835683387,886.6722931188363,3.058657322320468,9.299131473091784,0.5615911461059686,7.265090395964696,16.0,8.0,13.0,5.0,3.0,12.0,6.0,7.0,2.0,23.0,3.0,2370.0,10.0,28.0,2.0,21.0,1.587306883612557,1.7218881531702264,2.469607357706677,0.549806887123892,1.2903604348824895,1.06356216800165,1.1769122257436158,0.9525726060822536,1.1139338300603403,0.8343326854537397,1.8370107743745083,0.5038911092686594,0.046219548536176144,1.525024992615398,0.7951281122722531,1.4028085797138383,0.754786180819007,-16.0,0.0,3.730769230769231,1.3846153846153846,1.6923076923076923,1.6923076923076923,0.6153846153846154,3.076923076923077,1.3076923076923077,1.8846153846153846,0.46153846153846156,-0.38461538461538464,0.46153846153846156,0.38461538461538464,1107.6538461538462,2.3461538461538463,8.076923076923077,0.34615384615384615,7.3076923076923075,2.0,13.0,7.0,243.0,-1.0,,-1.0,,-1.0,-1.0,1.0,25.0,94.0,27.0,40.0,39.0,15.0,78.0,73.0,37.0,52.0,11.0,11.0,10.0,28800.0,67.0,195.0,11.0,172.0,4.587608728537542,1.9283312833798916,2.26681749121131,1.5556349186104046,0.856648208920181,0.0,2.939649377313298,1.747525723371806,2.4819347291981715,0.5777942140988899,7.238784428341543,0.8086075400626399,0.49613893835683387,903.0027583227317,3.151800462251085,8.04114419718985,0.8086075400626399,6.481215460556288,16.0,7.0,9.0,5.0,3.0,3.0,9.0,5.0,7.0,2.0,15.0,3.0,1.0,2368.0,12.0,27.0,3.0,21.0,1.5854588616146807,2.116814558987154,2.07748592702506,0.7251696140643407,1.3961586086732949,0.6956754275058339,0.748089008596563,0.731258176769785,0.9969585231271588,-0.03358709924285854,1.990349687539653,0.5038911092686594,0.07288300748940456,1.6361708374696062,0.8063424443851115,1.990349687539653,0.8504597517902726,-16.0,3.6153846153846154,1.0384615384615385,1.5384615384615385,1.5,0.5769230769230769,2.8076923076923075,1.4230769230769231,2.0,0.4230769230769231,0.4230769230769231,0.38461538461538464,1107.6923076923076,2.576923076923077,7.5,0.4230769230769231,6.615384615384615,2.0,26.0,20.0,243.0,-1.0,,-1.0,-1.0,-1.0,1.0,1.0,19.0,100.0,37.0,56.0,46.0,24.0,78.0,85.0,43.0,57.0,10.0,10.0,10.0,28799.0,63.0,227.0,10.0,185.0,4.7471448909196585,2.24807610054601,3.684478879758251,1.6323649667324351,1.0926326710501357,3.5839385296926323,2.924958908324118,3.6002136688727884,0.7524319545007682,8.708616422830895,0.6373020054525531,0.49613893835683387,913.3987493885764,2.75931987160716,9.408752063085485,0.7524319545007683,7.179565017893066,16.0,8.0,13.0,5.0,3.0,3.0,12.0,11.0,14.0,3.0,23.0,2.0,1.0,2620.0,10.0,28.0,3.0,21.0,1.314078543748153,1.757024104095002,1.9001384385903322,0.2833135610386619,0.7607182075303053,0.9085029382888674,2.1683670307901752,2.1487020109477033,2.2571736288688653,0.9333776888751634,1.4740169203247189,0.5038911092686594,0.015505877004439467,1.2157771773374584,0.6820188410198,2.2571736288688653,0.684390324465169,-15.0,3.8461538461538463,1.4230769230769231,2.1538461538461537,1.7692307692307692,0.9230769230769231,3.269230769230769,1.6538461538461537,2.1923076923076925,0.38461538461538464,0.38461538461538464,0.38461538461538464,1107.6538461538462,2.423076923076923,8.73076923076923,0.38461538461538464,7.115384615384615,2.0,26.0,19.0,230.0,21
22,Atlanta Hawks,24,0.0,0.9635916839240928,72.0,13.0,46.0,51.0,31.0,72.0,71.0,31.0,46.0,4.0,-190.0,16.0,10.0,28801.0,59.0,188.0,8.0,160.0,2.7186953392806052,1.0206207261596576,2.1852602405298507,1.5126280039259055,1.3666578295932037,2.773777312566772,1.5736738147920994,2.30154327555998,0.4815434123430768,9.263845884928687,1.090140264874869,0.5036101551853348,645.626320726233,2.2837643727287036,6.9823794789746145,0.8681147322824311,5.147111192036597,9.0,4.0,9.0,5.0,5.0,10.0,5.0,7.0,2.0,11.0,4.0,2130.0,8.0,23.0,3.0,18.0,0.8497312642683894,2.1527626216890323,1.5338725091831855,0.18115682673703307,1.3158687265506848,1.047077674170068,0.9318636498669913,1.0678289418581772,3.0677872221004248,-0.3063847500697594,1.8386942069610845,0.36102961774325276,-0.46386320303129525,1.0980368029457748,0.8216089127902765,2.7388342683359106,0.6706982258860811,-28.0,0.0,3.0,0.5416666666666666,1.9166666666666667,2.125,1.2916666666666667,2.9583333333333335,1.2916666666666667,1.9166666666666667,0.16666666666666666,-7.916666666666667,0.6666666666666666,0.4166666666666667,1200.0416666666667,2.4583333333333335,7.833333333333333,0.3333333333333333,6.666666666666667,2.0,12.0,8.0,256.0,-2.0,0.0,-1.0,,-1.0,-1.0,2.0,22.0,168.0,35.0,103.0,85.0,56.0,147.0,149.0,82.0,111.0,12.0,27.0,20.0,57600.0,133.0,414.0,12.0,323.0,3.3726843908080104,1.1547005383792515,2.074095163751972,1.4545261285048823,1.2583057392117916,0.0,2.6454298931795357,2.1349058829961804,2.942331205892713,0.5601566836199329,12.516655570345725,0.9587584091286135,0.49658699082414787,610.2442858686792,2.669269563007828,7.331613125391174,0.6931393632385542,4.7649692520297675,17.0,5.0,9.0,5.0,5.0,3.0,10.0,9.0,13.0,2.0,25.0,4.0,1.0,2156.0,12.0,28.0,3.0,18.0,1.6775770132225378,2.1161192545929595,0.8513580579007112,0.5275375601080868,1.289527918513269,0.9677216619606195,1.4241403841546658,1.6109886981263213,2.2508961515745183,-0.01375668128750554,1.9189869791426826,0.38561091055633007,-0.4443020298369991,1.4712682827399775,0.9049808819496656,3.152667848337425,0.5934109122291972,-28.0,3.4285714285714284,0.7142857142857143,2.1020408163265305,1.7346938775510203,1.1428571428571428,3.0408163265306123,1.6734693877551021,2.2653061224489797,0.24489795918367346,0.5510204081632653,0.40816326530612246,1175.5102040816328,2.7142857142857144,8.448979591836734,0.24489795918367346,6.591836734693878,3.0,37.0,21.0,256.0,0.0,,,,,0.0,,,0.0,0.0,0.0,0.0,0.0,0.0,0.0,0.0,0.0,0.0,0.0,0.0,0.0,0.0,0.0,0.0,0.0,,,,,,,,,,,,,,,,,,,,,,,,,,,,,,,,,,,,,,,,,,,,,,,,,,,,,,,,,,,,,,,,,,,,,,,,,,22
23,Washington Wizards,26,1.0,0.3952949204712769,87.0,22.0,49.0,34.0,32.0,72.0,68.0,44.0,56.0,9.0,-25.0,17.0,10.0,28799.0,65.0,195.0,3.0,156.0,3.727833034141253,1.2481870911416901,2.2161299339294103,1.282547284209001,1.5788456616111677,2.6154501926331784,2.49637418228338,3.265986323710904,0.7109393663377318,9.679557871086374,0.954584665735822,0.5036101551853348,715.2321288843265,2.7894080198940556,7.914282631118085,0.3378319623460881,4.836455763038269,17.0,5.0,8.0,4.0,5.0,9.0,9.0,13.0,2.0,23.0,3.0,2239.0,12.0,28.0,1.0,17.0,2.376675641071351,1.7798329255252756,0.9887086964159811,0.6063973543210006,1.1301644125766752,1.057188211906637,1.3225100383042783,1.7179104199015423,1.6705830914605295,1.1587581501932664,0.9779017019466739,0.36102961774325276,-0.08543082624723056,2.13769212032614,1.1777114750062259,2.4218603014940343,0.578572985393317,-14.0,0.0,3.625,0.9166666666666666,2.0416666666666665,1.4166666666666667,1.3333333333333333,2.8333333333333335,1.8333333333333333,2.3333333333333335,0.375,-1.0416666666666667,0.7083333333333334,0.4166666666666667,1199.9583333333333,2.7083333333333335,8.125,0.125,6.5,2.0,12.0,8.0,268.0,0.0,,,,,,,,0.0,0.0,0.0,0.0,0.0,0.0,0.0,0.0,0.0,0.0,0.0,0.0,0.0,0.0,0.0,0.0,0.0,,,,,,,,,,,,,,,,,,,,,,,,,,,,,,,,,,,,,,,,,,,,,,,,,,,,,,,,,,,,,,,,,,,,,,,,,,,0.0,1.4142135623730951,1.0,-1.0,0.0,2.0,2.0,16.0,164.0,35.0,101.0,80.0,65.0,144.0,144.0,69.0,91.0,12.0,41.0,20.0,57600.0,129.0,395.0,12.0,311.0,3.3759684715007894,1.0465664902144136,2.3085371930361456,1.35792917017261,1.508692308679773,2.6896175477549753,1.9990024107784043,2.659703897559846,0.564932682866032,9.141907245488023,1.0913505849591965,0.4982237954520137,756.100803816472,2.6429854975813867,7.6276082621892956,0.6995439243733446,5.140533887883851,17.0,5.0,9.0,5.0,5.0,3.0,9.0,9.0,13.0,2.0,23.0,4.0,1.0,2453.0,12.0,28.0,3.0,17.0,1.8597014128595337,1.8550757026595759,1.0911741410652882,0.4295346213816893,0.9904867770583959,0.7120304207061042,1.6467086587049573,1.957582260238379,2.2165011000795967,0.8417703566641068,1.0186583651644021,0.3490661125899819,-0.20409027086639542,1.6020994934662605,0.8817316290901261,3.113019334369225,0.4563882707105064,-16.0,3.4166666666666665,0.7291666666666666,2.1041666666666665,1.6666666666666667,1.3541666666666667,3.0,1.4375,1.8958333333333333,0.25,0.8541666666666666,0.4166666666666667,1200.0,2.6875,8.229166666666666,0.25,6.479166666666667,3.0,36.0,22.0,268.0,23
24,Charlotte Bobcats,39,1.0,0.9982217575313757,78.0,15.0,55.0,45.0,35.0,78.0,83.0,27.0,34.0,7.0,100.0,14.0,10.0,28801.0,63.0,212.0,7.0,151.0,2.8284271247461903,0.9021342216356465,2.997691419434937,1.4576060457528928,1.440619524851935,2.7132155206578155,1.310901040682148,1.6677944901990958,0.603833904824319,14.616955381179235,0.8593378488473196,0.49613893835683387,723.2071657660649,2.335347116350406,6.839253220592481,0.4523443208612048,4.72456754227712,11.0,4.0,10.0,5.0,5.0,10.0,4.0,6.0,2.0,30.0,3.0,2392.0,9.0,22.0,1.0,16.0,1.3328962825366422,2.4076491415789065,1.6170064710901169,0.6773627387512877,1.0731216283545078,0.7563890845918417,0.9625914478263147,1.0933972726369687,2.190643485829828,-0.004560223657587677,1.5103683241784804,0.5038911092686594,-0.37428454637509,1.217929321633779,0.45163366459834575,1.105352663758583,0.47053374100076634,-24.0,0.0,3.0,0.5769230769230769,2.1153846153846154,1.7307692307692308,1.3461538461538463,3.1923076923076925,1.0384615384615385,1.3076923076923077,0.2692307692307692,3.8461538461538463,0.5384615384615384,0.38461538461538464,1107.7307692307693,2.423076923076923,8.153846153846153,0.2692307692307692,5.8076923076923075,2.0,13.0,9.0,280.0,-1.0,,-1.0,,-1.0,-1.0,1.0,24.0,85.0,24.0,43.0,36.0,24.0,78.0,72.0,38.0,47.0,8.0,12.0,10.0,28801.0,61.0,194.0,8.0,157.0,3.37707201353708,1.2624761993186857,2.7559725353102884,1.2985198674467195,1.2937720641002237,0.0,2.5970397348934386,2.249102385055322,2.5925929995929677,0.5491251783869153,10.73312629199899,0.6468860320501119,0.49613893835683387,811.2285772921123,2.4810047592426367,7.066715045794724,0.5491251783869153,6.049666233641451,11.0,4.0,10.0,5.0,5.0,3.0,8.0,9.0,10.0,2.0,18.0,2.0,1.0,2403.0,9.0,21.0,2.0,22.0,1.0173468518805726,1.1889057803824492,2.1555556674940815,0.8684789925431355,1.954357121489794,0.6012952248129354,2.1571190092337567,1.8255433160705845,1.6445452877294522,-0.7014886866913402,1.1139338300603405,0.5038911092686594,-0.18638255585999583,1.2204704527346013,0.5676425059370912,1.6445452877294522,1.1843650483675185,-24.0,3.269230769230769,0.9230769230769231,1.6538461538461537,1.3846153846153846,0.9230769230769231,2.769230769230769,1.4615384615384615,1.8076923076923077,0.3076923076923077,0.46153846153846156,0.38461538461538464,1107.7307692307693,2.3461538461538463,7.461538461538462,0.3076923076923077,6.038461538461538,2.0,26.0,23.0,280.0,-1.0,,-1.0,-1.0,-1.0,1.0,1.0,15.0,70.0,16.0,49.0,46.0,35.0,75.0,77.0,43.0,51.0,6.0,18.0,10.0,28800.0,54.0,210.0,6.0,153.0,2.533114025595111,0.8602325267042626,2.745906043549196,1.518771433319269,1.6072751268321592,2.8124722220850464,2.3007245235649862,2.7459060435491964,0.5972157622389639,16.09606577190008,0.9363047936792092,0.5,655.8830561413622,2.1150256105620406,7.404953297174354,0.4358898943540673,4.772490614623215,8.0,3.0,10.0,5.0,7.0,3.0,10.0,8.0,10.0,2.0,30.0,3.0,1.0,2183.0,7.0,25.0,1.0,15.0,0.8960923140841125,1.6610708426848908,1.7646761389574264,0.9136728448348417,1.9633727740337643,0.8518329855392959,1.4215713035769788,1.4509181368372719,2.4432760053471,0.3169469184087005,1.2813161251044274,0.434782608695652,-0.22306864426288406,0.9208303916558972,0.6252087866325517,1.2966976262249144,0.4267133258742095,-26.0,2.8,0.64,1.96,1.84,1.4,3.08,1.72,2.04,0.24,0.72,0.4,1152.0,2.16,8.4,0.24,6.12,2.0,25.0,23.0,180.0,24
25,Indiana Pacers,26,0.0,0.6093619457059186,140.0,33.0,70.0,48.0,33.0,117.0,109.0,75.0,92.0,15.0,235.0,12.0,15.0,43200.0,107.0,325.0,14.0,235.0,3.8437779436242194,1.2039072690828836,2.493987371549161,1.2022246585204681,1.089144075783257,2.9751557869824423,2.2405898587157265,2.7955526662632475,0.7113879915305903,8.18048763019334,0.467571900119518,0.4928640580901442,705.8324370201454,2.9887327777394455,7.699396194143148,0.6683514473837646,6.110763495613723,16.0,4.0,10.0,5.0,4.0,13.0,9.0,10.0,3.0,25.0,1.0,2403.0,12.0,29.0,2.0,24.0,1.2717268946194997,1.4555129177402453,2.0273489481145237,1.1572912661088641,1.222621969456664,1.4170263704224513,1.3440694068847463,1.2853419599004845,2.048830639349975,0.2455105071448283,0.8670439889603677,0.49353009060107716,-0.22373685530091314,1.2964321171525826,0.7600787201165153,1.6645693752036463,1.4711079227143242,-10.0,0.0,3.58974358974359,0.8461538461538461,1.794871794871795,1.2307692307692308,0.8461538461538461,2.7948717948717947,1.9230769230769231,2.358974358974359,0.38461538461538464,6.0256410256410255,0.3076923076923077,0.38461538461538464,1107.6923076923076,2.7435897435897436,8.333333333333334,0.358974358974359,6.0256410256410255,3.0,13.0,9.0,293.0,1.0,,1.0,,1.0,1.0,1.0,27.0,88.0,23.0,36.0,41.0,27.0,78.0,64.0,34.0,41.0,17.0,13.0,10.0,28800.0,65.0,182.0,15.0,165.0,3.753152521035329,1.3061982415214954,2.299163727565709,1.527693082345454,1.112861868545031,0.0,3.0754611911811764,1.6677944901990958,2.0429993034375107,0.8458041235325204,10.943491216243562,0.8124038404635961,0.4961389383568338,727.8496970793225,2.7604347483684526,7.4833147735478835,1.2057554287027508,6.869889709113576,16.0,5.0,10.0,5.0,4.0,3.0,13.0,4.0,6.0,3.0,20.0,3.0,1.0,2205.0,12.0,29.0,5.0,24.0,1.8378317151139756,1.8628667087179496,2.8239502998172488,0.8632107950374132,0.8623058766917542,1.8859806340158036,0.6450281150375808,0.8100807808796513,1.1924772207602679,-0.5320646926584577,1.6971705574423153,0.5038911092686594,-0.43078428437516914,1.9653414570296397,1.1812946892529157,2.5486228797842303,1.1211538949583406,-21.0,3.3846153846153846,0.8846153846153846,1.3846153846153846,1.5769230769230769,1.0384615384615385,2.4615384615384617,1.3076923076923077,1.5769230769230769,0.6538461538461539,0.5,0.38461538461538464,1107.6923076923076,2.5,7.0,0.5769230769230769,6.346153846153846,2.0,26.0,24.0,293.0,-2.0,0.0,-1.0,-1.0,-1.0,2.0,2.0,21.0,164.0,40.0,96.0,77.0,44.0,153.0,149.0,84.0,108.0,14.0,18.0,20.0,57601.0,124.0,410.0,14.0,319.0,3.1894433714376937,1.205217415907953,2.354969713805504,1.3765543798863573,1.1492538073574046,2.5987930833746806,2.095934439926638,2.6656860942243696,0.5321064319306438,12.709051892253802,0.6268502025768105,0.4930894998901932,688.8810711553035,2.4839879384633434,6.8904594456791495,0.5321064319306438,5.421598056864422,11.0,4.0,10.0,5.0,5.0,3.0,10.0,9.0,10.0,2.0,25.0,2.0,1.0,2403.0,9.0,25.0,2.0,22.0,0.89654647442148,1.5755903266497424,1.590587529385247,0.7209348812427946,1.9243750273512137,0.8082435121629201,1.588944579205799,1.4050257038349527,1.8357638528968627,-0.37126848557261827,1.6019057683438938,0.45527190493482306,-0.3375522751055148,1.0955827889425451,0.5783115848325019,1.8357638528968625,1.0609623403774138,-28.0,3.215686274509804,0.7843137254901961,1.8823529411764706,1.5098039215686274,0.8627450980392157,2.9215686274509802,1.6470588235294117,2.1176470588235294,0.27450980392156865,0.35294117647058826,0.39215686274509803,1129.4313725490197,2.4313725490196076,8.03921568627451,0.27450980392156865,6.254901960784314,3.0,38.0,24.0,293.0,25
26,Cleveland Cavaliers,12,1.0,0.5330092771223843,86.0,18.0,43.0,40.0,20.0,78.0,72.0,40.0,52.0,9.0,-5.0,10.0,10.0,28800.0,68.0,195.0,10.0,157.0,3.171992821798067,1.049542024665264,1.853479057174538,1.6057588668481761,1.0318020084373671,2.8327752089806535,2.139733987780149,2.497999199359359,0.8458041235325205,6.254721293673961,0.6373020054525532,0.49613893835683387,855.6121910880312,2.6992876553183147,7.941032678436729,0.8038369524685003,5.653181541261658,13.0,4.0,7.0,5.0,3.0,9.0,9.0,10.0,4.0,15.0,2.0,2416.0,12.0,27.0,3.0,19.0,1.201696824189243,1.8057889556661708,1.2472157711953173,0.6469108392769244,0.9761809196818911,0.9058758456729831,1.9331490525483956,1.501201441922692,3.5342075412724343,0.664348514180463,1.4740169203247186,0.5038911092686594,0.06304873654371225,1.7795141613173726,1.1352509657746945,2.159286507523803,0.8113738193783124,-13.0,0.0,3.3076923076923075,0.6923076923076923,1.6538461538461537,1.5384615384615385,0.7692307692307693,2.769230769230769,1.5384615384615385,2.0,0.34615384615384615,-0.19230769230769232,0.38461538461538464,0.38461538461538464,1107.6923076923076,2.6153846153846154,7.5,0.38461538461538464,6.038461538461538,2.0,13.0,13.0,306.0,0.0,,,,,,,,0.0,0.0,0.0,0.0,0.0,0.0,0.0,0.0,0.0,0.0,0.0,0.0,0.0,0.0,0.0,0.0,0.0,,,,,,,,,,,,,,,,,,,,,,,,,,,,,,,,,,,,,,,,,,,,,,,,,,,,,,,,,,,,,,,,,,,,,,,,,,,0.0,1.4142135623730951,1.0,-1.0,0.0,2.0,2.0,17.0,175.0,44.0,82.0,78.0,36.0,156.0,146.0,71.0,96.0,19.0,23.0,20.0,57600.0,131.0,391.0,19.0,334.0,3.6996494065685974,1.5388385661693091,2.208239062844578,1.488518147188607,0.9809651417616392,3.0165456255976335,1.8685093791979823,2.379525536696095,0.7417215310091747,6.3276548330542255,0.7518203148505772,0.49125075078907465,868.2723558084967,2.638258372453124,8.144504666302723,0.6868183580930075,6.344199616837457,16.0,7.0,9.0,5.0,3.0,3.0,10.0,9.0,10.0,4.0,15.0,3.0,1.0,2416.0,12.0,27.0,3.0,21.0,1.5927925211385763,2.383533069745937,1.9157005448045639,0.5193738125349076,1.1841706138077508,0.8692783493268079,1.710766250309124,1.279643362809842,2.8838676527659874,0.05263959861367653,1.6435093928150748,0.4885488716597348,0.012807855259624431,1.4133870510806632,0.9000148215703064,2.019949107575445,0.7804555712241721,-16.0,3.3653846153846154,0.8461538461538461,1.5769230769230769,1.5,0.6923076923076923,2.8076923076923075,1.3653846153846154,1.8461538461538463,0.36538461538461536,0.4423076923076923,0.38461538461538464,1107.6923076923076,2.519230769230769,7.519230769230769,0.36538461538461536,6.423076923076923,3.0,39.0,25.0,306.0,26
27,Orlando Magic,26,0.0,0.45724857473224645,37.0,6.0,28.0,15.0,12.0,36.0,45.0,20.0,24.0,4.0,105.0,7.0,5.0,14400.0,31.0,119.0,4.0,78.0,3.579190699111471,1.4459976109624422,2.6742316936860857,1.2880570286640687,1.4770978917519928,3.250874008352495,2.309401076758503,2.412090756622109,0.6513389472789296,10.375889885166039,0.6685579234215215,0.5149286505444373,758.0919829054088,2.778434265858556,8.887768237438701,0.6513389472789296,5.351295510095067,11.0,5.0,8.0,4.0,4.0,10.0,8.0,8.0,2.0,28.0,2.0,2011.0,8.0,26.0,2.0,16.0,1.2175973219686487,3.247344351272933,0.9063271590422751,0.9763032370388265,1.218605760695394,0.5346453020521282,2.0823974481907648,1.49248115565993,1.930090104997972,0.3395971415379713,0.735202450691636,0.38840332498208935,-0.584780781164222,0.8545419077681081,0.5948522559369976,1.9300901049979717,0.5723580648983315,-7.0,0.0,3.0833333333333335,0.5,2.3333333333333335,1.25,1.0,3.75,1.6666666666666667,2.0,0.3333333333333333,8.75,0.5833333333333334,0.4166666666666667,1200.0,2.5833333333333335,9.916666666666666,0.3333333333333333,6.5,1.0,12.0,15.0,319.0,1.0,,1.0,,1.0,1.0,1.0,27.0,71.0,15.0,49.0,36.0,29.0,75.0,80.0,37.0,44.0,8.0,13.0,10.0,28800.0,56.0,217.0,8.0,157.0,3.077878056930348,1.3228756555322954,2.207562758639793,1.3564659966250534,1.4047538337136984,0.0,2.516611478423583,2.1236760581595298,2.203784623475413,0.6271629240742259,12.479983974348688,0.8225975119502045,0.5,650.854886540259,2.2781571499789037,7.075309180523491,0.7483314773547882,4.439594576084622,11.0,5.0,8.0,4.0,4.0,3.0,10.0,8.0,8.0,2.0,28.0,3.0,1.0,2011.0,8.0,26.0,3.0,16.0,1.0488219712757703,2.4649856935384387,1.0904938495971128,0.7363387862319827,0.8686092248879269,0.8285904647886868,1.8033589909340684,1.3213628110796922,1.857683167558082,0.409896362480004,1.639541552051347,0.434782608695652,-0.6703762683939836,0.9191978871416396,0.7564977272266927,2.623849692533079,0.3380252030521944,-20.0,2.84,0.6,1.96,1.44,1.16,3.2,1.48,1.76,0.32,0.52,0.4,1152.0,2.24,8.68,0.32,6.28,2.0,25.0,27.0,319.0,0.0,,,,,0.0,,,0.0,0.0,0.0,0.0,0.0,0.0,0.0,0.0,0.0,0.0,0.0,0.0,0.0,0.0,0.0,0.0,0.0,,,,,,,,,,,,,,,,,,,,,,,,,,,,,,,,,,,,,,,,,,,,,,,,,,,,,,,,,,,,,,,,,,,,,,,,,,27
28,San Antonio Spurs,26,1.0,0.7160054630758594,77.0,23.0,36.0,46.0,30.0,78.0,66.0,32.0,38.0,11.0,-160.0,14.0,10.0,28800.0,54.0,178.0,14.0,166.0,2.7200113121936713,1.3364706678987932,1.7905736081361876,1.5312136965869216,1.120439474217423,2.1209576936991312,1.8827148973265668,2.0828973902863144,0.6433087546786176,10.344824049513099,0.9891721480417545,0.4961389383568338,627.6215910391081,1.7417939470115729,5.856226141072817,1.2403473458920844,5.477787312971712,8.0,5.0,7.0,4.0,4.0,8.0,6.0,6.0,2.0,14.0,3.0,1888.0,6.0,21.0,5.0,20.0,0.5606040071122592,1.751692220075804,1.766555576566809,0.42124304713138083,0.7831310843497526,0.5008320086759207,1.3138071563931064,1.0226820840554334,1.2857551532648122,0.06602963729534286,1.630866326314836,0.5038911092686594,-0.8186345970117535,0.4139957748290457,0.4884371402808497,2.6299084774949875,0.7294730607400439,-21.0,0.0,2.9615384615384617,0.8846153846153846,1.3846153846153846,1.7692307692307692,1.1538461538461537,2.5384615384615383,1.2307692307692308,1.4615384615384615,0.4230769230769231,-6.153846153846154,0.5384615384615384,0.38461538461538464,1107.6923076923076,2.076923076923077,6.846153846153846,0.5384615384615384,6.384615384615385,2.0,13.0,15.0,331.0,0.0,,,,,,,,0.0,0.0,0.0,0.0,0.0,0.0,0.0,0.0,0.0,0.0,0.0,0.0,0.0,0.0,0.0,0.0,0.0,,,,,,,,,,,,,,,,,,,,,,,,,,,,,,,,,,,,,,,,,,,,,,,,,,,,,,,,,,,,,,,,,,,,,,,,,,,2.0,0.0,1.0,1.0,1.0,2.0,2.0,24.0,159.0,38.0,85.0,77.0,56.0,153.0,144.0,71.0,85.0,25.0,26.0,20.0,57600.0,121.0,399.0,23.0,322.0,3.4155354416169037,1.3090933848263377,2.250925735484551,1.4334929231720375,1.2530746499835406,2.8121584759962674,1.887627414216577,2.103964511741267,0.7582228965049219,11.603447763488228,0.8092601317155775,0.49308949989019313,684.6289557554688,2.5136490153856053,7.262798034787808,1.006254947619063,5.74974850259881,16.0,5.0,10.0,5.0,4.0,3.0,13.0,8.0,8.0,3.0,28.0,3.0,1.0,2205.0,12.0,29.0,5.0,24.0,1.57253814253405,2.0540449279248345,1.9023083790440027,0.8063333765279599,0.8872221550105021,1.3783966482483025,1.4277922883641516,1.0643844435789858,1.4670387164223637,0.019986382575565058,1.6167194217120169,0.45527190493482306,-0.5246778651574242,1.595433008990966,0.9220674620991508,2.775004056186644,0.9975000845857119,-21.0,3.1176470588235294,0.7450980392156863,1.6666666666666667,1.5098039215686274,1.0980392156862746,2.823529411764706,1.392156862745098,1.6666666666666667,0.49019607843137253,0.5098039215686274,0.39215686274509803,1129.4117647058824,2.372549019607843,7.823529411764706,0.45098039215686275,6.313725490196078,3.0,38.0,27.0,331.0,28
29,Phoenix Suns,13,0.0,0.7446209317404047,87.0,21.0,47.0,30.0,31.0,78.0,82.0,28.0,34.0,7.0,45.0,11.0,10.0,28799.0,66.0,205.0,5.0,171.0,2.4970752122001882,1.0205579167977001,1.8551383941739927,1.120439474217423,1.3570329625836144,2.6029568984876827,1.7417939470115729,1.9548755616505267,0.533493565673837,9.701784134096954,0.9868364372306861,0.4961389383568338,690.3382905392222,2.0244657414887364,6.470406003192831,0.4914656259988704,4.85116956556315,8.0,3.0,8.0,4.0,4.0,8.0,7.0,8.0,2.0,21.0,4.0,2185.0,6.0,21.0,2.0,15.0,0.27285808089806285,0.9053176539604192,1.810988036359188,0.5982858982392665,0.9754560265806044,0.42195078604384717,2.03766274826195,1.9318723515682865,1.9250973078369276,0.2339500036178694,2.801490550900838,0.5038911092686594,-0.4106002406496838,0.2529121641917699,0.36749664484655276,2.6762535457705545,0.12287028514916175,-16.0,0.0,3.3461538461538463,0.8076923076923077,1.8076923076923077,1.1538461538461537,1.1923076923076923,3.1538461538461537,1.0769230769230769,1.3076923076923077,0.2692307692307692,1.7307692307692308,0.4230769230769231,0.38461538461538464,1107.6538461538462,2.5384615384615383,7.884615384615385,0.19230769230769232,6.576923076923077,2.0,14.0,22.0,347.0,-1.0,,-1.0,,-1.0,-1.0,1.0,30.0,81.0,21.0,36.0,34.0,31.0,78.0,78.0,29.0,35.0,8.0,19.0,10.0,28799.0,60.0,200.0,8.0,169.0,3.011005454354715,1.0590271297461937,1.5251733823253821,1.225372784722454,1.3570329625836144,0.0,3.2619012860600183,2.0654669801654655,2.189836664088127,0.5491251783869153,7.299315036357864,1.313246124919234,0.49613893835683387,785.9887501641581,2.54195563720897,8.317544016206854,0.7358929688062399,6.8949256703752795,12.0,3.0,6.0,4.0,4.0,3.0,11.0,7.0,8.0,2.0,13.0,5.0,1.0,2390.0,10.0,28.0,3.0,26.0,1.1469040880097372,0.8522976273799859,1.2631923189282894,0.4849644961035814,0.9754560265806045,1.1611614370885397,2.0754984046963125,1.9206029995516678,1.6445452877294524,-0.47132029487412397,2.264037276621784,0.5038911092686593,-0.033125970474328505,1.5094302613863186,1.2235360106183697,2.6907630868871624,1.2377939478202014,-16.0,3.1153846153846154,0.8076923076923077,1.3846153846153846,1.3076923076923077,1.1923076923076923,3.0,1.1153846153846154,1.3461538461538463,0.3076923076923077,0.7307692307692307,0.38461538461538464,1107.6538461538462,2.3076923076923075,7.6923076923076925,0.3076923076923077,6.5,2.0,26.0,28.0,347.0,-1.0,,-1.0,-1.0,-1.0,1.0,1.0,3.0,71.0,12.0,52.0,32.0,24.0,75.0,80.0,29.0,32.0,4.0,12.0,10.0,28799.0,59.0,210.0,4.0,168.0,2.853068523537421,1.0456258094238746,2.59679289380831,1.2423096769056148,1.171893055416463,2.7838821814150108,1.4047538337136984,1.514375558880073,0.4725815626252608,12.332207155790618,0.8717797887081346,0.5,763.5035734472149,2.196208854670551,6.800735254367722,0.4725815626252608,5.6014878975738815,9.0,4.0,10.0,4.0,4.0,3.0,10.0,4.0,4.0,2.0,21.0,4.0,1.0,2138.0,8.0,22.0,2.0,18.0,0.8656158590623899,2.43439533820691,1.7513423500735603,0.4095437527453951,1.433966931362504,0.49372565494036275,0.9666375321387314,0.8113596580363261,3.143159210967551,-0.2748508460134466,2.9372563638576503,0.434782608695652,-0.4142967650277999,0.7816037183397047,0.10315467200705121,3.143159210967551,0.308218772702484,-25.0,2.84,0.48,2.08,1.28,0.96,3.2,1.16,1.28,0.16,0.48,0.4,1151.96,2.36,8.4,0.16,6.72,2.0,25.0,28.0,27.0,29
30,Oklahoma City Thunder,13,0.0,0.9048075123941893,38.0,14.0,17.0,26.0,14.0,39.0,36.0,28.0,33.0,4.0,-20.0,4.0,5.0,14400.0,24.0,108.0,4.0,78.0,3.5463957868409266,1.7541160386140584,2.213015114597254,1.6832508230603465,1.6052797503622465,2.554533426213293,3.131723536280351,3.619746414124075,0.48038446141526137,4.2937043954955065,0.48038446141526137,0.5063696835418333,936.4688448826784,1.9513309067639728,7.016464154456234,0.6304251719561152,5.180090089306684,11.0,6.0,8.0,5.0,5.0,6.0,11.0,12.0,1.0,6.0,1.0,2535.0,5.0,16.0,2.0,12.0,1.1610655566449999,2.161798519065809,2.647678567826664,0.12390081553825763,1.8536187611364066,0.05537364654920221,2.1407061460187378,1.7878421783220637,0.9462118179391509,-0.09903145276828601,0.9462118179391509,0.5385932088581316,-0.12347318630955434,0.5717648787663027,-0.3751221686678713,2.0514014818793362,-0.24231683545869287,-9.0,0.0,2.923076923076923,1.0769230769230769,1.3076923076923077,2.0,1.0769230769230769,2.769230769230769,2.1538461538461537,2.5384615384615383,0.3076923076923077,-1.5384615384615385,0.3076923076923077,0.38461538461538464,1107.6923076923076,1.8461538461538463,8.307692307692308,0.3076923076923077,6.0,1.0,13.0,24.0,360.0,0.0,,,,,,,,0.0,0.0,0.0,0.0,0.0,0.0,0.0,0.0,0.0,0.0,0.0,0.0,0.0,0.0,0.0,0.0,0.0,,,,,,,,,,,,,,,,,,,,,,,,,,,,,,,,,,,,,,,,,,,,,,,,,,,,,,,,,,,,,,,,,,,,,,,,,,,1.0,,1.0,1.0,1.0,1.0,1.0,13.0,74.0,24.0,35.0,50.0,27.0,78.0,73.0,55.0,63.0,8.0,14.0,10.0,28800.0,50.0,220.0,8.0,157.0,3.3668062931188385,1.5472059183722617,2.448547450098653,1.5472059183722617,1.3994504415882467,2.842804682270392,2.9438331892540797,3.336741847048728,0.4706787243316417,7.177743377970544,0.8593378488473195,0.49613893835683387,922.2555294160408,2.3138379705256273,8.125174554337988,0.5491251783869153,6.062875682253558,11.0,6.0,9.0,5.0,5.0,3.0,9.0,11.0,12.0,1.0,19.0,3.0,1.0,2543.0,10.0,23.0,2.0,17.0,1.186416754795868,1.9634863735431185,2.2560284934495836,-0.0020768842538008052,1.444288186779911,0.5955500789012437,1.7120945356551565,1.5370423576150616,0.885246443332081,-0.0914014149119125,1.920083006018229,0.5038911092686593,0.010596819830131513,1.8431088203833939,0.3551406522903561,1.6445452877294522,0.5010655484906775,-20.0,2.8461538461538463,0.9230769230769231,1.3461538461538463,1.9230769230769231,1.0384615384615385,2.8076923076923075,2.1153846153846154,2.423076923076923,0.3076923076923077,0.5384615384615384,0.38461538461538464,1107.6923076923076,1.9230769230769231,8.461538461538462,0.3076923076923077,6.038461538461538,2.0,26.0,13.0,154.0,30
